1,0,14,-153
2,0,10,-181
3,0,15,-159
4,1,5,-161
5,0,27,-258
6,0,5,-114
7,0,6,-130
8,0,12,-149
9,0,7,-55
10,0,12,-196
11,0,18,-192
12,0,5,-151
13,0,10,-62
14,0,5,-153
15,0,13,-169
16,0,55,-478
17,0,20,-187
18,0,10,-135
19,0,10,-192
20,0,4,-117
21,0,9,-137
22,0,14,-180
23,0,34,-341
24,0,12,-166
25,0,16,-135
26,0,27,-207
27,0,7,-155
28,0,9,-120
29,0,16,-220
30,0,44,-447
31,1,52,-327
32,0,5,-11
33,0,16,-134
34,0,17,-223
35,0,30,-300
36,0,11,-167
37,0,4,-73
38,0,5,-88
39,0,4,-120
40,0,7,-88
41,0,7,-103
42,0,4,-118
43,0,17,-174
44,0,8,-109
45,1,46,-360
46,0,37,-353
47,0,9,-167
48,0,6,-69
49,0,6,-114
50,0,22,-259
51,0,6,-172
52,0,15,-216
53,0,4,-117
54,0,5,-154
55,0,14,-271
56,0,20,-192
57,0,19,-213
58,0,14,-148
59,0,15,-120
60,0,18,-133
61,0,4,-110
62,0,12,-142
63,0,4,-70
64,0,27,-272
65,0,38,-311
66,0,9,-94
67,0,23,-197
68,0,39,-260
69,0,9,-147
70,0,25,-421
71,1,14,-161
72,0,8,-119
73,0,6,-132
74,0,5,-111
75,0,10,-47
76,0,7,-105
77,0,5,-121
78,0,9,-167
79,0,7,-95
80,0,35,-384
81,0,12,-144
82,0,8,-126
83,0,4,-128
84,0,12,-124
85,0,34,-407
86,0,12,-154
87,0,28,-284
88,0,18,-130
89,0,4,-28
90,0,8,-159
91,0,35,-302
92,0,11,-147
93,0,38,-439
94,0,13,-104
95,0,12,-152
96,0,26,-252
97,0,15,-175
98,0,10,-170
99,0,4,-115
100,0,34,-424
101,0,13,-166
102,0,6,-164
103,0,10,-164
104,0,5,-156
105,0,7,-155
106,1,29,-195
107,0,12,-172
108,0,34,-247
109,0,15,-147
110,0,9,-96
111,0,29,-284
112,0,6,-155
113,0,7,-167
114,0,4,-125
115,0,4,-65
116,0,15,-159
117,0,7,-148
118,0,5,-152
119,0,6,-164
120,0,5,-151
121,0,10,-152
122,0,8,-166
123,0,21,-235
124,0,18,-201
125,0,12,-159
126,0,17,-222
127,0,59,-502
128,0,29,-362
129,0,6,-87
130,0,4,-115
131,0,4,-113
132,0,5,-108
133,0,34,-297
134,0,5,-148
135,0,10,-174
136,0,14,-121
137,0,9,-125
138,0,4,-115
139,0,4,-125
140,0,7,-35
141,0,26,-211
142,0,4,-120
143,0,14,-262
144,0,7,-171
145,0,4,-117
146,0,18,-120
147,0,23,-205
148,0,6,-124
149,0,15,-76
150,0,7,-153
151,0,5,-161
152,0,7,-148
153,0,9,-169
154,0,20,-170
155,0,4,-80
156,0,12,-123
157,0,18,-122
158,0,6,-105
159,0,13,-67
160,0,15,-167
161,0,6,-172
162,0,5,-144
163,0,10,-170
164,1,5,32
165,0,5,-146
166,0,4,-107
167,0,9,-134
168,0,12,-158
169,0,7,-111
170,0,15,-142
171,0,4,-12
172,0,45,-382
173,0,6,-102
174,0,49,-385
175,0,15,-239
176,1,14,-272
177,0,7,-108
178,0,8,-115
179,0,5,-108
180,0,23,-260
181,0,6,-120
182,0,23,-265
183,0,15,-151
184,0,27,-111
185,0,9,-171
186,0,14,-196
187,0,12,-132
188,0,10,-162
189,0,23,-277
190,0,17,-294
191,0,14,-167
192,0,15,-126
193,0,6,-96
194,0,19,-223
195,0,14,-123
196,0,25,-358
197,0,41,-504
198,0,4,-117
199,0,8,-141
200,0,39,-310
201,0,29,-408
202,0,5,-101
203,0,6,-104
204,0,10,-124
205,0,5,-111
206,0,6,-112
207,0,26,-236
208,0,4,-62
209,0,5,-59
210,0,4,-109
211,0,14,-165
212,0,17,-214
213,0,21,-195
214,0,9,-118
215,0,6,-102
216,0,5,-116
217,0,6,-144
218,0,6,-156
219,0,4,-120
220,0,7,-147
221,0,8,-80
222,0,22,-213
223,0,34,-329
224,0,26,-221
225,0,4,-125
226,0,5,-95
227,0,7,-144
228,0,6,-72
229,0,4,-57
230,0,12,-200
231,0,7,-155
232,0,22,-159
233,0,29,-141
234,0,17,-178
235,0,25,-295
236,0,21,-222
237,0,66,-619
238,0,15,-136
239,0,5,-159
240,0,13,-155
241,1,39,-339
242,0,29,-271
243,0,5,-53
244,0,7,-153
245,0,9,-148
246,0,24,-153
247,0,4,-64
248,0,52,-440
249,0,12,-115
250,0,4,-115
251,0,10,-112
252,0,19,-184
253,0,17,-227
254,0,23,-283
255,1,50,-293
256,0,13,-179
257,0,13,-131
258,0,21,-191
259,0,18,-215
260,0,7,-105
261,0,6,-152
262,0,19,-221
263,0,4,-116
264,0,10,-184
265,0,19,-186
266,0,7,-69
267,0,22,-245
268,0,5,-66
269,0,8,-167
270,0,8,-178
271,0,43,-383
272,0,5,-153
273,0,11,-133
274,0,6,-102
275,0,15,-284
276,0,9,-169
277,0,6,-95
278,0,6,-142
279,0,7,-117
280,0,10,-182
281,0,8,-124
282,0,6,-97
283,0,17,-234
284,0,7,-112
285,0,16,-164
286,0,6,-145
287,0,12,-128
288,0,7,-83
289,0,8,-182
290,0,11,-51
291,0,4,-117
292,0,22,-224
293,0,7,-125
294,0,5,-154
295,0,6,-62
296,1,39,-321
297,0,8,-86
298,0,6,-162
299,0,8,-132
300,0,7,-98
301,0,4,-125
302,0,6,-94
303,0,13,-139
304,0,10,-129
305,0,15,-171
306,0,4,-128
307,1,41,-464
308,0,6,-130
309,0,7,-88
310,0,20,-231
311,0,4,-117
312,0,8,-114
313,0,18,-171
314,0,27,-224
315,0,14,-103
316,0,17,-146
317,0,9,-147
318,0,8,-159
319,0,11,-118
320,0,6,-159
321,0,10,-131
322,0,5,-111
323,0,19,-207
324,0,10,-115
325,0,16,-203
326,0,23,-263
327,0,16,-232
328,0,15,-96
329,0,18,-254
330,0,17,-223
331,0,11,-168
332,0,17,-233
333,0,22,-235
334,0,23,-240
335,0,5,-108
336,0,11,-174
337,0,15,-100
338,0,8,-125
339,0,27,-225
340,0,15,-146
341,0,12,-177
342,0,6,-164
343,0,7,-55
344,0,8,-178
345,0,4,-125
346,0,9,-158
347,0,7,-57
348,0,9,-155
349,0,6,-37
350,0,6,-84
351,0,9,-158
352,0,28,-186
353,0,7,-152
354,0,6,-96
355,0,8,-164
356,0,10,-141
357,0,17,-193
358,0,8,-176
359,0,11,-140
360,0,11,-124
361,0,17,-169
362,0,8,-108
363,0,21,-169
364,0,18,-195
365,0,23,-264
366,0,7,-140
367,0,10,-135
368,0,14,-174
369,0,4,-110
370,0,6,-135
371,0,9,-131
372,0,14,-216
373,0,9,-165
374,0,31,-235
375,0,8,-114
376,0,18,-242
377,0,13,-149
378,0,13,-146
379,0,6,-137
380,0,4,-107
381,0,13,-127
382,0,56,-303
383,0,11,-190
384,0,26,-262
385,0,8,-166
386,0,12,-132
387,0,24,-196
388,0,12,-125
389,0,19,-241
390,0,14,-187
391,0,19,-186
392,0,13,-137
393,0,20,-179
394,0,10,-105
395,0,17,-225
396,0,10,-74
397,0,11,-145
398,0,5,-109
399,0,8,-166
400,0,8,-138
401,0,10,-160
402,0,32,-222
403,0,18,-171
404,0,4,-65
405,0,7,-106
406,0,10,-131
407,0,12,-127
408,0,20,-206
409,0,7,-98
410,0,9,-100
411,0,13,-137
412,0,13,-153
413,0,4,-112
414,0,5,-114
415,0,25,-218
416,0,7,-107
417,0,12,-124
418,0,8,-91
419,0,30,-220
420,0,8,-91
421,0,37,-297
422,0,22,-190
423,0,6,-97
424,0,9,-114
425,0,12,-134
426,0,7,-145
427,0,15,-183
428,0,33,-303
429,0,17,-174
430,0,15,-175
431,0,7,-117
432,0,12,-213
433,0,9,-103
434,0,4,-70
435,0,6,-95
436,0,8,-128
437,0,13,-109
438,0,6,-104
439,0,4,-70
440,0,6,-79
441,0,21,-326
442,0,5,-140
443,0,8,-101
444,0,23,-175
445,0,8,-103
446,0,6,-87
447,0,6,-152
448,0,8,-156
449,0,8,-150
450,0,7,-78
451,0,5,-101
452,0,32,-310
453,0,22,-214
454,0,13,-197
455,0,5,-141
456,0,13,-169
457,0,17,-199
458,0,8,-159
459,0,7,-191
460,0,9,-137
461,0,6,-47
462,0,5,-146
463,0,10,-190
464,0,11,-133
465,0,4,-112
466,0,6,-150
467,0,14,-207
468,0,8,-101
469,0,8,-49
470,0,8,-109
471,0,12,-202
472,0,4,-75
473,0,6,-137
474,0,6,-156
475,0,6,-30
476,0,12,-175
477,0,15,-136
478,0,28,-228
479,0,11,-181
480,0,6,11
481,0,9,-165
482,0,43,-369
483,0,6,-172
484,0,9,-197
485,0,4,-73
486,0,25,-221
487,0,10,-139
488,0,7,-153
489,0,17,-222
490,0,10,-136
491,0,6,-145
492,0,6,-121
493,0,9,-124
494,0,5,-108
495,0,20,-207
496,0,11,-115
497,0,9,-128
498,0,6,-128
499,0,11,-114
500,0,5,-103
501,0,6,-114
502,0,15,-199
503,0,7,-155
504,0,7,-146
505,0,43,-339
506,0,8,-184
507,0,8,-151
508,0,5,-159
509,0,27,-219
510,0,4,-94
511,0,14,-186
512,0,4,-70
513,0,13,-204
514,0,5,-164
515,0,6,-145
516,0,23,-258
517,0,5,-61
518,0,4,-125
519,0,10,-162
520,0,31,-310
521,0,4,-128
522,0,11,-134
523,0,19,-137
524,0,16,-141
525,0,10,-188
526,0,4,-125
527,0,16,-160
528,0,5,-71
529,0,8,-118
530,0,11,-124
531,0,5,-151
532,0,6,-112
533,0,10,-132
534,0,23,-234
535,0,5,-116
536,0,42,-439
537,0,4,-105
538,0,4,-75
539,0,9,-125
540,0,11,-154
541,0,5,-108
542,0,5,-164
543,0,23,-258
544,0,14,-150
545,0,7,-105
546,0,12,-162
547,0,13,-125
548,0,11,-177
549,0,11,-197
550,0,6,-148
551,0,4,-57
552,0,13,-181
553,0,7,-161
554,0,18,-126
555,0,10,-154
556,0,7,-57
557,0,36,-358
558,0,8,-176
559,0,8,-137
560,0,6,-119
561,0,6,-44
562,0,16,-188
563,0,4,-15
564,0,13,-170
565,0,12,-130
566,0,6,-136
567,0,9,-110
568,0,6,-124
569,0,6,-84
570,0,19,-242
571,0,5,-98
572,0,5,-114
573,0,10,-170
574,0,6,-96
575,0,12,-186
576,0,7,-148
577,0,13,-144
578,0,11,-167
579,0,8,-144
580,0,7,-39
581,0,15,-215
582,0,4,-64
583,0,6,-153
584,0,12,-126
585,0,5,-98
586,0,5,-119
587,0,7,-150
588,0,24,-215
589,0,8,-110
590,0,15,-185
591,0,6,-152
592,0,7,-106
593,0,15,-101
594,0,9,-117
595,0,42,-288
596,0,5,-164
597,0,14,-171
598,0,9,-90
599,0,10,-111
600,0,8,-115
601,0,12,-161
602,0,4,-64
603,0,4,-30
604,0,10,-162
605,0,55,-458
606,0,11,-157
607,0,7,-95
608,0,12,-155
609,1,42,-470
610,0,15,-116
611,0,22,-288
612,0,5,-104
613,0,37,-326
614,0,13,-148
615,0,11,-101
616,0,6,-153
617,0,12,-159
618,0,13,-165
619,0,19,-187
620,0,8,-150
621,0,6,-112
622,0,22,-192
623,0,6,-60
624,0,4,-49
625,0,16,-172
626,0,13,-136
627,0,16,-133
628,0,7,-133
629,0,11,-110
630,0,12,-142
631,0,4,-125
632,0,6,-104
633,0,6,-124
634,0,17,-218
635,0,4,-104
636,0,4,-72
637,0,8,-92
638,0,13,-217
639,0,7,-105
640,0,4,-125
641,0,30,-281
642,0,14,-122
643,0,5,-134
644,0,9,-189
645,0,6,-87
646,0,5,-153
647,0,16,-180
648,0,16,-183
649,0,13,-71
650,0,32,-339
651,0,6,-136
652,0,11,-145
653,0,7,-107
654,0,26,-330
655,0,23,-245
656,0,8,-76
657,0,18,-244
658,0,18,-159
659,0,35,-300
660,0,14,-139
661,0,7,-148
662,0,44,-362
663,0,5,-44
664,0,44,-419
665,0,5,-153
666,0,9,-110
667,0,7,-147
668,0,6,-122
669,0,6,-89
670,0,8,-156
671,0,8,-84
672,0,5,-92
673,0,5,-161
674,0,12,-150
675,0,6,13
676,0,23,-201
677,0,22,-50
678,0,7,-65
679,0,37,-170
680,0,8,-114
681,0,9,-172
682,0,7,-48
683,0,8,-162
684,0,22,-235
685,0,6,-129
686,0,5,-151
687,0,28,-351
688,0,15,-280
689,0,23,-295
690,0,8,-44
691,0,16,-125
692,0,6,-158
693,0,11,-141
694,0,10,-142
695,0,8,-124
696,0,4,-120
697,0,12,-135
698,0,12,-78
699,0,21,-182
700,0,17,-191
701,0,4,-118
702,0,13,-113
703,0,7,-163
704,0,9,-111
705,0,11,-183
706,0,8,-124
707,0,7,-151
708,0,20,-118
709,0,24,-196
710,0,8,-194
711,0,12,-186
712,0,7,-148
713,0,16,-187
714,0,6,-110
715,0,10,-100
716,0,32,-389
717,0,5,-180
718,0,10,-198
719,0,8,-114
720,0,7,-138
721,0,13,-176
722,0,7,-155
723,0,8,-74
724,0,22,-236
725,0,14,-159
726,0,7,-164
727,0,6,-160
728,0,6,-137
729,0,6,-136
730,0,5,-106
731,0,8,-68
732,0,6,-73
733,0,7,-107
734,0,10,-153
735,0,4,-66
736,0,10,-142
737,0,8,-116
738,0,12,-178
739,0,11,-156
740,0,4,-115
741,0,13,-197
742,0,6,-116
743,0,19,-215
744,0,7,-147
745,0,28,-188
746,0,8,-142
747,0,4,-125
748,0,8,-107
749,0,20,-153
750,0,5,-164
751,0,27,-318
752,0,5,-153
753,0,5,-154
754,0,8,-159
755,0,10,-162
756,0,14,-122
757,0,15,-196
758,0,8,-116
759,0,14,-153
760,0,23,-168
761,0,11,-95
762,0,6,-86
763,0,20,-268
764,0,11,-164
765,0,30,-280
766,0,11,-143
767,0,38,-502
768,0,6,-142
769,0,7,-97
770,0,16,-144
771,0,7,-164
772,0,8,-119
773,0,5,-106
774,0,29,-168
775,0,9,-169
776,0,5,-45
777,0,12,-85
778,0,10,-162
779,0,8,-45
780,0,7,-102
781,0,7,-140
782,0,24,-276
783,0,36,-312
784,0,7,-67
785,0,15,-108
786,0,10,-188
787,0,5,-114
788,0,31,-241
789,0,7,-138
790,0,8,-108
791,0,12,-236
792,0,12,-221
793,0,9,-69
794,0,25,-249
795,0,15,-192
796,0,13,-90
797,0,7,-103
798,0,16,-182
799,0,18,-161
800,0,8,-141
801,0,60,-465
802,0,16,-158
803,0,4,-104
804,0,6,-87
805,0,7,-143
806,0,4,-120
807,0,12,-135
808,0,19,-174
809,0,6,-79
810,0,9,-109
811,0,12,-149
812,0,11,-174
813,0,15,-212
814,0,8,-40
815,0,4,-69
816,0,7,-146
817,0,11,-66
818,0,11,-80
819,0,11,-174
820,0,26,-214
821,0,7,-87
822,1,20,-224
823,0,7,-139
824,0,5,-125
825,0,4,-123
826,0,22,-45
827,0,6,-76
828,0,20,-238
829,0,6,-77
830,0,8,-128
831,0,14,-105
832,0,4,-67
833,0,12,-176
834,0,16,-226
835,0,16,-147
836,0,15,-124
837,0,15,-154
838,0,4,-61
839,0,18,-196
840,0,20,-233
841,0,18,-216
842,0,8,-50
843,0,17,-207
844,0,8,-135
845,0,27,-232
846,0,25,-277
847,0,13,-167
848,0,16,-138
849,0,8,-114
850,0,6,-145
851,0,7,-58
852,0,12,-119
853,1,34,-326
854,0,6,-54
855,0,6,-95
856,0,7,-147
857,0,7,-183
858,0,13,-98
859,0,11,-87
860,0,10,-140
861,0,6,-134
862,0,5,-106
863,0,34,-391
864,0,6,-153
865,0,16,-132
866,0,4,-70
867,0,4,-30
868,0,6,-144
869,0,4,-77
870,0,18,-209
871,0,7,-167
872,0,20,-178
873,1,24,-47
874,0,7,-140
875,1,69,-733
876,1,18,-143
877,0,15,-179
878,1,68,-593
879,0,4,-21
880,0,7,-76
881,0,6,-3
882,0,6,-52
883,0,6,-47
884,0,21,-241
885,0,5,-109
886,0,22,-172
887,0,5,-61
888,0,15,-131
889,1,68,-552
890,0,7,-145
891,0,6,-105
892,0,23,-144
893,0,5,-145
894,0,31,-305
895,0,6,-152
896,0,18,-252
897,0,17,-267
898,0,4,-128
899,0,6,4
900,0,7,-173
901,0,12,-132
902,0,6,-95
903,0,14,-174
904,0,9,-145
905,0,9,-162
906,0,15,-191
907,0,5,-164
908,0,9,-52
909,0,10,-179
910,0,12,-153
911,0,12,-165
912,0,6,-102
913,0,19,-176
914,0,24,-221
915,0,9,-99
916,0,19,-251
917,0,11,-174
918,0,67,-528
919,0,22,-237
920,0,6,-100
921,0,13,-98
922,0,9,-108
923,0,10,-72
924,0,16,-206
925,0,6,-44
926,0,6,-112
927,0,4,-30
928,0,5,-121
929,0,6,-110
930,0,8,-186
931,0,12,-100
932,0,4,-118
933,0,4,-72
934,0,4,-54
935,0,6,-94
936,0,7,-134
937,0,14,-122
938,2,61,-472
939,0,5,-56
940,0,7,-104
941,0,6,-148
942,0,18,-210
943,0,6,-88
944,2,30,-273
945,0,48,-329
946,0,7,-147
947,0,7,-111
948,0,5,-101
949,0,21,-244
950,0,11,-120
951,0,10,-113
952,0,7,-156
953,0,4,-52
954,0,5,-66
955,0,8,-148
956,0,7,-117
957,0,22,-229
958,0,4,-70
959,0,6,-110
960,0,5,-98
961,0,7,-48
962,0,6,-95
963,0,9,-152
964,0,6,-121
965,0,14,-128
966,0,8,-81
967,0,6,-56
968,0,15,-124
969,0,32,-358
970,0,31,-310
971,0,18,-184
972,0,18,-253
973,0,7,-75
974,0,18,-175
975,0,8,-51
976,0,7,-105
977,0,28,-373
978,0,14,-146
979,0,8,-78
980,0,29,-373
981,0,14,-160
982,0,30,-264
983,0,21,-223
984,0,9,-109
985,0,23,-215
986,0,31,-403
987,0,16,-142
988,0,5,-88
989,0,4,-67
990,0,8,-112
991,1,32,-358
992,0,10,-90
993,0,9,-135
994,0,7,-121
995,0,24,-228
996,0,10,-138
997,0,5,-103
998,0,20,-313
999,0,10,-116
1000,1,21,-161
1001,0,7,-98
1002,0,4,-85
1003,0,6,-142
1004,1,16,-90
1005,0,6,-126
1006,0,6,-37
1007,0,11,-191
1008,0,5,-116
1009,0,9,-125
1010,0,6,-150
1011,0,11,-54
1012,0,7,-65
1013,0,12,-109
1014,0,10,-122
1015,0,7,-155
1016,0,20,-234
1017,0,13,-119
1018,0,10,-131
1019,0,12,-192
1020,0,6,-79
1021,0,8,-99
1022,0,20,-110
1023,0,9,-117
1024,0,5,-93
1025,0,9,-168
1026,0,11,-14
1027,0,6,-54
1028,0,6,-46
1029,0,10,-128
1030,0,21,-228
1031,0,9,-141
1032,0,21,-112
1033,0,13,-111
1034,0,17,-86
1035,0,11,-166
1036,1,36,-359
1037,0,10,-166
1038,0,42,-388
1039,0,6,-103
1040,1,21,-172
1041,0,11,-103
1042,0,7,-97
1043,0,6,-69
1044,0,6,-102
1045,0,6,-145
1046,0,20,-212
1047,0,9,-125
1048,0,18,-140
1049,0,7,-113
1050,0,19,-257
1051,0,10,-130
1052,0,14,-182
1053,0,4,-59
1054,0,4,-117
1055,0,8,-107
1056,0,6,-110
1057,0,11,-157
1058,0,28,-260
1059,0,11,-197
1060,0,29,-250
1061,0,6,-54
1062,0,13,-127
1063,0,29,-368
1064,0,19,-178
1065,0,13,-256
1066,0,21,-155
1067,0,17,-162
1068,0,5,-100
1069,0,7,-67
1070,0,4,-16
1071,0,9,-132
1072,0,10,-173
1073,0,8,-140
1074,0,13,-105
1075,0,18,-203
1076,1,15,-117
1077,0,4,-85
1078,0,6,-120
1079,0,16,-205
1080,0,21,-203
1081,0,17,-223
1082,0,9,-127
1083,0,7,-145
1084,0,16,-169
1085,0,10,-129
1086,0,10,-109
1087,0,13,-90
1088,0,6,-103
1089,0,7,-103
1090,0,6,-96
1091,0,7,-105
1092,0,5,-55
1093,0,6,-122
1094,0,5,-164
1095,0,8,-46
1096,0,13,-223
1097,0,14,-241
1098,0,9,-147
1099,0,7,-111
1100,0,9,-197
1101,0,7,-82
1102,0,8,-94
1103,0,4,-75
1104,0,51,-464
1105,0,7,-83
1106,0,30,-287
1107,0,7,-34
1108,0,22,-143
1109,0,14,-301
1110,0,27,-244
1111,0,10,-116
1112,0,7,-157
1113,0,50,-587
1114,0,8,-202
1115,0,6,-145
1116,0,12,-128
1117,0,7,-6
1118,0,6,-126
1119,0,9,-143
1120,0,23,-87
1121,0,12,-136
1122,0,15,-171
1123,0,7,-159
1124,0,9,-128
1125,0,34,-353
1126,0,15,-144
1127,0,6,-98
1128,0,21,-233
1129,0,22,-218
1130,0,12,-42
1131,0,8,-88
1132,0,13,-142
1133,0,30,-432
1134,0,6,-95
1135,1,37,-334
1136,0,7,-114
1137,0,6,-95
1138,0,9,-118
1139,0,8,-107
1140,0,12,-73
1141,0,6,-144
1142,0,8,-73
1143,0,19,-246
1144,0,21,-161
1145,0,8,-166
1146,0,9,-71
1147,0,13,-153
1148,0,6,-112
1149,0,7,11
1150,0,5,-156
1151,0,6,-100
1152,1,20,-74
1153,0,4,37
1154,0,14,-124
1155,0,36,-471
1156,0,32,-354
1157,0,7,-113
1158,0,6,-70
1159,0,7,-95
1160,0,31,-270
1161,0,8,-146
1162,0,14,-158
1163,0,6,-116
1164,0,18,-237
1165,0,7,-167
1166,0,6,-64
1167,0,23,-173
1168,3,76,-739
1169,0,6,-152
1170,0,4,-107
1171,0,6,-69
1172,1,20,-112
1173,0,6,-139
1174,0,11,-124
1175,0,5,-153
1176,0,5,-53
1177,0,19,-209
1178,0,54,-527
1179,0,13,-34
1180,0,5,-104
1181,0,7,-90
1182,0,7,-107
1183,1,29,-152
1184,0,8,-106
1185,0,4,-67
1186,0,7,-111
1187,0,6,-31
1188,0,4,-103
1189,0,9,-28
1190,0,19,-267
1191,0,5,-111
1192,0,18,-220
1193,1,32,-383
1194,0,4,-115
1195,0,6,-54
1196,0,4,-120
1197,4,82,-661
1198,0,10,-169
1199,0,12,-106
1200,0,13,-50
1201,0,12,-180
1202,0,9,-87
1203,1,23,-143
1204,0,26,-174
1205,0,7,-34
1206,0,21,-145
1207,0,7,-113
1208,0,8,-110
1209,0,11,-137
1210,0,4,-75
1211,0,5,-111
1212,0,22,-303
1213,0,6,-91
1214,0,7,-85
1215,0,8,-66
1216,0,6,-89
1217,0,43,-406
1218,0,17,-148
1219,0,6,-110
1220,0,5,-148
1221,1,24,-228
1222,0,9,-142
1223,0,5,-151
1224,0,7,-104
1225,0,7,-98
1226,0,15,-175
1227,0,4,-118
1228,0,5,-108
1229,0,5,-5
1230,0,6,-152
1231,0,14,-168
1232,0,4,-63
1233,1,17,-127
1234,0,17,-174
1235,0,4,-120
1236,0,15,-107
1237,0,7,-33
1238,0,27,-195
1239,0,22,-307
1240,0,6,-55
1241,0,20,-272
1242,0,7,-125
1243,0,6,-116
1244,0,6,-79
1245,0,8,-141
1246,1,61,-525
1247,0,12,-126
1248,0,9,-97
1249,0,16,-16
1250,0,7,9
1251,0,18,-35
1252,0,6,-135
1253,0,6,-140
1254,0,6,-64
1255,0,7,-67
1256,0,7,-139
1257,0,21,-209
1258,0,14,-175
1259,0,10,-122
1260,0,30,-180
1261,0,19,-154
1262,0,10,-111
1263,0,9,-100
1264,0,6,-145
1265,0,15,-123
1266,1,22,-226
1267,4,95,-767
1268,0,16,-258
1269,0,13,-122
1270,0,8,-164
1271,0,5,-108
1272,0,6,-62
1273,0,4,-112
1274,0,10,-194
1275,0,4,-115
1276,0,42,-446
1277,0,6,-160
1278,0,6,-133
1279,0,25,-321
1280,0,14,-26
1281,2,24,-139
1282,0,71,-772
1283,0,9,-92
1284,0,24,-307
1285,0,24,-298
1286,0,4,-109
1287,0,12,-139
1288,0,6,-87
1289,0,15,-185
1290,0,11,-182
1291,0,7,-163
1292,0,6,-95
1293,0,6,-87
1294,0,6,-122
1295,0,6,-79
1296,0,16,-189
1297,0,6,-100
1298,0,6,-140
1299,0,24,-174
1300,0,22,-210
1301,0,7,-163
1302,0,14,-207
1303,0,6,-142
1304,0,15,-137
1305,0,39,-430
1306,1,32,-281
1307,0,7,-96
1308,0,9,-81
1309,0,7,-47
1310,0,11,-132
1311,0,9,-113
1312,0,17,-108
1313,0,32,-212
1314,0,17,-202
1315,0,6,-164
1316,0,11,-165
1317,0,7,-83
1318,1,4,-12
1319,0,11,-71
1320,0,6,-39
1321,0,17,-121
1322,0,7,-114
1323,0,6,-89
1324,1,31,-326
1325,0,7,-35
1326,0,10,-128
1327,0,6,-102
1328,0,21,-247
1329,0,6,-141
1330,0,19,-163
1331,0,37,-285
1332,0,18,-230
1333,0,13,-153
1334,0,11,-177
1335,0,8,-43
1336,0,7,-48
1337,0,19,-189
1338,0,6,-74
1339,0,20,-127
1340,0,6,-84
1341,2,24,-108
1342,0,9,-94
1343,0,5,-50
1344,0,8,-38
1345,0,28,-141
1346,0,19,-261
1347,0,7,-147
1348,0,7,-46
1349,0,7,-87
1350,0,40,-463
1351,0,17,-94
1352,5,110,-617
1353,0,10,-29
1354,0,6,-54
1355,0,6,-145
1356,0,28,-255
1357,0,39,-253
1358,0,7,-73
1359,0,8,-82
1360,0,5,-97
1361,0,46,-476
1362,0,10,-160
1363,0,6,-102
1364,0,6,-87
1365,0,13,-183
1366,0,8,-182
1367,0,31,-252
1368,1,43,-166
1369,0,9,-149
1370,0,12,-134
1371,1,52,-489
1372,0,15,-94
1373,0,4,-80
1374,0,6,-66
1375,0,24,-246
1376,0,7,-74
1377,3,55,-463
1378,0,20,-223
1379,0,5,-119
1380,0,9,-175
1381,0,7,-135
1382,0,6,-76
1383,0,18,-169
1384,0,16,-132
1385,0,8,-89
1386,0,16,-203
1387,0,6,-110
1388,0,6,-100
1389,0,33,-236
1390,0,27,-270
1391,0,12,-184
1392,0,12,-112
1393,0,45,-308
1394,0,27,-224
1395,0,6,-140
1396,0,8,-112
1397,0,7,-48
1398,0,12,-90
1399,0,6,-147
1400,0,8,-128
1401,0,6,-95
1402,0,9,-95
1403,0,9,-60
1404,0,6,-127
1405,0,6,-144
1406,0,7,-98
1407,2,41,-356
1408,0,10,-100
1409,0,6,-147
1410,0,20,-215
1411,0,7,-95
1412,0,13,-124
1413,0,6,-103
1414,0,8,-76
1415,0,7,-121
1416,0,12,-69
1417,0,6,-96
1418,0,11,-83
1419,0,11,-116
1420,0,6,-106
1421,0,6,-142
1422,0,9,-58
1423,0,8,-101
1424,0,5,-59
1425,0,12,-151
1426,0,7,-110
1427,0,27,-179
1428,0,11,-140
1429,0,13,-231
1430,0,7,-62
1431,0,6,-47
1432,0,9,-114
1433,1,15,-32
1434,0,13,-101
1435,0,10,-74
1436,0,7,-66
1437,0,6,-112
1438,0,17,-171
1439,0,6,-30
1440,0,10,-119
1441,0,12,-102
1442,0,34,-402
1443,0,70,-678
1444,0,9,-155
1445,0,12,-66
1446,0,8,-102
1447,0,4,-63
1448,0,10,-20
1449,0,4,-20
1450,0,17,-61
1451,0,8,-83
1452,0,15,-159
1453,0,22,-300
1454,0,23,-246
1455,0,4,-22
1456,0,5,-98
1457,0,6,-95
1458,0,6,-110
1459,0,10,-184
1460,2,36,-275
1461,0,17,-154
1462,0,27,-221
1463,0,11,-179
1464,0,8,-159
1465,0,8,-118
1466,0,25,-221
1467,1,52,-467
1468,0,18,-184
1469,0,18,-185
1470,0,13,-156
1471,1,26,-267
1472,0,16,-101
1473,0,24,-79
1474,0,6,-19
1475,0,4,-107
1476,0,10,-89
1477,0,8,-165
1478,0,33,-400
1479,0,12,-130
1480,0,7,-91
1481,0,10,-80
1482,0,8,-26
1483,0,24,-284
1484,0,21,-225
1485,0,29,-251
1486,0,4,-22
1487,0,6,-92
1488,2,36,-136
1489,1,47,-336
1490,0,7,-95
1491,0,53,-309
1492,0,15,-66
1493,0,15,-132
1494,0,4,-85
1495,0,7,-106
1496,0,4,-22
1497,0,19,-272
1498,0,20,-110
1499,0,35,-253
1500,0,9,-8
1501,0,16,-120
1502,1,26,-86
1503,0,9,-100
1504,0,26,-63
1505,0,4,-69
1506,0,13,-119
1507,0,26,-169
1508,0,8,-166
1509,2,52,-235
1510,0,7,-102
1511,0,9,-117
1512,0,9,-132
1513,0,8,-108
1514,0,47,-201
1515,0,6,-115
1516,0,42,-439
1517,0,7,-155
1518,0,47,-596
1519,0,7,-121
1520,0,13,-171
1521,0,12,-140
1522,1,54,-253
1523,0,4,-30
1524,0,33,-214
1525,1,34,-156
1526,0,27,-213
1527,0,7,-153
1528,0,18,-257
1529,2,26,-159
1530,0,39,-334
1531,3,83,-702
1532,0,6,-23
1533,0,6,-153
1534,0,8,-67
1535,0,31,-327
1536,0,17,-103
1537,0,22,-168
1538,1,27,-269
1539,0,18,-321
1540,0,29,-333
1541,0,21,-174
1542,0,7,-9
1543,0,17,-163
1544,0,16,-206
1545,0,8,-51
1546,0,4,-112
1547,0,15,-75
1548,1,68,-648
1549,0,6,-97
1550,0,8,-114
1551,0,11,-83
1552,0,6,-95
1553,0,11,-137
1554,0,6,-62
1555,0,6,-119
1556,0,7,-161
1557,0,6,-54
1558,0,26,-237
1559,0,7,-138
1560,0,36,-251
1561,0,8,-116
1562,0,61,-379
1563,0,18,-178
1564,0,5,-7
1565,0,16,-50
1566,0,6,-94
1567,0,9,-137
1568,0,18,-237
1569,0,5,-66
1570,1,45,-342
1571,0,24,3
1572,0,10,-88
1573,0,15,-253
1574,0,4,-75
1575,0,47,-418
1576,0,6,-89
1577,0,14,-49
1578,0,15,-155
1579,0,4,-67
1580,0,9,-19
1581,0,21,-246
1582,0,8,-108
1583,0,15,-79
1584,0,9,-134
1585,0,7,-110
1586,0,7,-113
1587,0,8,-60
1588,0,8,-116
1589,1,31,-252
1590,0,10,-208
1591,0,26,-267
1592,0,7,-98
1593,0,7,-68
1594,0,19,-116
1595,0,9,-116
1596,0,5,-161
1597,1,15,-150
1598,0,7,-43
1599,0,4,-68
1600,0,6,-51
1601,0,9,-72
1602,0,22,-214
1603,1,4,-1
1604,0,14,-156
1605,0,6,-94
1606,0,6,-102
1607,0,18,-166
1608,0,6,-43
1609,0,16,-259
1610,0,7,-53
1611,0,24,-252
1612,0,16,-157
1613,0,7,-110
1614,0,6,-102
1615,0,6,-45
1616,0,7,-66
1617,0,19,-170
1618,0,7,-53
1619,0,12,-51
1620,0,24,-233
1621,0,28,-229
1622,0,7,-63
1623,0,7,-96
1624,0,7,-47
1625,0,25,-166
1626,0,6,-11
1627,0,7,-47
1628,0,6,-36
1629,0,8,-116
1630,0,29,-213
1631,0,11,-123
1632,0,34,-187
1633,0,7,-98
1634,0,31,-257
1635,0,8,-61
1636,0,39,-364
1637,0,4,-120
1638,0,7,-65
1639,0,12,-162
1640,0,18,-241
1641,0,9,-173
1642,0,20,-190
1643,0,10,-100
1644,0,6,-45
1645,0,7,-155
1646,0,22,-188
1647,0,6,-102
1648,0,6,-102
1649,0,8,-125
1650,0,7,-8
1651,1,26,-93
1652,0,16,-106
1653,0,5,-69
1654,2,25,-52
1655,0,48,-554
1656,0,21,-139
1657,0,7,-48
1658,0,14,26
1659,0,6,-95
1660,0,5,-114
1661,0,7,-159
1662,0,6,-87
1663,0,5,-159
1664,0,6,-102
1665,0,22,-118
1666,0,5,32
1667,0,8,-79
1668,0,7,18
1669,0,15,-123
1670,0,4,-116
1671,1,43,-520
1672,0,9,-71
1673,0,29,-128
1674,0,4,-69
1675,0,5,-71
1676,0,7,-66
1677,0,5,-53
1678,0,17,-178
1679,0,9,-99
1680,0,26,-300
1681,0,6,-85
1682,0,6,-142
1683,0,52,-573
1684,0,8,-65
1685,0,9,-78
1686,0,7,-130
1687,0,17,-180
1688,0,18,-170
1689,0,7,-97
1690,0,9,-127
1691,0,7,-106
1692,0,7,-103
1693,0,6,-129
1694,1,33,-321
1695,0,8,-61
1696,0,7,-113
1697,0,6,-10
1698,0,6,-54
1699,0,18,-130
1700,0,6,-55
1701,0,6,-85
1702,0,17,-103
1703,0,7,-121
1704,0,13,-149
1705,0,10,-142
1706,0,10,-122
1707,1,69,-441
1708,0,5,-6
1709,0,8,-39
1710,0,6,-45
1711,1,43,-407
1712,0,12,-127
1713,0,28,-314
1714,0,6,-4
1715,1,30,-119
1716,0,4,-115
1717,0,7,-57
1718,0,7,-27
1719,0,4,-30
1720,0,28,-374
1721,0,7,-45
1722,1,34,-181
1723,0,19,-288
1724,0,7,-89
1725,0,8,-105
1726,0,16,-152
1727,0,6,-145
1728,0,13,0
1729,2,34,-264
1730,0,7,-65
1731,0,5,-52
1732,1,15,-102
1733,0,6,-84
1734,0,7,-116
1735,1,30,-397
1736,0,10,-172
1737,0,6,-44
1738,0,8,-66
1739,0,16,-110
1740,0,16,-135
1741,0,18,-184
1742,0,7,-47
1743,0,6,-86
1744,0,14,-139
1745,0,15,-136
1746,0,10,-62
1747,0,21,-343
1748,1,28,-218
1749,0,8,-138
1750,1,38,-449
1751,1,51,-325
1752,0,28,-404
1753,1,23,-321
1754,0,19,-191
1755,0,19,-209
1756,1,22,-98
1757,0,6,-133
1758,0,26,-287
1759,0,14,-145
1760,0,15,-173
1761,0,9,-79
1762,0,69,-490
1763,1,45,-466
1764,1,36,-183
1765,0,18,-219
1766,0,6,-45
1767,0,40,-221
1768,0,10,-20
1769,0,6,-104
1770,0,22,-229
1771,0,5,-7
1772,0,14,-74
1773,1,29,-204
1774,0,4,-64
1775,0,15,-162
1776,0,8,2
1777,1,39,-240
1778,0,54,-436
1779,0,6,-102
1780,0,13,-58
1781,0,21,-201
1782,0,11,-96
1783,0,7,-27
1784,0,53,-445
1785,1,46,-362
1786,0,20,-187
1787,0,19,-94
1788,0,42,-145
1789,1,35,-93
1790,0,6,-84
1791,0,16,-101
1792,1,31,-218
1793,0,7,-11
1794,0,6,-78
1795,0,7,-46
1796,0,7,-109
1797,0,18,-39
1798,0,8,-116
1799,0,6,-62
1800,0,6,-103
1801,0,9,-67
1802,0,7,-113
1803,2,43,-201
1804,1,20,36
1805,0,6,-29
1806,0,4,-117
1807,0,9,-71
1808,0,5,-91
1809,0,8,-57
1810,0,23,-284
1811,0,19,-88
1812,0,14,-26
1813,0,6,-42
1814,0,6,-142
1815,0,9,-77
1816,0,68,-622
1817,3,39,-147
1818,0,16,-47
1819,0,18,-78
1820,0,19,-71
1821,0,8,-109
1822,0,8,-66
1823,0,6,-164
1824,0,7,-101
1825,0,6,-112
1826,0,6,-44
1827,0,9,-13
1828,0,6,-144
1829,0,6,-94
1830,0,23,-25
1831,0,8,-99
1832,0,16,-132
1833,0,7,-105
1834,0,5,-60
1835,0,38,-401
1836,0,19,-184
1837,0,7,-48
1838,0,20,-159
1839,0,16,-199
1840,0,6,-129
1841,0,26,-335
1842,0,11,-55
1843,0,5,-53
1844,0,20,-289
1845,3,28,-22
1846,0,10,-79
1847,0,18,-254
1848,0,6,-110
1849,0,18,-138
1850,0,11,-153
1851,0,17,-79
1852,0,9,-63
1853,0,12,-166
1854,0,9,-149
1855,0,6,-72
1856,0,6,-12
1857,0,6,-54
1858,0,10,-88
1859,1,33,-173
1860,0,14,-222
1861,2,86,-626
1862,0,6,-30
1863,0,6,-4
1864,0,13,-154
1865,0,5,-63
1866,0,25,-247
1867,0,6,-102
1868,0,4,-125
1869,0,15,-85
1870,0,5,-53
1871,0,6,-134
1872,0,24,-67
1873,0,8,-54
1874,1,33,-181
1875,0,6,-94
1876,0,6,-46
1877,0,8,-147
1878,0,4,-80
1879,0,18,-231
1880,0,18,-104
1881,0,24,-118
1882,0,6,-55
1883,0,17,-122
1884,1,42,-166
1885,0,8,-109
1886,0,6,-92
1887,0,8,-18
1888,0,34,-401
1889,0,18,-116
1890,0,17,-224
1891,0,6,-47
1892,0,22,-134
1893,0,19,-95
1894,0,19,-135
1895,0,4,-65
1896,0,6,-103
1897,0,7,-57
1898,0,21,-176
1899,1,168,-1124
1900,0,7,-47
1901,0,12,-46
1902,0,7,-82
1903,0,6,4
1904,0,16,-107
1905,2,73,-419
1906,0,4,-21
1907,0,16,-247
1908,0,8,-47
1909,0,41,-292
1910,0,19,-195
1911,0,52,-569
1912,0,6,-105
1913,0,7,-93
1914,0,12,-110
1915,0,8,-111
1916,0,20,-176
1917,0,20,-65
1918,0,6,-90
1919,2,68,-195
1920,0,8,-47
1921,2,43,-194
1922,0,11,-5
1923,0,8,-111
1924,0,17,-156
1925,0,4,-22
1926,0,14,14
1927,0,9,-79
1928,1,24,-177
1929,0,6,-127
1930,0,4,-17
1931,0,15,8
1932,0,9,-71
1933,1,24,-145
1934,0,7,-28
1935,0,22,-227
1936,0,7,-45
1937,0,29,-287
1938,0,22,-266
1939,0,4,-111
1940,0,8,-70
1941,0,5,-2
1942,0,23,-248
1943,0,7,-22
1944,0,31,-369
1945,0,7,-154
1946,0,4,-20
1947,0,7,-154
1948,0,5,-55
1949,0,14,-12
1950,0,7,-155
1951,0,17,-198
1952,0,9,-151
1953,0,8,-49
1954,0,14,-95
1955,0,40,-262
1956,0,11,-167
1957,0,4,-27
1958,0,14,-138
1959,0,7,-94
1960,2,43,-223
1961,0,6,-60
1962,0,6,-87
1963,0,9,-171
1964,0,6,-38
1965,0,23,-86
1966,0,8,-102
1967,0,12,-129
1968,0,8,-33
1969,1,40,-271
1970,0,4,27
1971,0,28,-84
1972,0,16,-196
1973,0,12,-100
1974,0,21,-208
1975,0,6,-105
1976,0,35,-475
1977,1,23,-220
1978,0,6,-127
1979,0,26,-209
1980,0,8,-46
1981,0,13,-140
1982,0,13,-119
1983,0,6,-54
1984,0,18,-130
1985,0,30,-330
1986,0,13,-101
1987,0,7,-96
1988,0,13,-122
1989,0,6,-103
1990,1,30,-141
1991,0,13,-130
1992,0,6,-69
1993,0,6,-92
1994,0,28,-160
1995,1,32,-206
1996,0,7,-105
1997,0,12,-94
1998,0,41,-210
1999,0,23,-211
2000,0,17,-76
2001,0,29,-376
2002,1,35,-266
2003,0,8,-109
2004,1,33,-236
2005,2,55,-155
2006,0,20,-71
2007,0,9,-107
2008,0,7,-47
2009,1,14,-103
2010,0,13,-157
2011,2,68,-439
2012,3,121,-761
2013,0,9,-104
2014,0,10,-86
2015,0,5,-151
2016,2,114,-1026
2017,0,32,-171
2018,0,4,-112
2019,0,46,-309
2020,0,16,-51
2021,0,8,-59
2022,0,8,-74
2023,0,13,-197
2024,1,53,-455
2025,0,10,-144
2026,0,20,-82
2027,0,4,-30
2028,1,54,-358
2029,0,18,-158
2030,0,4,-20
2031,1,18,-87
2032,0,6,-103
2033,0,6,-60
2034,0,11,-23
2035,0,8,-166
2036,0,138,-1048
2037,0,12,-172
2038,0,6,-62
2039,0,6,-92
2040,0,13,-114
2041,0,8,-138
2042,0,18,-144
2043,0,19,-42
2044,0,13,-225
2045,0,4,-69
2046,0,53,-364
2047,0,33,-132
2048,0,9,-173
2049,0,10,-78
2050,0,7,-171
2051,0,13,-15
2052,0,12,-116
2053,0,16,-125
2054,0,12,-122
2055,0,28,-39
2056,1,54,-349
2057,0,7,-16
2058,0,27,-224
2059,0,13,-98
2060,0,6,-104
2061,0,11,-147
2062,0,9,-119
2063,0,7,-55
2064,0,17,-125
2065,0,14,-179
2066,0,13,-72
2067,0,7,-96
2068,0,9,-117
2069,0,8,-87
2070,0,14,-83
2071,1,82,-733
2072,0,28,-204
2073,0,29,-214
2074,0,8,-75
2075,0,49,-402
2076,0,7,-173
2077,0,14,-112
2078,0,6,-102
2079,0,6,-91
2080,0,6,-103
2081,0,6,-37
2082,0,13,-104
2083,0,15,-82
2084,0,10,-100
2085,0,14,-184
2086,2,22,-155
2087,0,6,-44
2088,0,13,43
2089,2,64,-245
2090,0,5,-51
2091,0,9,-67
2092,0,8,-101
2093,2,92,-637
2094,0,8,-98
2095,3,113,-774
2096,0,4,-72
2097,0,6,-92
2098,0,7,-93
2099,0,20,-68
2100,0,6,-96
2101,0,27,-217
2102,1,41,-79
2103,0,8,-178
2104,0,23,30
2105,0,16,-106
2106,0,7,-68
2107,3,108,-599
2108,0,24,-171
2109,0,16,-54
2110,0,9,-81
2111,0,6,-44
2112,0,20,-90
2113,1,20,-39
2114,0,31,-370
2115,2,49,-319
2116,1,43,-233
2117,0,6,-135
2118,0,18,-56
2119,0,11,-81
2120,0,26,-188
2121,0,6,-26
2122,0,17,-144
2123,0,11,-140
2124,0,7,-57
2125,1,43,-254
2126,0,6,-80
2127,0,10,-51
2128,0,9,-31
2129,0,7,-46
2130,0,15,-146
2131,1,25,-6
2132,0,6,-92
2133,0,4,-16
2134,0,4,-72
2135,0,14,-61
2136,0,10,-59
2137,0,10,-172
2138,0,6,-92
2139,0,12,-180
2140,0,9,-135
2141,0,17,-161
2142,0,6,-94
2143,0,11,-155
2144,0,6,-77
2145,0,6,-62
2146,0,5,-108
2147,0,5,-55
2148,0,4,-68
2149,0,6,-45
2150,0,8,-63
2151,0,6,-89
2152,0,6,6
2153,0,6,-140
2154,0,4,27
2155,0,6,-51
2156,0,25,-206
2157,0,5,-23
2158,1,42,-173
2159,0,41,-537
2160,0,6,-62
2161,0,14,-271
2162,0,7,-125
2163,1,33,-144
2164,0,12,-175
2165,1,99,-535
2166,0,17,-104
2167,2,82,-606
2168,2,44,-279
2169,0,28,-159
2170,0,15,-73
2171,5,87,-211
2172,0,4,-64
2173,0,6,-86
2174,0,28,-366
2175,0,17,-67
2176,0,7,-86
2177,0,5,-103
2178,0,10,-90
2179,0,9,-20
2180,0,7,-138
2181,0,13,-44
2182,1,20,23
2183,0,31,-440
2184,0,7,-100
2185,0,6,-132
2186,3,136,-864
2187,0,8,-100
2188,0,51,-194
2189,0,14,-158
2190,2,53,-275
2191,0,7,-57
2192,0,8,-109
2193,0,23,-95
2194,0,4,-63
2195,0,5,-66
2196,0,14,-195
2197,0,22,-237
2198,0,46,-235
2199,2,59,-493
2200,1,8,-38
2201,0,14,-163
2202,4,100,-409
2203,0,7,-121
2204,0,6,-78
2205,0,5,-98
2206,0,23,-116
2207,0,19,-78
2208,3,87,-532
2209,0,7,-54
2210,0,6,-6
2211,0,5,-109
2212,0,16,-112
2213,0,14,-95
2214,0,15,-104
2215,0,19,-24
2216,0,108,-993
2217,0,15,-15
2218,0,26,-75
2219,2,71,-283
2220,1,22,-20
2221,2,42,-229
2222,0,6,-93
2223,0,4,37
2224,0,6,-87
2225,0,6,-134
2226,0,10,-30
2227,0,4,-25
2228,0,13,-72
2229,0,6,-44
2230,2,41,-98
2231,0,41,-227
2232,0,54,-320
2233,0,26,-66
2234,0,33,-259
2235,0,7,-57
2236,0,9,-113
2237,0,4,-112
2238,0,5,-58
2239,0,13,-126
2240,0,17,-19
2241,0,7,-98
2242,1,28,-61
2243,0,20,-156
2244,0,8,-22
2245,0,8,-57
2246,0,13,-23
2247,0,16,-11
2248,0,8,-91
2249,0,48,-140
2250,1,39,-90
2251,0,15,-54
2252,0,6,-52
2253,0,41,-225
2254,0,11,-124
2255,0,18,-276
2256,0,31,-240
2257,0,37,-150
2258,0,4,-73
2259,1,15,10
2260,0,41,-323
2261,0,6,-37
2262,1,40,-292
2263,0,6,-22
2264,1,62,-488
2265,0,16,-214
2266,0,6,-52
2267,0,6,-43
2268,0,22,-74
2269,0,48,-362
2270,0,42,-129
2271,0,16,-130
2272,0,24,-30
2273,1,44,-198
2274,0,6,-30
2275,2,56,-444
2276,0,14,-123
2277,0,13,-66
2278,1,68,-518
2279,1,35,-143
2280,0,6,-94
2281,0,6,-46
2282,0,14,-29
2283,1,50,-125
2284,0,26,-198
2285,0,8,-76
2286,0,43,-254
2287,0,11,-121
2288,0,7,-163
2289,0,6,-90
2290,0,8,-51
2291,0,8,-157
2292,2,27,-22
2293,0,66,-479
2294,0,17,-76
2295,3,75,-442
2296,1,60,-194
2297,0,43,-249
2298,0,7,-161
2299,0,20,-161
2300,1,41,19
2301,0,12,-81
2302,0,4,-67
2303,0,7,-58
2304,0,25,-83
2305,0,30,-185
2306,0,13,-67
2307,0,13,-61
2308,0,60,-501
2309,1,16,-55
2310,0,7,-48
2311,0,31,-249
2312,0,16,-124
2313,0,6,-42
2314,0,4,-73
2315,1,29,-121
2316,0,6,-134
2317,1,26,-60
2318,0,23,-171
2319,0,7,-65
2320,0,11,-168
2321,1,106,-710
2322,0,6,-51
2323,0,6,-141
2324,0,12,-95
2325,0,35,-85
2326,0,41,-199
2327,0,6,-52
2328,0,7,-113
2329,0,7,-30
2330,0,8,-69
2331,0,5,-61
2332,0,6,-121
2333,0,6,15
2334,1,22,-152
2335,0,57,-292
2336,3,98,-264
2337,0,6,-104
2338,0,13,-82
2339,0,4,-64
2340,0,17,-57
2341,3,67,-66
2342,1,25,-132
2343,0,12,-114
2344,0,24,-97
2345,0,7,-25
2346,2,34,-59
2347,0,10,-39
2348,1,36,-173
2349,0,18,-93
2350,0,4,27
2351,0,7,-122
2352,0,4,-55
2353,0,7,-45
2354,0,6,-92
2355,1,41,-250
2356,0,13,-131
2357,0,10,-82
2358,0,44,-237
2359,0,6,-140
2360,0,8,-49
2361,0,15,17
2362,0,15,-51
2363,3,86,-469
2364,0,5,-51
2365,0,60,-261
2366,0,5,-53
2367,1,28,-159
2368,0,6,-86
2369,1,28,-323
2370,0,6,-37
2371,3,51,-56
2372,1,30,2
2373,0,4,-68
2374,0,6,-24
2375,0,8,-26
2376,0,13,-90
2377,0,7,-48
2378,1,34,-143
2379,0,22,-92
2380,0,15,-5
2381,0,7,-54
2382,0,9,-58
2383,0,8,-116
2384,0,15,-184
2385,0,6,-92
2386,0,6,-92
2387,0,17,-159
2388,0,18,-59
2389,0,6,-55
2390,1,90,-480
2391,3,24,-63
2392,0,4,-117
2393,4,115,-655
2394,0,6,-54
2395,0,6,-110
2396,0,10,-208
2397,0,14,-96
2398,0,8,-95
2399,0,9,-157
2400,0,30,-205
2401,0,6,-112
2402,0,15,21
2403,2,62,-289
2404,0,19,-75
2405,1,59,-350
2406,0,4,23
2407,1,57,-199
2408,0,7,20
2409,0,6,-96
2410,0,22,-151
2411,0,6,-39
2412,0,15,-55
2413,1,31,-222
2414,0,7,-108
2415,3,97,-502
2416,0,4,20
2417,0,6,-44
2418,0,6,-54
2419,0,6,-99
2420,2,66,-280
2421,2,105,-633
2422,0,4,32
2423,0,7,-116
2424,0,33,-133
2425,0,14,-28
2426,0,7,-115
2427,0,27,-114
2428,0,15,-172
2429,2,29,-108
2430,1,18,-5
2431,1,60,-240
2432,7,144,-569
2433,0,6,-104
2434,0,4,-60
2435,0,6,-97
2436,2,59,-126
2437,0,7,-73
2438,0,6,-37
2439,0,15,-138
2440,0,8,-76
2441,3,66,-216
2442,0,5,-11
2443,5,122,-703
2444,1,32,-142
2445,0,5,-103
2446,4,78,-418
2447,0,8,-84
2448,4,101,-478
2449,1,29,-131
2450,0,50,-348
2451,0,8,-2
2452,0,42,-131
2453,1,28,-68
2454,0,6,-54
2455,0,36,-191
2456,0,14,-124
2457,0,6,-117
2458,0,7,-53
2459,0,30,55
2460,0,24,-185
2461,0,6,-44
2462,0,14,-138
2463,0,43,-215
2464,1,26,-94
2465,0,15,-132
2466,0,17,-87
2467,1,38,-99
2468,0,9,-56
2469,0,10,-16
2470,0,5,-87
2471,1,16,11
2472,0,13,-87
2473,0,7,-110
2474,0,8,-65
2475,0,6,-61
2476,0,11,-63
2477,0,15,-5
2478,0,13,9
2479,0,16,-181
2480,0,33,-258
2481,0,8,-96
2482,1,32,-91
2483,0,6,-63
2484,0,8,-100
2485,0,14,-48
2486,0,6,-34
2487,0,8,-134
2488,0,23,-49
2489,0,7,-147
2490,0,7,20
2491,0,8,-45
2492,0,7,-85
2493,0,14,-69
2494,0,7,-11
2495,0,6,-102
2496,0,5,-88
2497,0,30,-229
2498,0,14,-76
2499,0,37,-205
2500,0,10,-166
2501,0,6,-3
2502,1,43,-242
2503,0,30,-79
2504,0,25,48
2505,2,29,-57
2506,1,86,-539
2507,0,8,-45
2508,0,43,-300
2509,0,6,-62
2510,0,15,-138
2511,2,61,-209
2512,0,6,-62
2513,0,58,-435
2514,0,22,-141
2515,0,14,-23
2516,2,25,-4
2517,1,23,-49
2518,0,8,-50
2519,1,15,-43
2520,0,9,-159
2521,2,36,0
2522,0,4,-65
2523,0,7,-4
2524,0,38,-107
2525,0,5,-56
2526,0,6,-103
2527,0,7,-65
2528,0,19,-120
2529,0,7,-73
2530,0,9,-85
2531,0,5,-44
2532,0,15,-100
2533,2,37,-71
2534,0,8,1
2535,0,7,-6
2536,0,6,-95
2537,2,31,-162
2538,0,15,-175
2539,0,6,-100
2540,0,6,14
2541,1,31,-185
2542,0,7,21
2543,2,121,-757
2544,0,6,-44
2545,1,30,-96
2546,0,6,-79
2547,0,32,-294
2548,1,25,-124
2549,0,6,-51
2550,1,28,55
2551,0,10,-170
2552,1,18,-137
2553,1,31,-221
2554,0,20,164
2555,0,20,-139
2556,0,7,-7
2557,0,8,-55
2558,0,6,-112
2559,0,9,-52
2560,1,15,12
2561,0,5,-50
2562,0,35,-246
2563,0,8,-68
2564,0,20,-112
2565,0,5,-109
2566,0,7,-53
2567,0,6,-52
2568,0,7,-50
2569,0,6,-110
2570,0,33,-244
2571,0,7,-90
2572,0,8,-88
2573,0,17,-109
2574,0,22,-191
2575,0,10,-126
2576,0,7,-111
2577,1,51,-274
2578,1,39,-86
2579,0,14,-27
2580,0,4,-85
2581,0,7,-113
2582,0,17,-55
2583,0,8,-87
2584,0,13,-169
2585,0,28,-280
2586,0,26,-146
2587,3,57,-7
2588,0,6,-103
2589,0,9,-79
2590,0,12,-115
2591,0,7,-83
2592,0,7,-85
2593,0,21,-52
2594,0,13,-137
2595,0,12,-74
2596,0,32,-276
2597,0,13,-114
2598,1,58,-284
2599,0,7,-73
2600,0,13,-159
2601,0,13,-108
2602,1,27,-220
2603,5,78,-303
2604,0,10,-61
2605,0,8,-178
2606,0,44,-452
2607,0,9,-40
2608,0,16,-95
2609,0,13,-15
2610,0,7,-95
2611,0,12,-57
2612,0,7,-27
2613,0,9,-167
2614,0,4,-123
2615,0,6,-93
2616,1,29,-248
2617,1,200,-901
2618,0,27,-148
2619,0,7,-47
2620,4,85,-262
2621,0,5,-53
2622,0,32,-89
2623,1,23,-66
2624,0,7,-53
2625,0,28,-114
2626,0,13,-100
2627,0,10,-78
2628,0,5,-151
2629,2,47,-27
2630,0,15,-115
2631,0,9,-125
2632,0,7,-55
2633,2,63,-213
2634,0,14,-5
2635,0,16,-71
2636,0,21,1
2637,0,25,-104
2638,1,31,-97
2639,2,53,-267
2640,0,7,-36
2641,0,6,-104
2642,0,7,-73
2643,0,6,4
2644,1,33,-75
2645,2,29,33
2646,3,65,-155
2647,0,11,-35
2648,0,6,-47
2649,0,4,-68
2650,0,7,-30
2651,0,16,-203
2652,0,19,-176
2653,2,79,-519
2654,0,17,-104
2655,1,30,-211
2656,0,24,-155
2657,2,75,-503
2658,0,34,-189
2659,0,14,-159
2660,9,79,-192
2661,0,8,-74
2662,0,44,-464
2663,0,10,-16
2664,0,14,-29
2665,0,14,-123
2666,0,6,-105
2667,0,11,-106
2668,0,9,-62
2669,1,20,-52
2670,0,7,-76
2671,1,58,-532
2672,1,32,-182
2673,0,6,4
2674,0,17,-159
2675,0,14,-77
2676,0,9,-66
2677,0,14,12
2678,0,7,-98
2679,0,18,-135
2680,0,13,-177
2681,0,7,-62
2682,0,4,-17
2683,0,9,-102
2684,3,53,-201
2685,0,13,-75
2686,0,14,-45
2687,0,21,-35
2688,0,6,-100
2689,0,5,-55
2690,0,6,-29
2691,0,6,-36
2692,0,14,-50
2693,1,32,-79
2694,0,11,-15
2695,0,14,-93
2696,0,25,-84
2697,0,22,-124
2698,0,12,-103
2699,0,6,44
2700,0,4,-28
2701,0,5,-66
2702,0,6,-3
2703,0,40,-249
2704,0,6,-112
2705,2,28,66
2706,0,6,-145
2707,0,10,-100
2708,1,32,-80
2709,0,6,-62
2710,0,10,-52
2711,0,15,-78
2712,0,6,-94
2713,1,46,-335
2714,0,6,-71
2715,0,6,-45
2716,1,61,-310
2717,0,4,-20
2718,0,6,-112
2719,1,25,-113
2720,1,50,-157
2721,0,7,-45
2722,0,45,-551
2723,0,9,-79
2724,1,27,-118
2725,0,18,-144
2726,0,4,-75
2727,0,6,-76
2728,0,16,-4
2729,5,78,100
2730,0,6,-91
2731,0,13,-57
2732,0,8,-38
2733,0,8,-43
2734,1,52,-287
2735,0,17,-12
2736,0,27,-127
2737,0,6,-113
2738,1,34,-213
2739,0,7,-30
2740,0,14,-132
2741,0,17,-29
2742,1,43,-278
2743,0,22,-41
2744,0,8,-46
2745,0,12,-142
2746,0,7,-41
2747,0,17,-52
2748,0,16,-115
2749,3,111,-507
2750,0,30,-134
2751,1,25,-76
2752,0,29,-141
2753,2,35,-32
2754,1,21,-148
2755,0,19,-27
2756,0,7,-87
2757,1,20,-79
2758,0,6,-53
2759,0,8,-58
2760,0,6,-42
2761,0,4,-22
2762,0,9,-91
2763,0,6,12
2764,0,6,-47
2765,0,11,-72
2766,0,7,-44
2767,0,7,-61
2768,0,6,-91
2769,0,9,-77
2770,0,22,-9
2771,0,17,-74
2772,0,6,-47
2773,1,68,-351
2774,0,34,-118
2775,0,7,-15
2776,0,13,-112
2777,0,25,-116
2778,0,6,-8
2779,1,36,-131
2780,1,27,-154
2781,0,7,-96
2782,0,44,-141
2783,0,6,4
2784,0,16,-145
2785,5,200,-689
2786,0,37,-389
2787,0,7,-65
2788,0,10,-45
2789,0,23,-143
2790,0,8,-124
2791,5,200,-1148
2792,0,6,-36
2793,0,6,-89
2794,4,37,164
2795,0,16,-162
2796,0,35,-218
2797,2,90,-129
2798,3,63,-180
2799,0,75,-634
2800,3,34,106
2801,0,14,-130
2802,0,6,-45
2803,5,118,-261
2804,2,39,-147
2805,0,7,-121
2806,0,4,-101
2807,3,83,-193
2808,0,6,-99
2809,0,14,-33
2810,0,6,-42
2811,0,6,-84
2812,0,21,-27
2813,0,6,-84
2814,0,29,-296
2815,0,15,-172
2816,0,24,-26
2817,5,115,-554
2818,1,33,-64
2819,0,4,-23
2820,2,81,-205
2821,0,8,-46
2822,0,6,-52
2823,0,6,-87
2824,0,52,-538
2825,0,21,-173
2826,0,15,-152
2827,0,6,-52
2828,0,13,-48
2829,2,40,-154
2830,0,38,-130
2831,4,56,174
2832,0,4,-16
2833,2,26,-18
2834,0,8,-70
2835,3,104,-263
2836,0,24,-158
2837,1,39,-154
2838,0,15,-99
2839,1,50,93
2840,0,14,-197
2841,0,76,-362
2842,0,23,-48
2843,2,39,2
2844,1,76,-493
2845,0,21,-136
2846,0,34,-116
2847,0,11,-119
2848,0,7,-95
2849,6,178,-818
2850,3,34,-23
2851,0,30,-119
2852,0,24,-72
2853,0,6,-29
2854,0,33,-198
2855,0,7,-34
2856,0,12,-59
2857,0,6,-93
2858,0,6,-62
2859,0,13,-16
2860,0,16,-13
2861,0,8,-66
2862,2,40,13
2863,0,45,-42
2864,3,48,-36
2865,0,31,-146
2866,0,7,-82
2867,0,33,-137
2868,0,9,-20
2869,1,55,-170
2870,1,17,-60
2871,0,6,4
2872,0,13,-11
2873,0,8,-34
2874,0,6,-39
2875,4,147,-531
2876,0,24,-49
2877,2,52,-105
2878,0,6,6
2879,0,6,-45
2880,0,9,-78
2881,0,33,-250
2882,2,26,-142
2883,1,18,-79
2884,0,20,-150
2885,0,14,-169
2886,0,7,-106
2887,0,22,-115
2888,1,61,-328
2889,0,6,-45
2890,0,8,-96
2891,2,55,-226
2892,1,58,-117
2893,0,18,-193
2894,0,26,-26
2895,0,14,-7
2896,1,69,-461
2897,1,24,-96
2898,6,76,-97
2899,1,30,-167
2900,2,38,-120
2901,0,6,-37
2902,3,129,-494
2903,0,6,-137
2904,2,80,-615
2905,0,4,-75
2906,0,6,-82
2907,0,13,52
2908,0,4,20
2909,0,6,-31
2910,2,60,-280
2911,0,7,-56
2912,1,53,-100
2913,3,32,155
2914,0,6,-136
2915,0,15,-58
2916,0,10,-4
2917,5,89,-114
2918,0,10,-88
2919,0,8,-47
2920,0,11,-63
2921,2,63,-288
2922,0,6,-37
2923,0,15,-14
2924,0,6,-135
2925,0,6,46
2926,0,5,-103
2927,0,7,-113
2928,0,18,-68
2929,0,9,-1
2930,0,15,-67
2931,8,111,-216
2932,2,111,-390
2933,0,23,-78
2934,0,7,-159
2935,0,6,-43
2936,3,57,-87
2937,0,8,-28
2938,0,7,-63
2939,0,6,-78
2940,0,6,-110
2941,0,7,21
2942,0,23,-69
2943,0,14,-81
2944,1,52,-116
2945,0,17,-138
2946,0,14,-133
2947,0,13,4
2948,0,11,-139
2949,0,23,-14
2950,0,6,-110
2951,0,7,-55
2952,0,11,-127
2953,0,7,10
2954,1,21,-102
2955,0,16,-34
2956,0,7,-63
2957,1,17,-136
2958,0,6,-141
2959,3,92,-279
2960,0,6,-44
2961,0,7,-75
2962,0,6,-122
2963,0,13,-143
2964,0,7,-87
2965,2,70,-265
2966,0,14,-104
2967,0,12,-66
2968,0,4,-27
2969,0,8,-47
2970,0,20,-71
2971,0,6,-100
2972,0,14,-81
2973,0,4,-25
2974,0,26,-158
2975,0,6,-44
2976,0,16,17
2977,0,4,-123
2978,0,7,-40
2979,0,6,23
2980,0,6,13
2981,0,25,-148
2982,3,38,-12
2983,2,48,-93
2984,0,57,-288
2985,3,136,-396
2986,0,9,-102
2987,0,39,-318
2988,0,6,-39
2989,0,14,-32
2990,0,37,-277
2991,6,180,-263
2992,2,32,-39
2993,0,16,-55
2994,0,6,-112
2995,0,7,-111
2996,0,30,87
2997,0,25,-75
2998,0,8,-72
2999,0,4,-64
3000,3,138,-313
3001,1,72,-651
3002,0,33,-223
3003,0,36,-134
3004,0,19,-27
3005,0,6,-132
3006,0,14,-141
3007,0,6,-99
3008,0,35,-216
3009,0,32,-132
3010,0,8,-94
3011,0,17,-36
3012,0,15,-175
3013,0,8,-156
3014,0,8,-47
3015,0,9,-110
3016,0,13,-106
3017,0,4,-70
3018,0,6,-4
3019,3,44,-204
3020,0,37,-187
3021,4,139,-403
3022,0,7,-50
3023,0,15,14
3024,0,5,-51
3025,2,56,-325
3026,0,21,-131
3027,1,45,-209
3028,0,12,-68
3029,0,15,-181
3030,0,8,-96
3031,0,28,-218
3032,0,6,-34
3033,0,28,-118
3034,2,28,22
3035,1,47,-261
3036,0,6,-63
3037,0,6,-47
3038,0,17,-35
3039,3,87,-155
3040,0,13,-44
3041,0,6,-12
3042,9,200,-1074
3043,0,6,-38
3044,0,4,21
3045,0,6,13
3046,2,33,25
3047,0,11,-154
3048,2,44,-236
3049,0,14,-20
3050,0,6,-4
3051,0,6,12
3052,0,6,-95
3053,0,17,-17
3054,0,21,-57
3055,0,6,-37
3056,0,4,-59
3057,0,6,-17
3058,2,45,-143
3059,1,67,-140
3060,0,5,-98
3061,0,6,-47
3062,0,21,-42
3063,3,26,-31
3064,0,14,5
3065,7,175,-629
3066,0,36,-114
3067,4,115,-405
3068,0,22,-104
3069,0,57,-221
3070,3,69,-66
3071,2,61,-122
3072,0,8,-80
3073,0,4,-21
3074,1,27,-116
3075,0,28,83
3076,4,66,156
3077,0,11,-116
3078,0,5,-53
3079,0,30,-60
3080,0,6,-94
3081,0,40,-240
3082,0,4,32
3083,2,34,-46
3084,0,6,-44
3085,3,108,-258
3086,3,104,7
3087,2,113,-329
3088,1,38,-11
3089,0,6,-36
3090,0,11,-113
3091,3,85,-350
3092,0,18,-150
3093,0,35,35
3094,2,139,-1578
3095,0,19,30
3096,0,22,6
3097,7,62,138
3098,0,9,-92
3099,0,6,-84
3100,0,16,-242
3101,1,33,-200
3102,0,26,-141
3103,1,23,-6
3104,0,8,10
3105,3,55,-53
3106,0,7,-60
3107,0,16,-39
3108,1,51,-340
3109,0,6,-103
3110,0,15,-75
3111,0,12,-195
3112,11,136,-121
3113,0,4,-11
3114,4,70,-137
3115,0,14,-21
3116,0,8,-63
3117,0,12,-9
3118,0,15,-71
3119,2,28,-126
3120,0,16,-136
3121,0,20,-114
3122,0,6,5
3123,7,57,68
3124,0,6,-51
3125,0,21,-11
3126,0,8,-126
3127,0,8,-55
3128,0,8,-154
3129,0,9,-115
3130,1,33,-217
3131,0,21,-92
3132,0,9,-88
3133,0,6,6
3134,1,81,-642
3135,0,6,-120
3136,0,7,1
3137,0,16,-79
3138,0,21,4
3139,1,18,-136
3140,11,82,154
3141,4,75,-111
3142,8,150,-358
3143,0,6,-94
3144,0,15,3
3145,4,101,-144
3146,1,25,-93
3147,4,150,-443
3148,5,55,68
3149,0,6,-45
3150,1,29,-19
3151,0,6,-36
3152,0,6,-2
3153,0,7,-55
3154,2,46,-123
3155,0,9,-69
3156,0,22,-30
3157,1,30,-146
3158,0,14,-82
3159,5,80,9
3160,0,19,27
3161,0,8,-84
3162,6,200,-480
3163,0,8,-139
3164,0,14,0
3165,0,14,-128
3166,1,26,-30
3167,4,165,-389
3168,0,15,-151
3169,0,17,-65
3170,0,13,62
3171,3,32,28
3172,3,81,-284
3173,0,8,-57
3174,0,5,-98
3175,2,26,14
3176,1,13,-125
3177,0,9,-52
3178,0,12,-112
3179,0,9,-118
3180,3,75,-238
3181,4,34,60
3182,0,6,-36
3183,1,35,-69
3184,0,13,33
3185,2,25,75
3186,0,7,-53
3187,0,8,-50
3188,0,6,-47
3189,1,20,-96
3190,0,12,-162
3191,2,37,35
3192,1,36,-47
3193,0,6,-92
3194,8,106,-220
3195,0,10,-112
3196,0,6,-70
3197,0,18,61
3198,0,6,-92
3199,0,8,3
3200,0,7,-97
3201,0,10,-60
3202,2,62,-151
3203,0,13,-24
3204,3,68,-250
3205,2,18,22
3206,0,6,-39
3207,0,27,107
3208,0,13,-17
3209,0,7,-66
3210,0,21,-28
3211,3,33,84
3212,1,40,-94
3213,0,24,7
3214,2,45,-61
3215,2,17,-54
3216,0,7,-53
3217,2,41,54
3218,0,17,-46
3219,2,51,-242
3220,0,27,-239
3221,0,8,-110
3222,0,6,5
3223,0,16,-63
3224,7,175,-138
3225,1,34,-27
3226,4,44,18
3227,1,27,-142
3228,0,6,-16
3229,0,21,39
3230,0,21,-125
3231,0,6,-44
3232,1,32,-132
3233,1,59,-227
3234,5,100,1
3235,0,6,-47
3236,4,74,-236
3237,0,14,18
3238,0,23,-111
3239,3,75,-389
3240,0,16,-10
3241,5,92,-174
3242,0,6,5
3243,0,4,-68
3244,0,6,-90
3245,0,19,-7
3246,0,4,-21
3247,0,7,-89
3248,0,7,-61
3249,0,6,-154
3250,1,22,26
3251,2,42,-44
3252,0,7,-87
3253,0,6,-42
3254,0,5,-151
3255,0,24,-152
3256,2,64,-388
3257,0,4,-25
3258,1,15,-120
3259,4,52,-67
3260,2,28,92
3261,0,6,-92
3262,1,26,-127
3263,0,7,-86
3264,5,102,342
3265,2,37,-35
3266,2,46,-259
3267,0,6,-45
3268,0,7,-57
3269,1,24,-10
3270,5,59,127
3271,1,34,-76
3272,6,75,-29
3273,0,16,-17
3274,1,111,-435
3275,1,18,50
3276,0,6,-47
3277,1,33,36
3278,0,5,-109
3279,0,6,-102
3280,0,11,-124
3281,0,12,-37
3282,0,8,-50
3283,0,16,-57
3284,0,6,-124
3285,0,13,-77
3286,0,19,-248
3287,0,9,-185
3288,0,6,-32
3289,10,98,230
3290,4,92,-43
3291,4,37,17
3292,2,47,-117
3293,0,11,-89
3294,0,13,48
3295,0,13,-101
3296,0,6,-18
3297,0,7,-46
3298,5,101,-279
3299,0,16,-73
3300,0,6,-54
3301,0,14,-56
3302,0,33,-207
3303,0,7,-40
3304,0,36,-90
3305,0,13,-51
3306,0,14,-119
3307,0,6,-44
3308,0,41,-13
3309,0,25,-25
3310,1,16,42
3311,0,6,-54
3312,0,4,32
3313,0,14,-49
3314,0,18,-137
3315,3,41,-63
3316,0,34,-52
3317,0,4,-65
3318,2,66,-247
3319,2,21,-112
3320,1,7,8
3321,3,110,-649
3322,0,13,5
3323,1,69,-150
3324,0,7,-27
3325,0,24,-186
3326,1,15,36
3327,0,6,-2
3328,1,7,-129
3329,0,20,-82
3330,0,8,-3
3331,0,21,-52
3332,0,20,-97
3333,0,14,40
3334,1,55,-267
3335,0,20,-74
3336,2,46,-124
3337,2,28,80
3338,1,33,-67
3339,1,35,-255
3340,10,168,-167
3341,0,9,-57
3342,6,80,-148
3343,0,13,42
3344,0,6,-62
3345,0,10,-67
3346,2,27,73
3347,3,65,5
3348,0,7,3
3349,1,29,-136
3350,2,56,-195
3351,5,78,66
3352,0,6,-45
3353,0,17,-50
3354,3,31,81
3355,0,13,-40
3356,0,18,-96
3357,8,126,-148
3358,2,30,-60
3359,2,37,95
3360,0,26,-28
3361,1,21,-20
3362,0,4,-20
3363,0,7,-107
3364,1,20,31
3365,4,95,-165
3366,3,69,-360
3367,11,120,59
3368,1,22,21
3369,2,16,24
3370,0,10,-100
3371,1,25,-41
3372,3,74,-117
3373,0,33,-44
3374,1,15,-70
3375,1,23,115
3376,13,200,-377
3377,0,29,-18
3378,2,26,-44
3379,0,6,-47
3380,2,40,-75
3381,1,26,-61
3382,0,6,3
3383,0,14,17
3384,2,59,-229
3385,0,9,-62
3386,0,14,-166
3387,3,74,-118
3388,0,14,-73
3389,1,16,-11
3390,0,13,-96
3391,1,33,90
3392,12,200,-295
3393,0,9,-10
3394,0,17,-89
3395,0,9,-77
3396,0,15,37
3397,0,6,-95
3398,3,53,-10
3399,0,13,48
3400,1,27,54
3401,0,30,-226
3402,0,6,-43
3403,0,7,-96
3404,7,133,-286
3405,1,16,-29
3406,0,26,-102
3407,0,4,23
3408,0,13,49
3409,7,171,-235
3410,0,8,-49
3411,0,13,-28
3412,0,8,7
3413,7,122,-189
3414,0,6,-37
3415,0,4,28
3416,0,6,-85
3417,0,6,-55
3418,4,77,-631
3419,0,8,-51
3420,1,48,-189
3421,2,61,19
3422,2,54,-100
3423,0,7,-88
3424,0,7,-7
3425,4,48,89
3426,0,4,32
3427,0,30,-179
3428,0,6,-150
3429,1,28,-172
3430,3,68,122
3431,0,7,-67
3432,1,29,79
3433,0,14,-96
3434,1,102,-181
3435,0,7,-34
3436,1,22,-20
3437,1,17,-78
3438,0,23,-189
3439,0,6,-50
3440,5,132,-265
3441,0,19,-86
3442,0,8,-42
3443,0,4,-20
3444,14,164,-17
3445,4,44,-10
3446,0,42,-196
3447,1,19,-52
3448,0,8,-67
3449,0,5,-56
3450,0,20,-12
3451,0,13,-4
3452,7,200,-466
3453,0,22,-104
3454,3,74,-67
3455,8,116,-155
3456,0,14,-82
3457,0,10,-40
3458,0,6,-137
3459,7,70,121
3460,3,30,216
3461,0,10,-56
3462,0,6,-55
3463,0,6,-71
3464,5,51,178
3465,0,6,-52
3466,1,53,-145
3467,0,14,106
3468,4,45,-130
3469,1,18,-45
3470,0,48,-214
3471,1,21,6
3472,1,30,73
3473,1,62,-270
3474,0,8,-114
3475,1,41,-191
3476,5,135,-298
3477,0,19,-52
3478,0,8,-39
3479,0,10,-101
3480,0,6,-54
3481,1,28,-22
3482,0,4,-85
3483,13,200,86
3484,1,36,-88
3485,0,7,-50
3486,0,6,-69
3487,3,50,-272
3488,0,13,-20
3489,0,13,-2
3490,0,28,-30
3491,2,20,17
3492,2,54,64
3493,0,13,-17
3494,2,128,-772
3495,5,73,-62
3496,1,18,-101
3497,5,55,0
3498,0,8,-28
3499,0,7,29
3500,1,21,65
3501,4,60,-34
3502,0,20,-63
3503,4,28,172
3504,2,32,-22
3505,0,4,-68
3506,0,6,-54
3507,5,115,-366
3508,5,39,-95
3509,0,6,-95
3510,0,6,-32
3511,1,16,-84
3512,0,19,-152
3513,0,4,-20
3514,7,125,-405
3515,0,32,-77
3516,0,6,-84
3517,0,6,-4
3518,0,6,-37
3519,0,35,50
3520,0,6,-24
3521,0,33,-194
3522,1,29,-17
3523,0,4,26
3524,0,24,29
3525,0,6,-46
3526,0,8,-30
3527,0,8,-21
3528,0,8,-76
3529,1,34,-170
3530,0,4,-16
3531,0,16,-70
3532,1,31,-63
3533,6,60,272
3534,0,34,-134
3535,0,13,-37
3536,3,46,8
3537,0,15,-160
3538,0,17,-97
3539,0,6,-26
3540,4,76,-68
3541,0,6,-97
3542,0,21,32
3543,2,23,105
3544,0,6,-47
3545,1,31,-118
3546,4,92,-314
3547,6,96,33
3548,0,6,-87
3549,0,13,-66
3550,5,115,16
3551,2,53,-48
3552,2,58,-211
3553,0,9,-46
3554,0,6,-44
3555,1,23,14
3556,0,50,-460
3557,0,40,-66
3558,1,25,-107
3559,0,6,-45
3560,0,8,-140
3561,4,70,-38
3562,0,22,4
3563,1,43,-37
3564,0,21,-107
3565,6,104,218
3566,0,7,-73
3567,12,133,104
3568,1,29,-92
3569,0,6,-12
3570,3,64,-193
3571,7,103,22
3572,2,42,11
3573,5,65,-160
3574,14,200,-177
3575,0,7,10
3576,0,6,-12
3577,9,114,54
3578,1,35,-190
3579,3,54,-87
3580,0,33,-110
3581,1,18,-8
3582,0,6,6
3583,0,9,-4
3584,0,7,30
3585,0,13,-61
3586,3,76,-98
3587,0,16,16
3588,2,41,5
3589,4,97,-132
3590,0,32,-129
3591,13,138,-22
3592,2,59,71
3593,0,14,36
3594,1,31,15
3595,1,55,-120
3596,0,28,72
3597,1,26,-86
3598,5,77,77
3599,3,52,-132
3600,2,21,-109
3601,1,80,-138
3602,0,6,-26
3603,0,16,-162
3604,4,33,206
3605,1,18,-39
3606,14,162,75
3607,0,14,-16
3608,0,6,-86
3609,1,31,-29
3610,0,6,-44
3611,9,149,-38
3612,1,27,3
3613,0,15,-81
3614,0,7,-45
3615,0,6,-42
3616,0,6,35
3617,2,38,-19
3618,2,34,109
3619,0,6,-3
3620,9,112,185
3621,0,7,-105
3622,0,8,-17
3623,0,6,-54
3624,0,6,-62
3625,4,76,-159
3626,0,7,-49
3627,3,80,-117
3628,0,8,10
3629,2,46,80
3630,0,8,-99
3631,0,8,-106
3632,4,56,80
3633,2,28,6
3634,1,23,-10
3635,0,27,-57
3636,5,45,-58
3637,0,15,-109
3638,0,4,-69
3639,0,10,-96
3640,0,9,-53
3641,0,18,-95
3642,0,6,-22
3643,4,72,-204
3644,7,143,33
3645,3,62,56
3646,4,50,152
3647,3,28,99
3648,0,6,-95
3649,0,7,-38
3650,6,66,201
3651,0,20,105
3652,0,7,-105
3653,0,11,-49
3654,1,30,-21
3655,0,34,-124
3656,0,19,-158
3657,4,43,-29
3658,0,14,-103
3659,2,34,10
3660,0,14,-14
3661,0,7,-48
3662,0,8,-72
3663,0,12,-73
3664,1,20,-62
3665,4,80,-63
3666,0,16,-44
3667,0,6,6
3668,0,9,-88
3669,0,19,-187
3670,1,34,74
3671,1,85,-160
3672,0,6,-44
3673,0,4,37
3674,2,41,35
3675,0,38,-265
3676,0,10,-53
3677,2,23,10
3678,0,8,-83
3679,0,6,-110
3680,9,162,-383
3681,6,109,-123
3682,0,9,-107
3683,0,10,-30
3684,0,16,6
3685,5,86,44
3686,3,63,-17
3687,0,6,-29
3688,3,64,57
3689,1,63,-125
3690,0,6,-82
3691,2,31,-4
3692,1,35,35
3693,0,21,-120
3694,1,55,-195
3695,0,15,-51
3696,3,67,-168
3697,2,32,30
3698,0,7,-27
3699,0,11,-99
3700,0,14,7
3701,1,43,-120
3702,0,14,-75
3703,4,140,-575
3704,1,37,-27
3705,2,44,-12
3706,0,6,-44
3707,0,6,-60
3708,3,38,-25
3709,3,66,-9
3710,0,6,-72
3711,0,6,-54
3712,0,53,-118
3713,2,44,62
3714,15,178,119
3715,0,6,-92
3716,1,37,88
3717,7,117,-280
3718,8,150,-1197
3719,3,35,151
3720,1,58,-32
3721,0,6,-112
3722,2,59,-185
3723,13,185,26
3724,0,14,-34
3725,2,100,-474
3726,0,6,-144
3727,5,69,87
3728,0,7,-36
3729,2,54,-52
3730,0,6,-54
3731,0,5,-61
3732,0,16,-89
3733,0,8,-45
3734,0,6,-42
3735,0,6,-79
3736,7,128,-323
3737,0,6,-45
3738,1,34,-15
3739,0,6,-144
3740,0,33,-289
3741,1,35,-303
3742,3,88,-52
3743,4,72,94
3744,12,200,-854
3745,4,55,94
3746,0,27,-119
3747,0,9,-9
3748,2,39,-31
3749,0,4,-70
3750,0,15,62
3751,0,6,-34
3752,3,28,-41
3753,0,25,-80
3754,0,43,-249
3755,10,128,-173
3756,2,53,-189
3757,0,28,-40
3758,0,52,-330
3759,2,51,-69
3760,1,17,1
3761,0,15,-55
3762,5,153,-83
3763,0,6,-104
3764,0,6,-100
3765,0,6,-92
3766,1,17,-94
3767,0,6,-39
3768,11,117,93
3769,0,8,-64
3770,1,46,14
3771,0,15,-13
3772,0,6,-56
3773,2,57,87
3774,1,68,-297
3775,0,6,-43
3776,0,23,38
3777,0,14,-93
3778,4,71,-65
3779,0,34,-163
3780,0,27,-48
3781,5,121,-206
3782,0,7,-35
3783,7,62,-34
3784,0,15,-37
3785,3,54,80
3786,0,9,-60
3787,0,18,-5
3788,0,111,-87
3789,0,5,-104
3790,2,47,-187
3791,1,62,-187
3792,2,90,-170
3793,0,7,-46
3794,0,7,19
3795,0,4,-59
3796,0,7,-105
3797,9,105,62
3798,4,68,45
3799,0,7,-70
3800,1,146,-860
3801,0,11,-42
3802,0,6,-78
3803,1,64,100
3804,0,7,-33
3805,7,129,-249
3806,2,25,48
3807,0,25,8
3808,0,5,-42
3809,0,6,-55
3810,2,23,92
3811,1,33,-122
3812,0,34,-181
3813,4,80,-13
3814,0,6,-44
3815,3,43,-47
3816,0,7,-95
3817,0,6,-46
3818,1,20,-19
3819,7,125,-82
3820,0,15,28
3821,11,200,-547
3822,2,43,64
3823,5,49,55
3824,1,21,20
3825,2,37,-102
3826,2,33,-46
3827,1,16,-2
3828,1,38,-172
3829,1,15,-78
3830,7,50,261
3831,0,5,-101
3832,0,25,-19
3833,15,200,248
3834,0,6,-52
3835,14,200,69
3836,4,85,-181
3837,0,14,-7
3838,0,21,-133
3839,19,200,-656
3840,0,36,-195
3841,15,134,288
3842,2,62,-2
3843,1,33,82
3844,0,6,5
3845,0,14,74
3846,4,68,5
3847,0,20,-118
3848,8,200,-666
3849,0,5,-54
3850,1,20,-28
3851,0,24,-29
3852,0,15,-103
3853,1,27,-16
3854,5,102,-40
3855,9,167,204
3856,0,6,-46
3857,14,198,-951
3858,3,22,26
3859,6,57,136
3860,3,20,90
3861,1,16,-86
3862,3,51,30
3863,5,180,-809
3864,3,65,-157
3865,0,9,-30
3866,7,74,343
3867,4,64,53
3868,0,8,-49
3869,0,4,-35
3870,3,66,22
3871,1,19,3
3872,0,9,-59
3873,1,13,-99
3874,1,59,-134
3875,2,30,56
3876,4,64,91
3877,0,9,-12
3878,7,109,225
3879,0,6,-36
3880,0,35,-179
3881,7,65,159
3882,0,13,-18
3883,2,47,-62
3884,1,29,-33
3885,7,200,-309
3886,10,149,-422
3887,6,74,200
3888,0,6,-29
3889,10,112,172
3890,0,18,-142
3891,0,28,-136
3892,2,33,-57
3893,4,46,239
3894,3,28,74
3895,2,36,5
3896,0,17,-141
3897,1,50,-106
3898,0,7,-1
3899,2,24,-130
3900,6,158,-180
3901,0,6,-26
3902,0,14,-59
3903,0,12,-36
3904,2,65,-33
3905,2,20,87
3906,5,85,49
3907,3,48,162
3908,0,24,-63
3909,7,168,-903
3910,14,189,-495
3911,4,58,206
3912,1,24,-92
3913,2,29,-66
3914,2,27,-43
3915,1,19,-29
3916,18,200,-238
3917,2,28,-13
3918,1,37,-43
3919,1,21,83
3920,0,7,9
3921,0,8,-58
3922,0,17,-7
3923,0,6,-100
3924,0,8,-6
3925,0,4,-10
3926,6,68,67
3927,1,59,-170
3928,0,4,27
3929,0,8,-48
3930,7,60,140
3931,0,6,-37
3932,21,200,-37
3933,1,29,-33
3934,7,84,186
3935,0,6,-54
3936,0,6,-52
3937,2,39,-51
3938,0,14,64
3939,1,30,77
3940,1,22,-26
3941,0,4,-64
3942,8,117,182
3943,0,6,-54
3944,0,6,-44
3945,0,66,-252
3946,0,33,-48
3947,5,98,-180
3948,7,72,-339
3949,0,7,-19
3950,4,54,-5
3951,1,57,-470
3952,2,23,-36
3953,0,13,-19
3954,4,96,-227
3955,0,14,-109
3956,2,48,160
3957,2,42,42
3958,0,7,-113
3959,6,157,-172
3960,2,33,50
3961,4,95,-296
3962,0,28,-63
3963,3,31,126
3964,1,17,74
3965,0,8,-76
3966,5,55,90
3967,0,6,-29
3968,0,10,-40
3969,1,30,-54
3970,0,10,-48
3971,0,7,-61
3972,3,53,98
3973,0,32,-202
3974,1,22,75
3975,0,8,-94
3976,0,13,-5
3977,0,13,39
3978,0,5,-3
3979,0,6,-102
3980,2,36,-99
3981,2,34,-22
3982,1,22,110
3983,0,6,-4
3984,1,17,-66
3985,9,87,223
3986,3,60,57
3987,0,8,-61
3988,0,6,-4
3989,0,4,-62
3990,0,14,7
3991,1,27,-86
3992,0,15,-28
3993,0,6,3
3994,1,31,132
3995,1,22,33
3996,4,130,-658
3997,1,18,-31
3998,1,22,33
3999,0,18,-66
4000,0,6,-94
4001,0,6,-79
4002,5,75,93
4003,3,81,-279
4004,5,77,136
4005,2,100,70
4006,2,24,-7
4007,1,7,19
4008,0,20,-28
4009,14,200,-118
4010,0,19,-66
4011,10,112,265
4012,0,6,-134
4013,18,200,361
4014,6,109,-112
4015,0,6,-39
4016,3,69,-443
4017,0,8,-46
4018,0,22,101
4019,0,6,-95
4020,0,6,10
4021,0,6,-92
4022,11,132,27
4023,0,6,-44
4024,1,21,-42
4025,0,7,1
4026,14,174,253
4027,0,7,-49
4028,1,39,6
4029,0,6,-54
4030,1,22,-40
4031,0,27,-124
4032,0,8,-6
4033,2,24,38
4034,0,15,-237
4035,0,6,-21
4036,0,9,-59
4037,7,99,14
4038,4,63,-121
4039,0,6,-55
4040,1,28,20
4041,2,37,22
4042,0,5,-12
4043,0,8,-48
4044,0,6,6
4045,0,8,-49
4046,1,23,-10
4047,9,200,5
4048,0,6,-96
4049,0,6,-42
4050,1,52,68
4051,4,42,100
4052,14,189,-34
4053,1,17,26
4054,6,81,83
4055,0,7,-83
4056,0,16,0
4057,1,31,-37
4058,0,6,-35
4059,0,7,-113
4060,6,79,-155
4061,1,53,27
4062,5,68,4
4063,0,32,-132
4064,1,20,5
4065,2,32,-73
4066,2,37,-38
4067,0,22,-25
4068,3,51,-62
4069,11,158,-358
4070,10,137,-27
4071,0,8,-9
4072,1,19,-69
4073,0,4,27
4074,3,54,76
4075,0,17,-40
4076,5,120,-149
4077,9,177,-393
4078,0,5,-11
4079,0,6,-52
4080,0,6,-54
4081,0,9,9
4082,0,27,-167
4083,17,200,213
4084,0,16,-67
4085,0,8,10
4086,0,6,-45
4087,1,35,16
4088,1,16,0
4089,19,200,443
4090,0,23,-99
4091,9,112,67
4092,7,98,-113
4093,1,25,12
4094,0,22,-214
4095,2,54,9
4096,0,60,-144
4097,13,194,487
4098,0,6,-47
4099,0,30,13
4100,0,10,-64
4101,0,13,-139
4102,0,6,-43
4103,0,13,-46
4104,0,14,-10
4105,7,94,-218
4106,0,6,-4
4107,0,9,-115
4108,7,94,76
4109,4,42,-47
4110,2,29,142
4111,4,43,132
4112,10,118,34
4113,6,95,126
4114,0,9,-108
4115,0,7,-88
4116,0,4,-16
4117,11,109,303
4118,0,6,-62
4119,0,14,-97
4120,0,47,-268
4121,1,17,-24
4122,0,7,-50
4123,0,6,-45
4124,0,23,-109
4125,2,21,36
4126,6,99,-55
4127,0,9,-102
4128,3,74,-76
4129,0,6,-78
4130,3,75,-298
4131,0,6,-47
4132,0,6,-44
4133,1,34,-64
4134,1,19,66
4135,1,31,16
4136,0,18,-67
4137,1,48,-19
4138,0,13,-179
4139,3,78,-313
4140,3,44,-8
4141,0,16,-112
4142,0,23,-9
4143,0,7,-83
4144,6,70,-12
4145,0,15,-18
4146,10,90,197
4147,0,4,-23
4148,12,173,-166
4149,3,32,95
4150,1,23,24
4151,1,18,36
4152,0,25,-27
4153,0,16,-4
4154,2,72,114
4155,7,92,243
4156,6,62,192
4157,0,6,-117
4158,0,20,115
4159,5,66,99
4160,0,6,17
4161,0,6,-51
4162,11,200,-296
4163,0,22,-20
4164,0,9,-48
4165,0,5,-58
4166,2,38,-26
4167,0,5,-111
4168,6,106,-85
4169,3,64,-17
4170,0,8,-51
4171,4,76,152
4172,4,61,22
4173,2,66,-224
4174,8,124,66
4175,5,132,-251
4176,14,178,-456
4177,3,39,159
4178,16,156,-22
4179,5,56,206
