1,0,5,-9
2,0,6,-96
3,0,18,-124
4,0,18,-14
5,1,15,4
6,0,21,44
7,1,65,-91
8,0,6,-103
9,0,9,-126
10,0,16,-157
11,0,7,-98
12,1,33,-105
13,0,8,-91
14,0,28,-49
15,1,32,116
16,0,9,-128
17,0,5,-104
18,1,55,-146
19,0,23,-102
20,0,22,-112
21,0,16,-63
22,0,4,42
23,0,7,-156
24,0,16,-141
25,0,23,-12
26,0,7,-148
27,0,18,-17
28,0,23,32
29,0,17,-75
30,1,23,-120
31,1,55,-57
32,0,15,60
33,1,19,16
34,0,7,-22
35,0,9,-127
36,0,16,-114
37,0,13,-95
38,0,4,-21
39,0,26,-123
40,0,23,-11
41,1,42,-51
42,0,6,-96
43,0,5,-106
44,0,6,-31
45,0,4,33
46,0,8,-33
47,0,6,-71
48,0,7,-114
49,0,13,-93
50,0,4,-96
51,1,36,-21
52,1,36,32
53,0,6,-84
54,0,24,6
55,0,7,-67
56,0,14,-75
57,0,8,-47
58,0,29,10
59,0,7,-113
60,0,13,36
61,0,5,-100
62,1,19,48
63,0,17,57
64,0,4,-75
65,0,4,-64
66,0,6,-84
67,0,6,-24
68,1,16,43
69,0,15,-113
70,0,13,-63
71,0,24,-77
72,0,32,114
73,0,23,-29
74,0,14,-129
75,0,6,-103
76,1,21,-45
77,0,6,-103
78,0,15,2
79,0,6,-35
80,0,50,159
81,0,10,-121
82,0,7,-7
83,0,24,-64
84,0,26,-133
85,0,32,-26
86,0,6,36
87,0,7,-33
88,1,21,47
89,1,17,-111
90,2,28,9
91,0,8,-22
92,0,27,-154
93,1,46,8
94,0,17,-49
95,0,6,-87
96,0,8,-9
97,0,8,-104
98,0,6,38
99,0,7,37
100,0,25,13
101,0,5,3
102,0,6,-39
103,0,7,-106
104,0,10,-123
105,0,10,-95
106,0,6,-39
107,0,4,-6
108,0,16,-50
109,1,39,72
110,1,21,-102
111,0,14,-44
112,0,6,-137
113,2,38,182
114,0,13,22
115,0,12,-41
116,0,30,12
117,0,53,64
118,0,8,-49
119,0,4,-6
120,1,42,38
121,0,20,55
122,2,42,11
123,0,17,-136
124,1,22,36
125,0,7,-85
126,1,22,5
127,0,7,9
128,0,4,-20
129,1,32,132
130,0,14,-41
131,0,7,-27
132,0,24,-145
133,0,13,7
134,1,51,-92
135,0,6,-62
136,0,7,-28
137,0,5,-55
138,0,7,-33
139,0,7,-98
140,0,7,-148
141,1,21,-117
142,0,48,-2
143,1,19,-181
144,0,5,-2
145,0,7,-38
146,1,26,-1
147,0,16,-8
148,0,17,-53
149,0,62,-77
150,0,7,-54
151,0,6,-87
152,0,14,28
153,1,16,-18
154,1,19,-128
155,1,43,-121
156,0,6,6
157,0,20,109
158,0,56,-78
159,0,5,-66
160,1,39,-52
161,0,14,-22
162,0,14,-10
163,2,39,107
164,1,44,-164
165,0,7,-98
166,0,8,-68
167,0,11,-132
168,0,17,-97
169,0,21,-44
170,0,34,-28
171,0,34,208
172,0,9,-78
173,0,8,-20
174,0,7,-96
175,0,31,-176
176,0,21,33
177,0,14,-100
178,0,15,-95
179,0,17,-21
180,0,14,25
181,0,34,-78
182,0,18,-113
183,0,71,70
184,0,15,24
185,0,11,-112
186,0,33,-150
187,1,30,141
188,0,16,-86
189,0,17,-66
190,0,20,60
191,0,8,-60
192,0,8,-58
193,0,28,-79
194,0,4,-11
195,1,20,-39
196,0,16,-138
197,0,16,10
198,1,40,15
199,0,5,-61
200,0,8,-30
201,2,95,-33
202,1,56,-32
203,1,17,-43
204,0,7,-156
205,0,22,-65
206,0,23,15
207,0,52,-92
208,0,26,-60
209,0,8,-104
210,0,8,-157
211,0,10,-34
212,0,25,1
213,0,7,21
214,0,30,87
215,0,21,7
216,0,21,-171
217,0,9,-82
218,0,6,-37
219,0,47,76
220,0,32,-70
221,0,25,-14
222,0,7,-90
223,0,7,29
224,1,60,-155
225,0,26,-8
226,0,14,-80
227,0,24,79
228,0,9,-81
229,0,53,-69
230,0,50,79
231,0,25,180
232,0,15,-93
233,0,23,-183
234,0,36,21
235,0,13,11
236,0,9,-79
237,1,34,22
238,0,10,-95
239,0,7,-90
240,0,14,-84
241,0,21,-73
242,0,31,18
243,0,6,-56
244,0,25,52
245,0,8,-109
246,0,29,79
247,0,21,-13
248,0,23,2
249,0,16,-70
250,0,30,20
251,0,14,-48
252,0,16,-54
253,0,6,-69
254,0,6,-87
255,0,43,-85
256,0,18,-82
257,0,4,-11
258,0,7,-96
259,0,4,42
260,0,14,-125
261,0,30,-25
262,0,31,73
263,0,26,-97
264,0,39,40
265,0,30,23
266,0,7,-47
267,0,21,-22
268,0,29,-68
269,0,4,-17
270,0,4,-6
271,0,24,67
272,0,7,-88
273,0,8,-42
274,0,16,-120
275,0,6,-45
276,0,4,-16
277,0,14,-54
278,1,18,-5
279,0,9,-41
280,0,4,-14
281,0,48,-37
282,0,4,-16
283,0,24,-38
284,0,14,-54
285,0,40,76
286,0,27,73
287,0,8,9
288,0,5,-50
289,0,32,30
290,0,4,42
291,0,7,-21
292,0,8,-9
293,0,22,100
294,0,25,41
295,0,42,-17
296,0,15,-59
297,0,22,18
298,0,14,-26
299,1,19,-38
300,0,14,-28
301,0,17,-38
302,0,5,-98
303,1,28,119
304,0,13,13
305,0,8,-131
306,0,9,-48
307,0,8,-71
308,0,23,80
309,0,21,90
310,0,4,-11
311,0,4,-54
312,0,7,-15
313,0,7,-70
314,0,9,-60
315,0,4,37
316,0,6,-94
317,0,16,2
318,0,13,-45
319,0,41,-81
320,0,25,43
321,0,7,-96
322,0,22,-22
323,0,27,-202
324,0,5,-44
325,0,13,37
326,0,7,-106
327,1,33,2
328,0,31,39
329,0,13,-12
330,0,6,-79
331,1,14,-97
332,0,22,-20
333,0,23,-117
334,1,31,177
335,0,23,-9
336,0,24,-117
337,1,18,-87
338,0,16,-66
339,2,44,104
340,0,14,-96
341,0,22,112
342,0,7,-28
343,0,6,-137
344,0,20,13
345,0,23,-29
346,0,30,74
347,0,37,-77
348,0,82,-155
349,0,23,36
350,0,4,-7
351,0,7,14
352,0,28,-9
353,1,17,-45
354,0,44,98
355,0,31,-62
356,0,16,-16
357,0,41,-52
358,0,50,-1
359,0,5,-7
360,0,26,5
361,0,7,-88
362,0,7,-67
363,0,15,1
364,0,36,66
365,0,28,-9
366,0,8,-26
367,0,13,7
368,0,4,-69
369,0,9,-23
370,0,6,-103
371,0,5,-104
372,0,5,-8
373,0,30,-28
374,0,22,79
375,1,19,-146
376,0,7,-19
377,0,11,-13
378,0,7,-36
379,0,7,-48
380,0,5,-45
381,0,13,61
382,1,22,-43
383,0,6,-103
384,0,15,-34
385,0,6,-32
386,0,18,-75
387,0,8,-8
388,0,6,-140
389,0,13,-31
390,0,10,-127
391,0,13,-37
392,0,7,-156
393,0,4,-15
394,0,20,14
395,0,10,12
396,0,21,98
397,4,132,91
398,0,23,80
399,0,7,-66
400,0,20,154
401,0,14,12
402,0,10,-69
403,0,23,4
404,0,5,-56
405,0,8,-104
406,0,9,-90
407,0,25,-17
408,0,31,62
409,1,43,-119
410,0,26,63
411,0,6,-45
412,0,38,-70
413,0,35,100
414,0,22,-65
415,0,7,-88
416,0,6,-60
417,1,52,207
418,1,18,5
419,0,44,37
420,0,6,29
421,0,22,-24
422,0,7,-46
423,0,7,-28
424,1,23,68
425,0,15,-147
426,0,15,72
427,3,193,259
428,0,20,53
429,0,27,57
430,0,6,13
431,0,7,-27
432,0,14,-165
433,0,15,4
434,0,25,70
435,0,22,137
436,0,12,-55
437,1,62,-108
438,0,14,-40
439,1,22,25
440,1,17,11
441,1,29,90
442,0,6,-103
443,0,9,-118
444,0,8,-50
445,0,6,-37
446,0,6,-97
447,0,21,65
448,1,18,28
449,0,21,-31
450,0,8,14
451,1,18,128
452,0,8,-125
453,1,49,30
454,0,6,-35
455,1,43,22
456,1,11,17
457,0,6,-95
458,0,21,153
459,0,7,-88
460,0,6,-46
461,0,4,-17
462,0,7,-15
463,0,9,-112
464,0,22,26
465,0,18,-163
466,0,15,-153
467,0,13,-99
468,2,47,123
469,3,44,-34
470,0,18,51
471,0,6,-24
472,1,35,72
473,0,7,-62
474,0,11,-103
475,0,14,-128
476,0,7,-11
477,0,6,-95
478,0,9,-55
479,1,32,-136
480,0,22,57
481,0,22,-90
482,0,5,-13
483,0,19,-135
484,1,22,7
485,0,58,-101
486,0,7,-62
487,0,4,28
488,0,5,-146
489,0,14,12
490,0,23,34
491,0,30,24
492,0,27,87
493,0,23,6
494,0,8,-33
495,1,44,169
496,0,13,-1
497,0,22,56
498,0,14,-35
499,0,30,39
500,0,14,32
501,0,16,94
502,1,36,146
503,0,34,-23
504,0,7,-107
505,0,14,-56
506,0,17,-11
507,0,6,-39
508,0,8,-20
509,0,29,128
510,0,22,58
511,0,7,32
512,1,17,-59
513,0,18,-97
514,0,8,-109
515,1,25,-10
516,0,15,-104
517,0,46,-28
518,0,22,-22
519,0,25,25
520,0,33,94
521,0,8,-49
522,0,15,53
523,0,27,-194
524,0,8,-149
525,1,28,67
526,0,8,-18
527,2,55,24
528,0,8,-10
529,0,28,24
530,0,6,-95
531,0,14,20
532,0,26,-11
533,1,19,-45
534,0,8,-39
535,0,16,-60
536,3,87,-108
537,2,46,71
538,0,25,-59
539,0,44,-52
540,0,9,-48
541,0,7,-35
542,0,14,-36
543,0,14,-17
544,0,14,-8
545,0,24,4
546,0,20,90
547,0,22,-86
548,3,47,-97
549,0,18,-70
550,1,24,-45
551,0,17,-122
552,0,35,-39
553,2,31,41
554,0,22,120
555,0,7,-104
556,0,15,72
557,1,27,-61
558,0,16,-66
559,0,7,-90
560,0,15,-15
561,0,6,-33
562,0,8,-68
563,0,7,-38
564,0,16,-18
565,0,6,-25
566,0,20,50
567,1,42,229
568,0,21,34
569,0,14,-5
570,0,6,-95
571,0,13,3
572,0,14,12
573,0,21,33
574,0,22,59
575,0,32,-44
576,0,16,-111
577,0,46,31
578,0,6,-87
579,0,48,165
580,0,21,74
581,0,6,-110
582,0,16,12
583,1,59,299
584,1,48,175
585,0,10,-94
586,0,4,33
587,0,17,-101
588,0,7,-106
589,2,117,-341
590,0,14,-30
591,0,41,48
592,0,13,-10
593,0,15,-24
594,0,7,-92
595,2,40,130
596,0,22,-32
597,0,6,-103
598,0,26,12
599,0,30,-11
600,0,6,13
601,0,16,-88
602,0,31,-3
603,0,65,121
604,0,6,-59
605,0,7,10
606,0,7,-106
607,0,10,-47
608,0,13,13
609,0,17,7
610,0,14,-84
611,0,14,62
612,0,15,-4
613,0,6,0
614,0,14,-42
615,0,25,-35
616,0,4,-6
617,0,20,-82
618,0,41,45
619,0,20,-28
620,0,29,-76
621,0,9,-69
622,1,35,-1
623,0,13,-104
624,1,57,107
625,0,12,-83
626,0,9,-110
627,0,7,-54
628,0,28,17
629,0,6,-22
630,0,35,159
631,0,23,-11
632,0,6,-37
633,0,17,-59
634,0,27,49
635,1,18,152
636,0,8,-49
637,1,60,167
638,1,38,71
639,0,7,10
640,0,10,-73
641,0,13,76
642,1,18,17
643,0,25,15
644,0,16,-19
645,0,58,-87
646,0,7,-106
647,0,6,-19
648,0,16,41
649,1,40,187
650,1,95,33
651,0,14,-88
652,2,52,83
653,0,14,-32
654,0,14,-77
655,0,28,76
656,0,6,29
657,0,4,36
658,0,7,-28
659,0,6,43
660,0,45,-68
661,0,4,-23
662,0,25,-37
663,0,6,-137
664,0,15,9
665,1,60,252
666,0,6,-35
667,0,6,-35
668,1,29,-179
669,0,51,41
670,0,26,-48
671,0,33,-16
672,3,108,92
673,0,8,-22
674,1,39,183
675,0,21,-81
676,0,6,-105
677,0,40,-56
678,1,29,-79
679,1,46,88
680,1,17,29
681,0,32,69
682,0,7,-106
683,1,78,144
684,0,14,2
685,0,22,-29
686,0,13,78
687,0,25,51
688,0,23,76
689,0,6,-95
690,0,18,-86
691,0,31,138
692,0,23,-40
693,1,53,31
694,1,40,207
695,0,14,-65
696,0,15,4
697,0,7,1
698,1,58,122
699,0,4,25
700,0,26,14
701,1,42,114
702,0,21,89
703,0,15,-87
704,0,22,35
705,3,59,93
706,0,24,44
707,0,44,-111
708,0,6,36
709,0,21,14
710,0,24,71
711,0,6,4
712,0,13,-27
713,0,6,-95
714,1,55,219
715,0,15,-19
716,1,52,-28
717,0,9,25
718,0,30,39
719,1,42,96
720,0,14,-129
721,0,24,-199
722,0,11,-79
723,0,17,-112
724,0,14,-46
725,0,15,17
726,0,7,-114
727,0,32,65
728,0,47,128
729,0,26,54
730,0,42,62
731,0,4,-16
732,0,21,-182
733,0,32,36
734,1,21,39
735,0,16,-67
736,2,50,135
737,0,5,-48
738,1,30,131
739,0,28,30
740,0,7,-48
741,1,15,-37
742,1,20,126
743,1,33,32
744,0,18,-16
745,0,7,22
746,0,59,134
747,0,14,33
748,1,24,169
749,0,6,-16
750,0,8,3
751,0,49,17
752,0,6,-103
753,1,19,51
754,1,17,-50
755,0,9,-50
756,1,19,-1
757,0,15,-25
758,0,25,45
759,0,37,-10
760,0,7,-67
761,0,44,-2
762,0,7,-88
763,0,20,116
764,0,22,62
765,0,70,343
766,0,21,81
767,1,25,75
768,0,17,14
769,0,6,-35
770,0,15,102
771,0,4,-20
772,0,15,-17
773,1,41,-6
774,0,6,-95
775,1,41,299
776,0,19,37
777,0,7,-93
778,1,50,212
779,0,6,12
780,0,13,-67
781,0,6,-27
782,0,22,-19
783,0,16,-53
784,0,30,108
785,0,6,-46
786,0,21,-81
787,0,34,142
788,0,6,-21
789,0,6,-60
790,0,13,66
791,0,16,-80
792,0,36,24
793,0,6,-87
794,0,25,20
795,0,22,118
796,0,23,126
797,1,32,-16
798,0,6,-8
799,0,24,85
800,0,6,-127
801,0,15,24
802,3,82,65
803,1,76,57
804,0,31,135
805,1,29,16
806,0,7,-95
807,0,37,44
808,0,4,-30
809,0,6,-54
810,0,21,-1
811,0,15,-34
812,0,22,53
813,0,8,51
814,0,7,-27
815,0,21,-75
816,0,23,21
817,0,7,-34
818,1,83,-64
819,0,14,101
820,0,37,18
821,0,68,-146
822,0,4,-30
823,0,4,-54
824,0,10,-100
825,0,26,28
826,0,8,-48
827,0,13,-108
828,0,28,5
829,0,21,86
830,1,17,33
831,0,33,126
832,0,21,115
833,0,38,47
834,0,5,16
835,0,32,15
836,0,7,-148
837,0,22,56
838,0,23,-143
839,1,18,12
840,1,31,-26
841,0,21,21
842,0,24,105
843,1,17,37
844,2,21,-23
845,0,31,86
846,0,15,-39
847,0,6,-153
848,0,17,34
849,0,21,-75
850,0,14,-14
851,0,25,-15
852,1,30,53
853,0,48,295
854,0,54,46
855,1,18,126
856,0,23,-107
857,0,32,116
858,1,50,100
859,0,10,-59
860,0,8,-69
861,0,38,79
862,1,58,296
863,1,29,-28
864,0,17,-19
865,0,7,-106
866,0,35,-88
867,0,24,-30
868,0,22,-42
869,0,10,-65
870,1,22,13
871,1,37,81
872,0,8,-20
873,0,17,-35
874,1,51,-121
875,1,30,-23
876,0,7,-114
877,1,21,32
878,0,16,-133
879,0,17,-51
880,0,6,-87
881,0,9,-104
882,0,27,4
883,0,14,-20
884,1,23,13
885,0,64,89
886,0,101,200
887,0,9,0
888,0,55,5
889,0,6,-34
890,0,54,26
891,0,4,20
892,0,8,-31
893,0,31,-24
894,0,16,18
895,1,37,295
896,1,20,-44
897,0,21,166
898,0,27,45
899,0,15,9
900,0,21,82
901,0,14,42
902,0,4,-59
903,0,54,33
904,1,22,-19
905,1,25,129
906,0,6,-37
907,0,41,90
908,0,23,101
909,0,22,39
910,1,65,115
911,0,34,118
912,0,24,86
913,1,41,61
914,0,15,64
915,0,21,44
916,0,14,-48
917,0,15,-1
918,0,17,-51
919,0,14,66
920,0,23,139
921,0,7,22
922,0,6,29
923,0,20,-102
924,1,17,-21
925,0,6,-69
926,1,31,207
927,0,6,-79
928,1,45,141
929,0,16,-20
930,0,36,291
931,1,17,-24
932,0,8,-30
933,0,6,-145
934,0,14,-105
935,0,8,-37
936,0,6,35
937,2,48,120
938,0,21,-6
939,0,7,-36
940,0,6,-95
941,1,22,20
942,0,4,-16
943,0,35,1
944,0,14,-18
945,3,72,234
946,0,24,23
947,0,24,55
948,0,6,-99
949,0,20,-35
950,0,14,63
951,0,5,43
952,1,26,-95
953,0,16,-4
954,1,31,233
955,0,30,63
956,0,37,44
957,1,33,115
958,0,30,89
959,0,52,-54
960,0,8,-109
961,0,24,48
962,0,14,-27
963,0,5,-60
964,0,43,-11
965,1,45,36
966,0,6,-34
967,1,17,22
968,0,6,-34
969,0,4,32
970,0,17,-19
971,0,22,97
972,0,7,-19
973,2,41,211
974,0,24,8
975,1,25,134
976,1,45,94
977,0,33,-78
978,1,19,85
979,0,37,14
980,1,18,29
981,0,23,-40
982,0,7,-55
983,1,16,-23
984,0,25,-36
985,0,14,-46
986,3,38,197
987,0,24,104
988,0,6,-34
989,1,46,36
990,0,10,-44
991,0,22,56
992,1,18,46
993,1,104,66
994,0,7,-11
995,2,81,-58
996,0,17,-40
997,0,55,308
998,0,7,-30
999,1,28,-71
1000,0,9,-31
1001,0,15,27
1002,0,6,-103
1003,0,31,-21
1004,0,12,62
1005,0,61,62
1006,0,6,-17
1007,0,6,20
1008,0,4,28
1009,0,6,-27
1010,1,30,49
1011,0,15,-103
1012,3,56,251
1013,0,15,37
1014,0,6,13
1015,0,7,-114
1016,0,7,-103
1017,0,23,45
1018,0,8,-10
1019,1,49,224
1020,0,14,42
1021,1,30,88
1022,0,8,-107
1023,1,25,113
1024,1,50,126
1025,0,45,-107
1026,0,33,116
1027,0,5,-16
1028,0,35,-83
1029,2,56,372
1030,1,22,-45
1031,0,6,-97
1032,0,33,45
1033,0,33,175
1034,0,8,-47
1035,0,14,12
1036,0,29,34
1037,0,36,-13
1038,0,13,-18
1039,1,53,-20
1040,0,8,-69
1041,1,76,190
1042,0,15,-32
1043,0,32,26
1044,0,110,-20
1045,0,24,-56
1046,0,34,-28
1047,0,24,-60
1048,0,16,35
1049,1,72,-22
1050,0,13,-122
1051,1,19,-5
1052,0,7,-25
1053,0,7,10
1054,0,6,-95
1055,0,15,96
1056,0,57,-65
1057,0,25,61
1058,0,13,-81
1059,0,11,5
1060,1,23,166
1061,0,41,-16
1062,0,21,56
1063,0,8,-61
1064,0,7,29
1065,0,37,132
1066,0,7,12
1067,0,22,94
1068,0,6,-87
1069,2,37,75
1070,0,21,14
1071,2,82,103
1072,2,35,155
1073,1,17,-65
1074,0,21,1
1075,2,42,226
1076,0,44,-31
1077,0,15,-47
1078,0,31,200
1079,0,23,-2
1080,0,67,100
1081,0,24,103
1082,0,6,-105
1083,0,22,114
1084,0,15,-46
1085,0,4,-16
1086,0,6,-72
1087,0,40,181
1088,0,24,129
1089,0,25,55
1090,0,8,11
1091,0,21,41
1092,0,32,160
1093,0,4,33
1094,0,25,99
1095,0,17,-51
1096,2,39,103
1097,0,40,21
1098,0,4,-62
1099,0,23,104
1100,0,33,119
1101,0,8,-68
1102,1,55,131
1103,0,22,-70
1104,0,21,53
1105,0,26,16
1106,1,51,213
1107,1,29,92
1108,0,58,-37
1109,0,16,-55
1110,0,7,-96
1111,0,20,12
1112,0,30,-183
1113,0,17,-60
1114,1,40,88
1115,0,10,-151
1116,0,20,56
1117,0,4,-56
1118,0,23,-42
1119,0,6,-66
1120,0,42,167
1121,0,7,12
1122,0,28,39
1123,0,6,5
1124,0,24,59
1125,0,21,-7
1126,0,73,38
1127,0,9,23
1128,0,5,-87
1129,0,7,-27
1130,0,7,10
1131,1,27,143
1132,0,73,20
1133,0,23,97
1134,0,37,70
1135,0,23,115
1136,1,44,89
1137,0,29,96
1138,0,42,249
1139,0,23,14
1140,0,45,243
1141,2,52,81
1142,2,53,251
1143,0,15,10
1144,0,8,-37
1145,1,23,30
1146,0,36,9
1147,0,15,-69
1148,1,68,172
1149,0,4,-15
1150,0,33,83
1151,0,4,22
1152,0,5,-48
1153,0,21,107
1154,0,23,94
1155,0,4,28
1156,0,23,160
1157,0,24,168
1158,0,6,-134
1159,0,49,140
1160,0,6,26
1161,0,20,30
1162,1,27,46
1163,0,29,164
1164,0,15,-105
1165,0,22,-6
1166,0,7,-96
1167,0,23,196
1168,1,35,86
1169,0,29,164
1170,0,4,-11
1171,0,14,-60
1172,0,28,-71
1173,0,14,-28
1174,0,17,-28
1175,0,4,-11
1176,0,17,-86
1177,0,13,-37
1178,1,57,76
1179,0,39,159
1180,1,35,78
1181,0,33,90
1182,0,42,153
1183,1,58,385
1184,0,6,12
1185,0,6,-47
1186,1,29,-34
1187,0,20,88
1188,0,23,28
1189,1,70,72
1190,0,16,37
1191,0,22,11
1192,1,16,-54
1193,1,27,73
1194,0,53,287
1195,0,21,11
1196,0,22,8
1197,0,55,70
1198,0,14,-46
1199,0,6,-4
1200,0,25,36
1201,0,44,130
1202,0,30,54
1203,0,18,-88
1204,2,119,696
1205,0,15,-29
1206,0,41,117
1207,0,39,229
1208,0,16,-18
1209,3,85,69
1210,0,13,34
1211,0,8,-60
1212,0,13,23
1213,0,4,3
1214,0,6,-145
1215,1,19,-1
1216,0,7,-19
1217,0,28,90
1218,0,24,-104
1219,0,22,61
1220,0,6,-22
1221,0,28,116
1222,0,36,-32
1223,0,21,-24
1224,0,22,12
1225,0,8,-45
1226,0,112,-174
1227,0,68,272
1228,0,14,-63
1229,0,20,-22
1230,0,40,73
1231,0,22,38
1232,0,13,36
1233,0,23,81
1234,2,69,128
1235,0,6,-14
1236,0,27,34
1237,0,15,-12
1238,0,6,12
1239,0,23,36
1240,0,23,85
1241,0,50,145
1242,0,6,-87
1243,0,26,-18
1244,0,21,61
1245,0,14,-7
1246,1,55,-52
1247,1,50,361
1248,0,35,166
1249,0,25,23
1250,0,6,-105
1251,0,21,25
1252,0,4,-54
1253,0,15,0
1254,0,8,-1
1255,0,7,-48
1256,0,7,-104
1257,0,14,-42
1258,0,14,65
1259,1,21,127
1260,0,14,-71
1261,0,27,128
1262,2,96,355
1263,1,41,219
1264,0,47,101
1265,0,7,-54
1266,3,117,525
1267,1,29,47
1268,0,21,114
1269,0,21,-117
1270,1,25,123
1271,0,7,37
1272,0,30,94
1273,0,44,141
1274,0,37,299
1275,0,16,-52
1276,0,7,-47
1277,2,76,246
1278,0,8,-51
1279,0,30,223
1280,0,45,-9
1281,3,68,174
1282,0,6,-95
1283,0,4,-5
1284,0,7,-6
1285,0,8,28
1286,0,6,-72
1287,0,22,107
1288,0,14,-3
1289,0,6,-95
1290,1,56,-4
1291,0,35,-76
1292,0,15,-39
1293,1,27,59
1294,9,69,251
1295,3,66,135
1296,1,37,136
1297,0,6,-95
1298,0,5,0
1299,0,14,10
1300,0,24,-18
1301,0,20,113
1302,0,4,-55
1303,0,27,102
1304,0,43,2
1305,0,6,-3
1306,0,14,56
1307,0,7,-54
1308,1,25,94
1309,0,38,270
1310,0,34,7
1311,0,7,-96
1312,0,6,-95
1313,0,45,-16
1314,0,7,2
1315,0,14,-41
1316,1,16,-54
1317,0,45,312
1318,0,15,-77
1319,0,25,118
1320,0,6,20
1321,0,6,-17
1322,0,12,-38
1323,1,18,-53
1324,0,27,125
1325,0,7,-19
1326,0,4,42
1327,0,75,-106
1328,0,16,-8
1329,0,30,-69
1330,0,29,132
1331,0,35,109
1332,1,15,22
1333,2,25,0
1334,0,41,79
1335,0,22,14
1336,1,23,107
1337,0,6,-44
1338,0,21,-44
1339,1,39,181
1340,0,14,129
1341,0,24,91
1342,1,35,168
1343,0,7,-67
1344,0,64,126
1345,0,16,6
1346,1,21,44
1347,1,17,121
1348,0,13,34
1349,1,159,181
1350,0,22,70
1351,1,22,61
1352,1,36,105
1353,0,24,131
1354,0,4,-20
1355,3,143,224
1356,0,8,-107
1357,0,17,-23
1358,1,48,19
1359,1,83,231
1360,0,14,-38
1361,0,13,-83
1362,0,37,237
1363,0,28,92
1364,1,24,57
1365,0,43,36
1366,0,31,136
1367,0,99,205
1368,0,13,-13
1369,0,9,-146
1370,1,20,175
1371,0,26,28
1372,1,39,234
1373,1,21,104
1374,1,16,75
1375,0,33,126
1376,0,13,71
1377,0,21,75
1378,0,8,-64
1379,0,14,-18
1380,0,23,184
1381,0,15,56
1382,0,13,26
1383,0,9,-118
1384,0,7,29
1385,0,30,88
1386,0,6,-47
1387,0,6,-19
1388,1,31,150
1389,0,7,-146
1390,5,143,142
1391,0,8,-41
1392,0,49,172
1393,3,121,604
1394,1,31,182
1395,0,7,37
1396,0,20,34
1397,0,91,115
1398,1,52,316
1399,0,6,-45
1400,1,135,400
1401,0,24,-5
1402,1,26,103
1403,0,7,1
1404,0,7,-96
1405,0,19,165
1406,0,24,20
1407,1,31,28
1408,2,81,519
1409,0,22,48
1410,0,14,68
1411,0,25,123
1412,1,28,53
1413,0,6,-87
1414,0,25,115
1415,0,24,71
1416,0,14,73
1417,1,33,182
1418,0,17,-43
1419,0,7,-34
1420,0,23,51
1421,0,13,-115
1422,2,62,213
1423,0,27,-19
1424,0,22,45
1425,0,23,-10
1426,0,22,150
1427,0,16,-7
1428,2,59,193
1429,0,30,43
1430,0,7,-37
1431,0,13,5
1432,1,84,150
1433,0,14,15
1434,0,23,46
1435,0,8,-41
1436,0,13,31
1437,0,22,-50
1438,0,6,-69
1439,0,36,41
1440,0,43,46
1441,0,12,-13
1442,0,6,-71
1443,2,57,190
1444,0,4,-11
1445,0,33,123
1446,0,8,18
1447,0,35,130
1448,0,16,42
1449,1,25,28
1450,0,23,93
1451,0,24,-52
1452,0,13,-125
1453,0,23,69
1454,1,24,53
1455,0,22,124
1456,1,70,265
1457,0,7,-113
1458,1,17,32
1459,0,7,-90
1460,0,78,394
1461,4,75,237
1462,0,22,-21
1463,1,24,71
1464,0,7,-32
1465,0,5,-50
1466,0,6,-116
1467,1,21,8
1468,0,4,-13
1469,0,33,-31
1470,1,28,41
1471,0,30,134
1472,0,23,57
1473,0,34,188
1474,0,14,17
1475,0,22,192
1476,0,5,-8
1477,0,21,117
1478,0,4,43
1479,0,37,162
1480,0,7,-90
1481,2,23,186
1482,0,43,137
1483,0,38,157
1484,0,6,36
1485,0,8,9
1486,0,46,184
1487,0,21,66
1488,0,22,-97
1489,0,21,81
1490,0,6,4
1491,0,27,147
1492,0,13,13
1493,0,15,1
1494,0,13,41
1495,0,21,101
1496,1,47,225
1497,0,64,240
1498,0,50,164
1499,0,8,-11
1500,1,22,84
1501,0,42,192
1502,0,42,183
1503,0,22,47
1504,0,9,-49
1505,0,5,-56
1506,2,18,26
1507,0,16,51
1508,1,32,56
1509,0,44,51
1510,0,26,6
1511,2,52,-106
1512,0,45,242
1513,0,35,-47
1514,1,31,89
1515,0,7,-32
1516,0,6,44
1517,0,6,-87
1518,1,29,276
1519,0,7,-56
1520,0,6,-19
1521,0,23,146
1522,0,22,68
1523,0,6,5
1524,1,39,236
1525,0,21,81
1526,0,5,-8
1527,2,93,435
1528,0,45,15
1529,0,20,110
1530,0,25,98
1531,1,22,139
1532,0,8,20
1533,1,26,48
1534,0,13,34
1535,1,18,-3
1536,0,73,-141
1537,0,5,-98
1538,0,24,42
1539,1,51,122
1540,1,15,183
1541,0,14,28
1542,0,6,-145
1543,0,9,-48
1544,0,5,-44
1545,0,21,85
1546,0,6,-76
1547,0,15,-41
1548,0,24,-3
1549,0,67,153
1550,1,48,344
1551,0,13,86
1552,0,16,-46
1553,1,15,4
1554,0,22,-10
1555,0,23,-145
1556,0,51,-32
1557,0,7,-45
1558,3,46,119
1559,0,30,217
1560,0,65,248
1561,0,4,-54
1562,0,9,27
1563,0,24,62
1564,0,34,26
1565,1,21,24
1566,0,16,31
1567,1,35,135
1568,0,6,13
1569,0,69,67
1570,1,24,-77
1571,0,41,53
1572,0,35,175
1573,0,4,-11
1574,0,6,-44
1575,0,11,-25
1576,1,23,146
1577,3,71,171
1578,0,30,-71
1579,0,26,78
1580,1,22,79
1581,3,58,243
1582,0,111,217
1583,1,142,784
1584,0,12,9
1585,0,5,-8
1586,0,22,69
1587,1,31,110
1588,0,13,49
1589,0,21,38
1590,1,18,82
1591,0,7,29
1592,0,4,-4
1593,2,78,334
1594,0,21,45
1595,0,29,125
1596,0,30,99
1597,0,81,-57
1598,1,60,182
1599,0,21,88
1600,0,15,-13
1601,0,6,-19
1602,0,52,279
1603,0,22,184
1604,5,136,752
1605,0,21,6
1606,0,13,-54
1607,0,23,44
1608,0,4,-6
1609,0,7,-5
1610,0,21,46
1611,0,7,-83
1612,0,8,18
1613,0,15,3
1614,1,34,190
1615,0,6,-14
1616,0,23,74
1617,0,22,71
1618,2,35,126
1619,1,21,81
1620,0,52,302
1621,0,22,63
1622,0,43,298
1623,1,104,-15
1624,0,8,-57
1625,0,13,83
1626,0,30,104
1627,0,28,218
1628,1,24,82
1629,0,85,62
1630,0,23,51
1631,1,40,269
1632,0,14,-24
1633,0,13,-39
1634,0,14,70
1635,0,70,-10
1636,1,30,113
1637,0,34,-14
1638,0,24,117
1639,2,200,473
1640,0,36,195
1641,1,86,235
1642,0,20,59
1643,0,21,-5
1644,1,32,93
1645,1,35,267
1646,0,35,40
1647,0,7,3
1648,0,21,17
1649,2,34,159
1650,0,31,61
1651,1,27,154
1652,0,67,112
1653,0,48,137
1654,0,6,-26
1655,2,34,144
1656,1,28,52
1657,1,41,194
1658,0,13,-27
1659,0,6,36
1660,0,4,33
1661,1,22,147
1662,0,25,7
1663,0,39,193
1664,2,161,34
1665,0,26,100
1666,1,34,177
1667,0,13,13
1668,1,36,40
1669,1,61,148
1670,1,70,215
1671,0,6,-37
1672,0,47,194
1673,0,31,59
1674,0,61,135
1675,1,22,77
1676,0,15,-92
1677,1,119,531
1678,0,7,-38
1679,1,111,443
1680,0,47,198
1681,0,8,-8
1682,0,43,166
1683,0,7,-67
1684,0,48,-22
1685,0,21,34
1686,0,23,49
1687,0,41,140
1688,0,106,425
1689,0,14,-57
1690,0,24,147
1691,0,14,-76
1692,1,27,180
1693,0,27,105
1694,0,15,-104
1695,0,31,2
1696,0,23,113
1697,0,31,28
1698,1,21,50
1699,0,29,36
1700,1,29,147
1701,0,24,32
1702,1,26,143
1703,0,26,61
1704,3,73,342
1705,0,15,-55
1706,0,6,-47
1707,0,14,-3
1708,1,77,222
1709,1,36,98
1710,0,81,-13
1711,0,16,28
1712,0,65,100
1713,0,6,31
1714,0,23,-53
1715,1,48,207
1716,0,15,-14
1717,0,7,-96
1718,0,25,109
1719,0,21,-12
1720,0,37,296
1721,0,7,-40
1722,0,28,81
1723,0,83,-57
1724,0,4,-15
1725,0,6,-47
1726,1,45,248
1727,0,20,102
1728,0,37,83
1729,0,22,54
1730,0,27,129
1731,0,7,-38
1732,0,21,-36
1733,0,14,-23
1734,0,7,12
1735,2,64,350
1736,2,114,324
1737,0,16,50
1738,2,100,439
1739,3,31,66
1740,0,17,-51
1741,1,16,82
1742,0,45,163
1743,0,31,210
1744,0,21,92
1745,0,39,70
1746,0,20,41
1747,1,81,194
1748,0,7,-15
1749,0,7,-71
1750,0,20,107
1751,0,6,30
1752,0,6,5
1753,1,21,104
1754,1,60,-31
1755,0,24,110
1756,0,58,-74
1757,0,8,-12
1758,1,109,501
1759,0,21,106
1760,1,37,119
1761,0,158,278
1762,0,23,128
1763,0,15,-8
1764,0,22,-38
1765,0,21,48
1766,0,7,19
1767,0,25,100
1768,0,21,184
1769,0,29,-6
1770,1,47,214
1771,2,56,239
1772,0,27,86
1773,0,21,105
1774,0,29,154
1775,0,6,-39
1776,0,17,-11
1777,0,48,240
1778,0,41,293
1779,0,14,-16
1780,2,124,366
1781,0,36,43
1782,0,24,100
1783,0,22,99
1784,0,6,-27
1785,0,14,-35
1786,1,43,139
1787,0,24,95
1788,0,14,22
1789,0,7,20
1790,2,38,260
1791,0,6,12
1792,0,22,81
1793,0,13,-14
1794,0,12,-40
1795,0,26,31
1796,0,65,194
1797,0,26,123
1798,2,97,413
1799,2,54,441
1800,0,14,30
1801,1,33,150
1802,1,25,15
1803,3,65,252
1804,1,15,95
1805,0,8,26
1806,1,27,131
1807,0,6,5
1808,0,14,53
1809,0,6,-53
1810,0,45,337
1811,2,106,281
1812,0,14,47
1813,0,15,24
1814,1,52,176
1815,0,9,-13
1816,0,21,65
1817,1,27,78
1818,1,43,312
1819,0,6,13
1820,1,64,76
1821,0,19,23
1822,0,4,-30
1823,0,5,46
1824,1,27,66
1825,2,41,388
1826,1,17,129
1827,1,34,190
1828,2,26,245
1829,0,6,-27
1830,1,42,182
1831,0,25,113
1832,0,23,102
1833,0,46,243
1834,0,22,0
1835,0,21,77
1836,0,22,84
1837,0,16,-5
1838,0,16,-34
1839,0,23,135
1840,3,116,435
1841,0,13,25
1842,4,88,273
1843,0,21,94
1844,0,6,-36
1845,1,22,136
1846,0,13,126
1847,1,38,59
1848,0,7,-43
1849,2,198,728
1850,1,74,255
1851,0,35,3
1852,0,24,153
1853,0,53,242
1854,0,22,66
1855,0,6,-101
1856,0,16,58
1857,0,111,129
1858,0,20,90
1859,0,45,252
1860,0,6,26
1861,0,23,46
1862,0,39,105
1863,0,23,23
1864,0,7,-46
1865,1,20,-1
1866,0,15,-80
1867,0,24,75
1868,0,4,-11
1869,1,53,442
1870,0,15,-57
1871,1,19,24
1872,0,42,244
1873,3,65,388
1874,0,8,-70
1875,0,16,-21
1876,0,29,104
1877,0,6,-56
1878,1,73,130
1879,0,6,12
1880,0,32,163
1881,1,31,190
1882,0,80,119
1883,3,45,349
1884,0,27,289
1885,1,36,152
1886,0,21,121
1887,0,24,-14
1888,0,21,65
1889,0,35,122
1890,0,16,-64
1891,3,36,318
1892,1,24,71
1893,0,6,-101
1894,1,24,156
1895,0,22,150
1896,1,34,26
1897,0,23,56
1898,0,22,78
1899,2,28,86
1900,0,13,4
1901,0,147,674
1902,1,23,127
1903,3,90,349
1904,1,18,174
1905,0,22,-3
1906,1,30,105
1907,0,20,-11
1908,0,20,101
1909,1,46,119
1910,0,15,32
1911,0,13,73
1912,0,5,46
1913,0,30,106
1914,1,30,166
1915,2,53,305
1916,0,6,11
1917,0,30,121
1918,0,4,-11
1919,0,6,5
1920,0,27,164
1921,1,37,106
1922,1,189,538
1923,0,15,-143
1924,0,36,205
1925,1,54,251
1926,1,36,199
1927,0,29,133
1928,0,6,-16
1929,1,71,132
1930,0,36,340
1931,2,74,530
1932,1,40,282
1933,0,61,134
1934,0,4,-20
1935,1,37,185
1936,0,29,27
1937,0,17,2
1938,0,6,13
1939,0,20,84
1940,0,23,16
1941,1,40,158
1942,1,50,-25
1943,0,22,6
1944,0,22,72
1945,0,23,70
1946,0,31,48
1947,1,30,55
1948,0,53,311
1949,0,39,50
1950,0,47,238
1951,1,61,326
1952,0,29,213
1953,3,128,626
1954,1,30,241
1955,0,20,109
1956,0,8,-26
1957,0,14,4
1958,0,14,36
1959,0,4,-107
1960,2,70,433
1961,0,13,-39
1962,0,13,113
1963,0,17,-36
1964,2,41,324
1965,0,29,197
1966,1,30,192
1967,0,22,164
1968,1,71,334
1969,0,6,21
1970,0,59,-27
1971,0,36,255
1972,1,24,145
1973,0,37,205
1974,0,54,191
1975,0,14,62
1976,2,113,209
1977,0,34,75
1978,0,28,198
1979,0,26,-158
1980,0,16,68
1981,0,35,196
1982,1,35,181
1983,0,47,18
1984,0,83,535
1985,1,48,239
1986,0,6,-45
1987,0,49,224
1988,0,4,-11
1989,0,15,-7
1990,0,6,-22
1991,2,62,316
1992,1,56,190
1993,0,6,24
1994,0,7,12
1995,1,26,134
1996,1,46,-60
1997,1,21,91
1998,0,13,-4
1999,0,32,159
2000,0,21,68
2001,0,22,76
2002,0,7,25
2003,2,37,124
2004,1,36,203
2005,0,70,195
2006,0,30,143
2007,1,83,380
2008,0,12,-28
2009,0,21,164
2010,0,41,77
2011,0,7,-46
2012,0,19,150
2013,0,45,102
2014,0,37,80
2015,0,23,110
2016,1,18,60
2017,1,26,140
2018,1,16,-18
2019,0,21,57
2020,0,7,1
2021,0,22,94
2022,0,38,-15
2023,0,7,-45
2024,0,13,70
2025,0,14,20
2026,1,17,1
2027,0,20,140
2028,0,102,344
2029,1,20,177
2030,0,22,59
2031,0,6,37
2032,1,21,88
2033,0,22,-19
2034,0,6,-23
2035,0,14,75
2036,1,38,312
2037,1,45,284
2038,0,46,264
2039,0,6,-55
2040,0,5,0
2041,0,24,21
2042,0,8,-9
2043,3,200,191
2044,0,22,26
2045,0,48,103
2046,0,15,33
2047,0,8,-37
2048,0,23,59
2049,0,30,269
2050,2,75,389
2051,0,40,241
2052,0,7,-106
2053,1,77,442
2054,0,24,26
2055,1,37,182
2056,1,22,171
2057,1,48,351
2058,0,6,-24
2059,0,13,93
2060,0,22,109
2061,2,57,167
2062,0,6,-19
2063,0,106,412
2064,0,8,-77
2065,0,21,97
2066,0,22,85
2067,1,18,65
2068,0,23,115
2069,0,6,-23
2070,1,97,107
2071,0,22,45
2072,1,81,492
2073,2,79,399
2074,1,25,125
2075,0,42,289
2076,3,77,416
2077,2,23,106
2078,0,21,6
2079,0,62,31
2080,1,66,391
2081,6,200,932
2082,1,81,379
2083,0,9,-10
2084,0,18,-46
2085,0,62,305
2086,0,20,92
2087,2,109,494
2088,0,8,-30
2089,0,31,86
2090,0,6,-55
2091,0,41,58
2092,0,23,46
2093,0,151,140
2094,1,20,22
2095,1,64,312
2096,0,8,10
2097,0,20,89
2098,2,104,314
2099,0,21,67
2100,0,22,23
2101,0,23,77
2102,0,27,127
2103,0,53,221
2104,0,36,237
2105,0,15,45
2106,0,21,106
2107,0,21,147
2108,0,31,176
2109,0,20,59
2110,2,84,518
2111,1,30,54
2112,0,4,-58
2113,0,62,227
2114,0,7,13
2115,0,29,97
2116,0,53,394
2117,2,36,114
2118,1,36,287
2119,1,18,80
2120,0,52,244
2121,0,55,419
2122,0,23,125
2123,0,33,99
2124,0,4,-62
2125,0,23,-26
2126,2,76,324
2127,0,31,69
2128,0,13,56
2129,0,7,26
2130,0,43,171
2131,0,29,196
2132,2,59,175
2133,0,22,70
2134,0,5,40
2135,0,6,-35
2136,0,13,77
2137,0,31,170
2138,0,24,129
2139,1,31,136
2140,0,22,152
2141,0,21,126
2142,0,44,333
2143,0,46,235
2144,2,36,258
2145,0,43,132
2146,0,29,115
2147,0,7,29
2148,0,16,72
2149,0,6,-35
2150,0,14,-36
2151,0,23,136
2152,0,6,-37
2153,0,7,-40
2154,1,22,62
2155,0,46,109
2156,1,29,261
2157,0,7,3
2158,0,15,46
2159,0,22,13
2160,1,65,224
2161,2,43,100
2162,2,79,129
2163,0,52,211
2164,0,13,-11
2165,1,21,96
2166,1,45,207
2167,0,65,221
2168,0,51,237
2169,0,21,35
2170,1,41,257
2171,0,14,35
2172,0,16,38
2173,0,6,-37
2174,0,52,269
2175,0,6,-43
2176,0,7,-38
2177,0,28,293
2178,0,22,163
2179,0,45,94
2180,1,30,34
2181,0,15,29
2182,0,24,133
2183,2,43,144
2184,0,37,-16
2185,0,96,185
2186,0,26,110
2187,0,38,172
2188,0,7,-20
2189,0,102,478
2190,0,62,435
2191,2,44,205
2192,1,31,275
2193,0,21,43
2194,0,24,132
2195,0,6,-11
2196,0,53,29
2197,1,21,101
2198,3,80,338
2199,0,29,130
2200,2,135,438
2201,0,23,124
2202,1,29,114
2203,0,5,-51
2204,0,29,209
2205,0,6,-36
2206,0,15,-14
2207,0,23,104
2208,0,20,-46
2209,0,21,126
2210,0,23,114
2211,0,21,80
2212,0,4,25
2213,0,6,-31
2214,0,14,35
2215,0,23,127
2216,1,15,145
2217,0,21,66
2218,0,43,329
2219,0,31,18
2220,0,22,101
2221,0,21,68
2222,0,28,196
2223,4,105,426
2224,0,15,19
2225,0,30,193
2226,0,21,172
2227,0,15,72
2228,1,104,359
2229,1,15,135
2230,0,15,-41
2231,2,28,208
2232,0,14,52
2233,1,63,478
2234,0,21,59
2235,1,57,199
2236,1,31,242
2237,0,14,8
2238,0,21,135
2239,0,31,105
2240,0,21,151
2241,0,32,163
2242,0,23,30
2243,2,66,410
2244,0,14,56
2245,0,46,288
2246,0,5,-16
2247,0,42,-1
2248,2,28,246
2249,0,28,96
2250,0,46,225
2251,1,115,360
2252,0,23,78
2253,2,68,353
2254,0,37,192
2255,0,6,13
2256,0,61,146
2257,1,37,169
2258,0,14,6
2259,0,13,13
2260,1,15,37
2261,0,22,59
2262,0,6,5
2263,0,36,102
2264,1,74,348
2265,0,6,25
2266,0,21,14
2267,0,20,116
2268,0,6,13
2269,2,38,236
2270,0,5,43
2271,0,83,217
2272,0,6,13
2273,0,30,167
2274,0,7,-75
2275,3,57,379
2276,1,17,36
2277,1,42,11
2278,0,28,256
2279,1,16,83
2280,0,39,283
2281,0,4,36
2282,1,32,39
2283,2,137,780
2284,0,4,42
2285,0,7,10
2286,2,173,919
2287,0,5,-11
2288,0,24,153
2289,1,26,-38
2290,1,55,257
2291,0,20,60
2292,0,25,84
2293,1,24,67
2294,0,34,212
2295,0,25,115
2296,1,32,280
2297,0,6,-42
2298,0,58,337
2299,2,85,377
2300,0,22,149
2301,2,63,495
2302,0,23,53
2303,1,36,141
2304,0,73,473
2305,0,68,124
2306,2,69,417
2307,0,27,295
2308,0,61,-39
2309,1,61,254
2310,4,94,640
2311,0,7,-96
2312,0,37,257
2313,1,36,191
2314,0,23,88
2315,1,30,261
2316,0,30,150
2317,1,32,185
2318,0,28,182
2319,0,12,14
2320,0,62,86
2321,1,54,75
2322,0,6,-87
2323,1,15,110
2324,2,72,75
2325,0,26,105
2326,0,14,4
2327,1,18,80
2328,0,8,9
2329,0,7,12
2330,0,25,33
2331,3,62,519
2332,0,8,-107
2333,0,29,146
2334,0,131,746
2335,1,42,233
2336,1,45,316
2337,0,36,295
2338,0,5,48
2339,1,28,330
2340,0,13,81
2341,1,32,156
2342,0,15,-27
2343,0,21,19
2344,0,6,5
2345,0,20,83
2346,1,32,31
2347,0,37,184
2348,1,48,170
2349,2,197,555
2350,1,38,369
2351,0,15,69
2352,0,38,74
2353,1,26,183
2354,0,29,142
2355,0,29,126
2356,0,21,98
2357,0,23,198
2358,1,31,151
2359,0,21,77
2360,0,23,151
2361,0,54,179
2362,0,16,65
2363,0,21,145
2364,0,6,12
2365,0,44,153
2366,1,16,-69
2367,0,13,85
2368,1,19,-1
2369,2,65,240
2370,0,14,62
2371,0,14,-62
2372,1,94,377
2373,2,200,631
2374,2,66,521
2375,0,52,296
2376,1,35,176
2377,3,97,616
2378,0,21,131
2379,0,8,28
2380,0,24,151
2381,1,16,6
2382,1,92,564
2383,1,49,394
2384,0,35,-12
2385,0,65,7
2386,0,48,359
2387,1,37,348
2388,0,30,231
2389,1,21,107
2390,0,74,355
2391,0,14,-56
2392,4,187,848
2393,0,7,10
2394,0,53,326
2395,1,45,103
2396,0,84,-52
2397,0,61,352
2398,0,8,-37
2399,1,81,472
2400,0,6,13
2401,2,100,261
2402,0,24,44
2403,1,30,145
2404,0,52,196
2405,0,33,91
2406,1,85,480
2407,0,15,51
2408,0,7,-96
2409,0,22,64
2410,0,7,-32
2411,1,65,346
2412,1,23,121
2413,1,42,302
2414,1,141,624
2415,2,132,315
2416,1,28,287
2417,0,6,29
2418,0,8,10
2419,1,54,208
2420,0,13,62
2421,0,22,85
2422,0,7,12
2423,0,41,96
2424,0,5,-8
2425,0,53,269
2426,0,22,170
2427,0,15,-77
2428,0,78,407
2429,0,23,72
2430,0,7,2
2431,0,13,24
2432,0,16,38
2433,0,4,-20
2434,0,14,40
2435,0,45,143
2436,0,6,3
2437,0,60,205
2438,0,36,214
2439,1,21,98
2440,0,7,29
2441,0,35,200
2442,5,200,1021
2443,0,6,-3
2444,1,31,285
2445,0,14,80
2446,0,22,63
2447,0,36,152
2448,1,115,328
2449,0,20,129
2450,1,28,203
2451,1,18,51
2452,0,6,12
2453,0,14,26
2454,0,31,110
2455,0,69,440
2456,2,64,437
2457,0,22,112
2458,1,21,206
2459,1,19,117
2460,0,7,37
2461,2,153,636
2462,0,33,104
2463,3,91,217
2464,0,27,169
2465,0,20,124
2466,0,29,220
2467,1,16,44
2468,0,21,171
2469,2,73,275
2470,9,178,745
2471,1,27,60
2472,0,7,1
2473,0,7,-38
2474,0,5,-16
2475,0,64,440
2476,0,24,123
2477,0,6,-13
2478,0,23,75
2479,0,7,-88
2480,0,40,198
2481,0,22,151
2482,0,24,72
2483,1,17,47
2484,1,50,246
2485,0,4,33
2486,0,4,30
2487,1,33,201
2488,1,68,310
2489,0,4,30
2490,0,39,216
2491,0,22,61
2492,0,21,134
2493,1,16,-28
2494,3,37,269
2495,0,7,-37
2496,0,26,53
2497,0,6,21
2498,1,66,481
2499,1,73,478
2500,1,53,301
2501,0,21,39
2502,1,48,381
2503,2,16,46
2504,0,30,264
2505,0,44,275
2506,0,13,33
2507,1,42,170
2508,0,44,121
2509,0,29,170
2510,0,22,162
2511,0,22,64
2512,0,6,44
2513,0,23,109
2514,0,24,126
2515,0,21,229
2516,1,25,206
2517,0,22,143
2518,0,21,125
2519,0,39,240
2520,0,28,150
2521,1,44,330
2522,1,92,340
2523,0,30,78
2524,0,14,75
2525,1,26,70
2526,3,63,395
2527,1,89,528
2528,1,68,223
2529,3,67,481
2530,0,7,12
2531,0,22,136
2532,0,4,28
2533,0,46,219
2534,0,38,107
2535,0,31,234
2536,1,21,-22
2537,0,21,32
2538,0,9,25
2539,0,31,252
2540,0,32,92
2541,1,32,164
2542,1,59,138
2543,0,37,122
2544,0,23,63
2545,0,65,362
2546,0,7,-36
2547,0,22,54
2548,0,22,150
2549,2,66,492
2550,4,74,383
2551,0,19,33
2552,1,59,429
2553,0,44,104
2554,1,29,126
2555,0,21,64
2556,1,31,178
2557,6,131,198
2558,0,7,-19
2559,8,121,433
2560,0,6,5
2561,2,64,181
2562,0,15,-27
2563,0,23,43
2564,0,32,95
2565,0,49,206
2566,2,97,496
2567,1,98,299
2568,0,33,91
2569,1,19,121
2570,0,30,193
2571,0,32,105
2572,0,23,133
2573,0,7,2
2574,0,52,434
2575,0,36,303
2576,0,13,66
2577,0,6,3
2578,2,43,87
2579,0,13,13
2580,0,17,-9
2581,0,23,107
2582,0,7,54
2583,0,7,-45
2584,0,6,-19
2585,0,23,205
2586,1,25,128
2587,0,9,17
2588,1,54,261
2589,0,28,188
2590,3,77,429
2591,0,6,-35
2592,1,17,113
2593,0,49,364
2594,1,21,4
2595,0,23,83
2596,0,21,157
2597,0,24,32
2598,0,7,21
2599,1,77,26
2600,0,43,352
2601,0,40,266
2602,0,22,61
2603,1,23,86
2604,0,21,126
2605,0,20,91
2606,2,70,322
2607,0,21,85
2608,1,59,381
2609,2,118,559
2610,0,8,-86
2611,0,37,178
2612,0,121,519
2613,0,7,-115
2614,5,130,618
2615,1,118,501
2616,1,42,381
2617,0,39,110
2618,0,14,-96
2619,0,6,-94
2620,0,8,-29
2621,2,200,-230
2622,2,105,483
2623,2,200,604
2624,1,64,287
2625,0,88,4
2626,2,100,512
2627,0,21,156
2628,1,22,120
2629,0,20,90
2630,0,23,46
2631,0,21,55
2632,1,23,146
2633,0,8,-7
2634,2,23,113
2635,0,37,279
2636,0,21,90
2637,0,58,67
2638,1,47,429
2639,0,23,135
2640,0,6,13
2641,2,150,453
2642,0,21,82
2643,2,65,478
2644,0,22,78
2645,1,15,100
2646,1,31,29
2647,1,54,388
2648,2,51,355
2649,0,81,-44
2650,0,42,225
2651,0,15,89
2652,0,39,50
2653,1,28,63
2654,0,47,46
2655,0,22,143
2656,0,14,99
2657,0,44,390
2658,1,19,76
2659,0,35,295
2660,0,6,-93
2661,2,83,265
2662,1,89,349
2663,0,4,-53
2664,0,29,183
2665,0,36,265
2666,0,92,659
2667,3,112,714
2668,0,29,187
2669,0,24,170
2670,1,67,367
2671,0,22,104
2672,1,83,392
2673,0,64,167
2674,1,91,420
2675,1,44,337
2676,0,14,25
2677,1,200,823
2678,1,90,598
2679,2,100,564
2680,3,90,477
2681,0,33,77
2682,3,104,522
2683,0,21,165
2684,0,23,161
2685,0,7,13
2686,0,7,29
2687,0,56,251
2688,1,33,209
2689,0,22,133
2690,2,52,296
2691,0,94,174
2692,0,82,435
2693,0,28,69
2694,0,23,93
2695,0,36,201
2696,0,23,57
2697,1,14,97
2698,2,39,42
2699,0,42,186
2700,0,29,168
2701,0,24,45
2702,2,38,188
2703,0,13,56
2704,0,8,-41
2705,0,20,134
2706,3,84,607
2707,0,7,29
2708,0,15,-127
2709,2,75,399
2710,1,25,17
2711,0,36,254
2712,0,186,482
2713,1,63,280
2714,0,21,135
2715,0,22,30
2716,1,48,441
2717,0,21,198
2718,0,23,107
2719,1,31,283
2720,0,24,6
2721,1,31,173
2722,0,95,186
2723,1,24,156
2724,0,30,188
2725,1,38,293
2726,0,16,66
2727,2,68,443
2728,0,80,514
2729,0,120,478
2730,0,20,33
2731,0,8,-36
2732,0,20,134
2733,1,44,320
2734,0,51,69
2735,0,15,113
2736,0,43,120
2737,2,63,474
2738,3,161,857
2739,0,14,16
2740,2,62,419
2741,0,6,29
2742,1,83,605
2743,1,66,220
2744,1,16,153
2745,0,52,259
2746,0,30,204
2747,3,200,585
2748,2,109,643
2749,1,29,252
2750,2,160,361
2751,0,91,410
2752,0,7,29
2753,1,40,251
2754,2,166,703
2755,0,7,-7
2756,0,30,233
2757,0,57,509
2758,1,16,138
2759,0,23,39
2760,0,29,198
2761,2,85,468
2762,0,14,5
2763,0,13,41
2764,0,5,48
2765,0,4,-15
2766,1,22,114
2767,0,13,11
2768,0,57,14
2769,6,200,474
2770,0,42,196
2771,7,113,496
2772,0,29,282
2773,1,23,62
2774,1,152,181
2775,0,6,-114
2776,0,23,134
2777,1,17,31
2778,1,31,223
2779,0,4,-21
2780,0,14,45
2781,0,21,101
2782,0,15,4
2783,1,15,-3
2784,0,20,178
2785,0,27,139
2786,0,55,259
2787,1,16,67
2788,7,170,662
2789,0,6,30
2790,0,15,126
2791,0,6,36
2792,0,29,263
2793,1,133,561
2794,0,22,32
2795,3,140,787
2796,0,63,227
2797,0,184,763
2798,0,32,267
2799,0,22,31
2800,0,22,114
2801,0,22,101
2802,0,4,-5
2803,0,28,242
2804,1,48,295
2805,0,6,-22
2806,0,16,130
2807,0,6,-95
2808,1,51,311
2809,3,96,494
2810,0,21,6
2811,0,47,291
2812,0,39,219
2813,0,7,21
2814,1,68,217
2815,0,8,-107
2816,2,167,739
2817,0,27,260
2818,0,36,306
2819,0,22,101
2820,0,20,173
2821,0,21,92
2822,0,28,187
2823,0,6,3
2824,0,21,62
2825,0,7,-80
2826,0,23,124
2827,3,103,654
2828,0,88,202
2829,0,20,63
2830,1,16,-70
2831,0,94,259
2832,1,35,173
2833,1,65,408
2834,3,192,1097
2835,0,11,-4
2836,1,22,93
2837,1,40,214
2838,0,24,98
2839,0,28,220
2840,0,53,181
2841,0,4,37
2842,0,48,137
2843,0,27,165
2844,7,154,538
2845,4,95,529
2846,1,33,130
2847,1,74,431
2848,0,36,237
2849,0,22,93
2850,1,89,439
2851,2,175,651
2852,1,16,89
2853,0,7,-10
2854,0,7,-38
2855,0,23,145
2856,0,85,671
2857,0,6,-95
2858,1,21,72
2859,0,119,467
2860,0,14,-1
2861,2,59,478
2862,0,25,28
2863,0,24,55
2864,2,100,247
2865,3,36,268
2866,2,196,442
2867,0,45,264
2868,2,64,412
2869,0,31,76
2870,2,46,258
2871,0,16,31
2872,0,22,156
2873,0,45,244
2874,1,20,64
2875,0,4,30
2876,1,200,1136
2877,0,38,78
2878,2,81,555
2879,2,104,581
2880,0,8,10
2881,0,22,150
2882,1,59,454
2883,0,25,5
2884,2,53,179
2885,1,16,64
2886,1,200,992
2887,0,13,69
2888,2,61,456
2889,0,57,-26
2890,2,194,766
2891,1,62,394
2892,0,27,197
2893,0,20,81
2894,9,200,896
2895,0,29,176
2896,0,30,167
2897,0,23,93
2898,1,36,213
2899,1,51,495
2900,0,6,-37
2901,1,27,204
2902,1,15,143
2903,0,14,-84
2904,0,6,21
2905,0,23,161
2906,0,23,84
2907,0,16,96
2908,0,195,468
2909,0,7,10
2910,0,20,138
2911,2,175,1273
2912,0,22,146
2913,0,23,101
2914,0,22,130
2915,0,35,147
2916,0,22,157
2917,1,76,-154
2918,0,21,78
2919,0,24,154
2920,2,52,347
2921,0,20,112
2922,0,13,-30
2923,0,6,-52
2924,0,6,-39
2925,0,53,313
2926,3,69,564
2927,1,105,651
2928,0,13,90
2929,0,21,189
2930,0,30,196
2931,2,130,768
2932,1,31,187
2933,3,102,649
2934,0,6,-47
2935,0,30,174
2936,0,8,-47
2937,0,55,366
2938,0,14,-5
2939,2,97,486
2940,0,13,83
2941,2,72,566
2942,1,44,280
2943,0,23,151
2944,1,32,152
2945,0,22,109
2946,0,14,14
2947,0,23,11
2948,0,13,111
2949,0,7,29
2950,3,49,381
2951,4,100,535
2952,1,121,502
2953,0,35,87
2954,5,200,676
2955,1,28,250
2956,0,6,-26
2957,0,6,36
2958,0,56,216
2959,0,38,248
2960,3,200,759
2961,0,28,151
2962,0,36,111
2963,2,185,1000
2964,3,130,805
2965,3,200,787
2966,2,113,794
2967,0,25,119
2968,0,25,44
2969,0,22,170
2970,0,57,422
2971,0,70,194
2972,0,23,56
2973,9,187,835
2974,0,8,1
2975,0,8,-55
2976,0,41,240
2977,0,21,165
2978,0,36,222
2979,0,6,-72
2980,0,79,36
2981,2,54,288
2982,1,118,234
2983,0,7,-34
2984,0,32,170
2985,3,200,409
2986,0,23,117
2987,0,36,142
2988,0,21,37
2989,0,23,81
2990,0,13,77
2991,7,80,606
2992,0,45,21
2993,3,58,405
2994,2,101,447
2995,1,16,76
2996,0,65,206
2997,0,24,162
2998,0,21,81
2999,0,53,275
3000,0,52,69
3001,0,23,47
3002,2,127,795
3003,2,62,388
3004,0,200,586
3005,2,35,227
3006,0,37,263
3007,1,41,294
3008,0,46,214
3009,1,38,232
3010,0,45,170
3011,2,200,939
3012,1,36,201
3013,3,193,1062
3014,0,4,-62
3015,0,37,61
3016,0,29,138
3017,2,61,324
3018,0,28,244
3019,0,22,69
3020,0,28,254
3021,1,200,195
3022,0,29,79
3023,0,28,197
3024,3,182,1105
3025,2,106,562
3026,0,21,152
3027,0,35,201
3028,1,22,245
3029,0,33,192
3030,0,23,151
3031,0,21,123
3032,0,21,61
3033,1,32,110
3034,1,29,123
3035,1,21,151
3036,2,43,286
3037,1,137,593
3038,0,16,24
3039,0,28,224
3040,2,46,450
3041,0,23,53
3042,0,50,206
3043,0,6,-35
3044,1,42,161
3045,4,94,631
3046,0,13,1
3047,0,20,101
3048,0,21,93
3049,2,56,487
3050,0,8,-46
3051,0,34,92
3052,2,44,186
3053,0,22,1
3054,4,121,565
3055,0,61,387
3056,0,28,87
3057,0,29,48
3058,1,103,283
3059,1,51,281
3060,3,99,361
3061,4,200,829
3062,0,73,270
3063,0,8,-29
3064,0,94,-126
3065,1,200,664
3066,0,21,132
3067,0,22,120
3068,8,190,486
3069,0,28,273
3070,1,29,241
3071,2,54,282
3072,2,68,476
3073,2,95,622
3074,1,200,1138
3075,0,20,77
3076,0,14,97
3077,0,40,231
3078,1,65,230
3079,0,115,339
3080,0,25,135
3081,0,6,11
3082,4,200,260
3083,0,13,-27
3084,0,21,101
3085,0,21,107
3086,0,7,-68
3087,0,14,97
3088,3,200,755
3089,0,24,145
3090,1,19,56
3091,1,186,778
3092,0,30,306
3093,0,37,253
3094,1,18,112
3095,0,46,190
3096,2,36,149
3097,0,59,311
3098,0,38,181
3099,0,22,107
3100,2,72,533
3101,0,21,22
3102,0,42,179
3103,0,22,47
3104,0,34,22
3105,2,69,452
3106,2,43,315
3107,2,97,299
3108,0,29,237
3109,0,21,165
3110,1,76,-85
3111,0,14,22
3112,0,39,110
3113,8,200,1008
3114,0,21,117
3115,0,105,496
3116,1,15,47
3117,0,23,175
3118,0,30,143
3119,1,51,312
3120,0,20,60
3121,0,22,80
3122,2,123,662
3123,0,13,26
3124,1,200,830
3125,0,47,281
3126,0,9,-34
3127,1,193,934
3128,0,35,105
3129,2,16,100
3130,0,27,64
3131,3,46,279
3132,0,5,-69
3133,1,200,576
3134,1,200,650
3135,2,50,353
3136,0,44,317
3137,0,60,386
3138,0,63,263
3139,0,44,284
3140,0,24,132
3141,1,31,129
3142,1,21,191
3143,1,40,230
3144,0,21,163
3145,0,57,390
3146,0,121,196
3147,1,71,600
3148,1,16,137
3149,0,21,125
3150,0,21,11
3151,0,60,505
3152,2,103,366
3153,2,179,998
3154,2,46,269
3155,0,55,436
3156,6,200,1053
3157,1,19,141
3158,0,20,144
3159,1,59,301
3160,0,20,33
3161,1,28,145
3162,0,13,15
3163,1,23,196
3164,2,63,454
3165,1,31,163
3166,1,27,202
3167,10,200,850
3168,1,17,121
3169,2,74,445
3170,2,75,676
3171,1,200,659
3172,1,55,265
3173,1,42,294
3174,0,14,-32
3175,1,34,91
3176,0,21,60
3177,0,13,53
3178,0,5,0
3179,4,83,505
3180,0,26,7
3181,0,15,64
3182,1,89,590
3183,0,23,27
3184,0,6,4
3185,2,84,596
3186,0,22,40
3187,0,200,610
3188,0,24,88
3189,0,15,100
3190,0,31,156
3191,0,7,-19
3192,0,178,43
3193,0,6,-52
3194,0,5,8
3195,1,105,129
3196,0,36,58
3197,0,6,-33
3198,3,79,639
3199,0,15,39
3200,0,27,215
3201,0,22,123
3202,0,50,338
3203,1,72,573
3204,2,46,245
3205,0,65,402
3206,0,21,54
3207,0,20,101
3208,1,39,370
3209,0,6,-82
3210,1,56,389
3211,2,65,330
3212,1,81,542
3213,7,141,664
3214,1,41,320
3215,0,6,-103
3216,0,6,-29
3217,1,16,97
3218,2,72,557
3219,2,61,262
3220,1,29,325
3221,0,30,249
3222,4,200,864
3223,0,24,-11
3224,2,20,108
3225,0,154,602
3226,0,56,365
3227,1,74,594
3228,1,16,126
3229,1,31,137
3230,2,33,226
3231,0,32,200
3232,0,13,-12
3233,1,59,381
3234,1,61,405
3235,0,30,260
3236,0,20,107
3237,0,22,86
3238,0,28,258
3239,0,6,-12
3240,0,23,53
3241,1,152,56
3242,0,28,184
3243,0,34,148
3244,0,36,280
3245,0,22,88
3246,3,101,705
3247,0,6,-4
3248,0,7,0
3249,0,23,45
3250,0,48,157
3251,0,22,89
3252,0,22,49
3253,1,106,324
3254,1,42,475
3255,0,49,344
3256,0,28,180
3257,0,16,26
3258,0,38,375
3259,0,24,40
3260,0,21,179
3261,0,7,12
3262,1,66,319
3263,1,16,61
3264,1,39,188
3265,6,170,704
3266,0,22,100
3267,2,200,505
3268,1,41,226
3269,0,16,40
3270,0,53,42
3271,0,8,-46
3272,0,22,142
3273,0,15,-25
3274,5,111,213
3275,0,38,243
3276,1,200,1062
3277,0,30,223
3278,0,49,350
3279,0,52,399
3280,5,81,391
3281,0,28,219
3282,0,35,267
3283,0,13,104
3284,0,26,101
3285,3,80,274
3286,0,22,98
3287,2,200,765
3288,0,28,88
3289,1,16,94
3290,0,33,187
3291,0,44,268
3292,0,13,68
3293,1,98,675
3294,1,21,119
3295,0,6,-12
3296,1,44,367
3297,0,20,176
3298,0,14,22
3299,0,35,349
3300,2,137,468
3301,1,31,169
3302,1,18,93
3303,1,200,518
3304,0,50,503
3305,0,6,13
3306,3,82,700
3307,3,67,581
3308,0,13,95
3309,1,40,294
3310,0,6,5
3311,2,110,173
3312,1,24,198
3313,0,35,202
3314,0,62,303
3315,14,200,1054
3316,0,21,112
3317,0,37,303
3318,0,23,40
3319,0,21,4
3320,0,20,115
3321,1,36,386
3322,2,200,771
3323,0,6,-39
3324,0,130,384
3325,0,28,186
3326,1,25,119
3327,2,17,145
3328,0,30,90
3329,0,13,5
3330,3,200,643
3331,2,122,716
3332,0,63,132
3333,1,16,103
3334,2,42,305
3335,1,84,807
3336,0,28,245
3337,1,19,22
3338,1,16,-16
3339,1,71,455
3340,1,17,85
3341,0,34,214
3342,2,58,412
3343,0,15,57
3344,0,7,29
3345,7,138,908
3346,1,37,338
3347,0,29,279
3348,0,20,113
3349,0,32,170
3350,1,194,619
3351,0,7,37
3352,0,21,137
3353,2,34,350
3354,0,14,42
3355,0,23,163
3356,4,200,1020
3357,2,117,433
3358,1,69,472
3359,3,39,249
3360,4,87,565
3361,4,200,517
3362,0,23,56
3363,2,200,1079
3364,1,62,467
3365,1,16,38
3366,2,200,1197
3367,0,20,48
3368,3,141,919
3369,1,16,82
3370,1,52,344
3371,0,56,311
3372,1,49,202
3373,0,37,312
3374,1,30,172
3375,1,73,434
3376,1,200,365
3377,0,21,156
3378,1,168,751
3379,0,27,203
3380,0,200,650
3381,1,48,447
3382,0,47,221
3383,0,14,5
3384,3,74,775
3385,0,59,422
3386,1,23,176
3387,0,35,196
3388,0,31,106
3389,0,22,136
3390,0,22,27
3391,0,36,195
3392,0,29,207
3393,1,82,583
3394,0,21,-2
3395,0,25,123
3396,0,4,-16
3397,1,15,89
3398,0,21,185
3399,0,20,111
3400,3,41,277
3401,1,41,292
3402,0,33,182
3403,0,21,174
3404,2,84,365
3405,3,153,699
3406,0,23,158
3407,7,72,510
3408,0,35,307
3409,1,23,150
3410,0,41,350
3411,0,21,49
3412,2,71,363
3413,0,23,98
3414,0,23,156
3415,0,14,-7
3416,0,25,162
3417,0,5,8
3418,0,6,3
3419,0,33,301
3420,0,34,321
3421,0,28,188
3422,0,41,126
3423,8,97,551
3424,0,82,548
3425,2,60,510
3426,1,63,375
3427,1,32,-4
3428,0,7,2
3429,0,5,-8
3430,1,42,268
3431,1,23,235
3432,1,24,165
3433,0,20,182
3434,2,72,544
3435,0,13,131
3436,0,44,235
3437,0,6,3
3438,2,140,700
3439,0,92,227
3440,0,96,311
3441,1,96,724
3442,0,21,96
3443,0,52,359
3444,1,200,1202
3445,2,99,414
3446,0,21,128
3447,3,108,343
3448,0,23,176
3449,8,169,1170
3450,0,14,22
3451,0,23,164
3452,1,23,78
3453,0,23,98
3454,0,21,114
3455,0,31,240
3456,4,200,1357
3457,7,107,651
3458,4,200,1059
3459,0,24,74
3460,0,28,251
3461,0,35,240
3462,0,22,109
3463,0,5,-7
3464,1,16,3
3465,0,15,28
3466,0,13,83
3467,1,46,295
3468,1,15,133
3469,0,22,99
3470,0,7,-36
3471,0,24,52
3472,1,75,579
3473,2,36,232
3474,0,20,201
3475,3,85,695
3476,1,111,432
3477,1,125,731
3478,1,50,353
3479,0,15,13
3480,0,117,438
3481,0,29,270
3482,0,28,175
3483,0,13,58
3484,2,50,387
3485,0,69,176
3486,0,20,36
3487,0,36,280
3488,1,136,671
3489,2,69,526
3490,0,101,-37
3491,0,24,64
3492,0,22,39
3493,0,13,94
3494,16,200,1034
3495,0,35,370
3496,0,28,163
3497,0,6,5
3498,1,20,134
3499,0,68,298
3500,1,39,315
3501,2,36,376
3502,0,23,155
3503,0,7,11
3504,1,25,135
3505,0,24,168
3506,1,53,315
3507,0,36,124
3508,3,94,579
3509,0,27,297
3510,0,114,686
3511,1,47,234
3512,0,42,145
3513,0,23,133
3514,0,71,238
3515,0,13,88
3516,0,21,196
3517,1,60,308
3518,3,105,537
3519,0,89,241
3520,0,24,158
3521,2,200,875
3522,1,74,272
3523,0,7,-7
3524,0,36,174
3525,6,200,493
3526,0,28,253
3527,0,15,73
3528,0,23,180
3529,0,6,-62
3530,0,178,1158
3531,0,47,313
3532,0,200,112
3533,1,60,485
3534,0,88,116
3535,0,36,329
3536,0,24,120
3537,1,32,260
3538,0,14,21
3539,0,38,190
3540,0,20,124
3541,0,13,8
3542,4,129,894
3543,1,18,47
3544,6,118,518
3545,0,52,353
3546,1,73,403
3547,0,7,29
3548,0,14,52
3549,1,39,239
3550,0,29,130
3551,2,88,363
3552,0,16,65
3553,1,15,85
3554,1,127,498
3555,1,38,188
3556,0,118,-25
3557,1,200,263
3558,0,17,95
3559,1,20,110
3560,3,127,734
3561,0,23,48
3562,0,59,388
3563,0,6,-43
3564,0,77,13
3565,0,25,69
3566,3,200,570
3567,0,15,45
3568,2,67,385
3569,0,79,205
3570,3,92,744
3571,2,66,311
3572,3,200,1271
3573,0,22,158
3574,1,80,447
3575,0,6,13
3576,0,83,599
3577,0,13,14
3578,0,29,134
3579,0,22,144
3580,0,21,212
3581,0,6,-52
3582,0,22,46
3583,3,156,509
3584,9,200,365
3585,4,200,1001
3586,0,44,229
3587,0,25,74
3588,1,50,134
3589,0,7,21
3590,3,150,877
3591,0,13,-5
3592,0,8,-20
3593,0,32,256
3594,0,6,38
3595,1,45,221
3596,2,84,713
3597,1,66,356
3598,4,200,455
3599,0,20,148
3600,1,200,262
3601,0,16,61
3602,1,200,422
3603,0,7,21
3604,1,50,371
3605,0,37,104
3606,2,200,795
3607,0,23,133
3608,1,17,81
3609,2,200,703
3610,0,23,215
3611,0,21,163
3612,0,77,370
3613,1,25,166
3614,0,22,66
3615,0,21,139
3616,0,21,105
3617,0,21,101
3618,0,22,132
3619,0,35,188
3620,1,29,89
3621,0,44,106
3622,0,22,59
3623,1,86,239
3624,0,74,649
3625,0,22,142
3626,1,29,263
3627,0,30,183
3628,0,20,166
3629,0,56,173
3630,0,22,164
3631,0,41,435
3632,7,85,511
3633,0,7,41
3634,0,13,124
3635,8,189,1121
3636,0,13,66
3637,0,23,172
3638,3,56,618
3639,0,14,0
3640,0,13,50
3641,0,47,204
3642,1,30,279
3643,3,150,857
3644,0,7,-6
3645,1,72,573
3646,4,106,802
3647,1,22,171
3648,0,21,174
3649,1,68,533
3650,2,70,441
3651,0,22,150
3652,0,47,268
3653,2,56,434
3654,0,21,167
3655,1,43,300
3656,3,48,307
3657,2,41,348
3658,3,127,695
3659,1,32,209
3660,3,66,526
3661,0,6,-29
3662,0,32,88
3663,0,15,49
3664,2,70,464
3665,6,76,534
3666,0,31,136
3667,4,63,289
3668,0,22,116
3669,2,149,720
3670,0,80,311
3671,3,101,525
3672,1,61,425
3673,1,109,528
3674,1,29,267
3675,2,200,1136
3676,0,6,6
3677,2,47,367
3678,0,42,303
3679,2,19,103
3680,1,17,129
3681,0,54,210
3682,0,70,472
3683,0,34,204
3684,1,136,963
3685,0,21,102
3686,1,65,336
3687,0,56,484
3688,0,28,164
3689,0,21,105
3690,0,55,292
3691,0,8,-30
3692,2,40,363
3693,0,21,99
3694,1,200,1028
3695,2,42,247
3696,2,71,536
3697,8,200,1385
3698,2,74,478
3699,0,6,11
3700,2,72,643
3701,0,8,-68
3702,2,159,867
3703,1,132,647
3704,0,59,398
3705,2,84,655
3706,1,72,424
3707,1,18,115
3708,3,200,867
3709,1,16,95
3710,1,61,358
3711,0,74,188
3712,1,23,182
3713,0,8,-30
3714,0,15,76
3715,0,35,367
3716,0,22,77
3717,0,4,-10
3718,2,66,455
3719,0,51,248
3720,2,141,923
3721,0,22,164
3722,0,6,30
3723,1,69,487
3724,1,31,148
3725,1,49,242
3726,0,36,227
3727,6,200,1300
3728,0,141,84
3729,5,200,1032
3730,2,68,442
3731,0,22,99
3732,3,200,827
3733,1,17,8
3734,1,16,77
3735,0,49,469
3736,2,114,775
3737,1,31,332
3738,1,38,237
3739,0,22,152
3740,1,23,3
3741,2,200,1165
3742,1,43,261
3743,0,22,160
3744,0,51,387
3745,6,152,860
3746,0,136,57
3747,1,30,264
3748,1,81,181
3749,3,200,642
3750,0,59,470
3751,1,200,245
3752,0,28,207
3753,0,22,153
3754,0,29,166
3755,1,37,268
3756,0,35,261
3757,1,43,409
3758,0,79,160
3759,2,66,308
3760,2,200,609
3761,1,53,586
3762,2,114,618
3763,2,95,467
3764,0,37,49
3765,4,140,887
3766,1,19,84
3767,2,50,387
3768,1,45,377
3769,1,71,339
3770,0,59,96
3771,2,60,533
3772,0,22,106
3773,0,200,91
3774,1,64,272
3775,0,21,108
3776,2,66,77
3777,0,8,26
3778,0,20,105
3779,0,14,111
3780,5,55,582
3781,0,84,233
3782,3,105,828
3783,1,99,414
3784,0,43,138
3785,0,14,45
3786,2,29,289
3787,0,13,53
3788,2,172,1344
3789,2,50,152
3790,1,39,119
3791,2,139,849
3792,1,193,1048
3793,1,81,76
3794,0,49,385
3795,0,57,415
3796,0,30,212
3797,0,106,-70
3798,0,22,144
3799,1,46,137
3800,0,33,113
3801,1,23,216
3802,0,34,65
3803,3,200,1034
3804,0,21,116
3805,2,34,281
3806,1,191,1106
3807,1,121,652
3808,0,15,-24
3809,7,196,745
3810,1,97,312
3811,2,27,170
3812,0,24,50
3813,2,45,319
3814,0,22,213
3815,1,200,735
3816,0,28,202
3817,0,14,67
3818,0,23,181
3819,2,56,568
3820,2,133,780
3821,0,22,164
3822,1,75,677
3823,7,102,652
3824,0,6,31
3825,0,22,112
3826,4,79,601
3827,1,24,229
3828,5,200,640
3829,2,159,875
3830,1,16,89
3831,1,58,351
3832,0,14,42
3833,0,74,263
3834,0,161,945
3835,0,7,-36
3836,3,120,667
3837,0,24,73
3838,0,6,36
3839,0,6,-27
3840,2,200,862
3841,0,22,76
