1,4,400,0,2203
2,5,365,1,2282
3,0,55,1,461
4,3,400,0,2229
5,0,29,1,236
6,0,16,1,109
7,0,198,1,-678
8,2,400,0,1740
9,3,400,0,812
10,3,400,0,2214
11,4,267,0,1194
12,4,292,1,1063
13,0,114,0,-164
14,8,376,0,2412
15,1,191,1,-434
16,0,28,1,265
17,14,396,0,2871
18,1,50,1,473
19,7,360,0,2269
20,1,400,0,2634
21,0,192,1,-839
22,0,50,1,481
23,1,241,1,969
24,0,48,1,229
25,3,109,1,868
26,0,6,1,24
27,1,16,1,142
28,1,66,1,712
29,5,282,0,2054
30,1,45,1,388
31,0,14,1,41
32,2,400,0,2758
33,6,361,0,2007
34,1,88,1,874
35,1,51,1,478
36,1,145,0,-118
37,4,302,0,772
38,2,121,1,1233
39,2,71,1,343
40,1,83,1,847
41,3,400,0,1174
42,2,94,1,873
43,3,364,1,2081
44,1,40,1,379
45,2,99,1,613
46,3,351,1,692
47,1,23,1,238
48,1,55,1,577
49,0,43,1,478
50,5,288,0,1931
51,0,41,1,373
52,3,370,1,636
53,1,81,1,357
54,1,332,0,1901
55,2,400,0,246
56,1,15,1,175
57,1,23,1,240
58,1,49,1,346
59,2,180,1,164
60,5,103,1,815
61,0,272,0,-1706
62,1,15,1,135
63,2,165,1,1417
64,4,177,1,808
65,1,34,1,305
66,3,142,1,326
67,7,400,0,2784
68,1,67,1,641
69,3,400,0,1689
70,5,307,1,2246
71,2,351,1,2145
72,4,394,1,2298
73,2,400,0,-633
74,0,13,1,120
75,1,15,1,169
76,0,83,0,350
77,4,268,1,1987
78,10,400,0,2959
79,11,400,0,2349
80,3,400,0,2119
81,1,75,1,751
82,0,45,1,275
83,2,113,1,967
84,0,48,1,498
85,0,58,1,497
86,3,366,1,2041
87,2,43,1,491
88,2,400,0,2081
89,1,348,1,-55
90,10,187,1,1352
91,3,91,1,838
92,4,257,1,1662
93,0,36,1,412
94,4,343,1,2324
95,5,316,1,1722
96,3,351,1,1872
97,0,6,1,12
98,2,91,1,880
99,3,306,1,2249
100,1,36,1,348
101,1,71,1,517
102,8,345,0,566
103,6,348,0,387
104,2,15,1,201
105,0,21,1,166
106,0,14,1,104
107,3,89,1,946
108,0,20,1,204
109,0,122,1,581
110,2,400,0,3131
111,1,34,1,334
112,1,102,0,757
113,1,57,1,642
114,12,400,0,2743
115,2,224,0,181
116,1,29,1,265
117,1,400,0,175
118,1,46,0,567
119,1,23,1,236
120,1,85,1,711
121,3,105,1,1007
122,4,400,0,2661
123,0,95,0,-31
124,2,313,1,1507
125,1,21,1,225
126,10,284,0,1947
127,9,359,0,2622
128,1,22,1,258
129,0,21,1,182
130,8,387,0,2596
131,0,34,1,365
132,0,303,1,-1398
133,4,371,0,1059
134,2,264,1,-245
135,1,16,1,148
136,0,58,1,659
137,1,41,1,388
138,1,107,1,727
139,0,20,1,220
140,0,35,1,352
141,0,21,1,211
142,3,400,0,2268
143,3,65,1,615
144,2,238,1,690
145,0,20,1,196
146,1,91,1,675
147,3,80,1,725
148,6,168,1,967
149,3,400,0,1589
150,1,303,1,17
151,7,334,1,2418
152,1,400,0,-32
153,3,245,1,1381
154,1,15,1,128
155,4,72,1,619
156,0,49,1,348
157,0,6,1,-4
158,5,299,0,2094
159,0,77,1,456
160,4,400,0,-217
161,3,89,0,948
162,5,400,0,868
163,2,115,1,751
164,5,234,1,1839
165,1,119,1,550
166,1,313,1,1049
167,1,35,1,473
168,0,20,1,197
169,2,218,1,1733
170,3,400,0,-739
171,4,205,1,1739
172,2,48,1,602
173,4,318,1,2406
174,0,42,1,310
175,1,66,1,561
176,4,152,1,1215
177,1,36,1,346
178,0,7,1,-5
179,1,29,1,281
180,1,33,1,221
181,7,400,0,240
182,5,289,1,2294
183,1,104,1,729
184,6,291,1,2268
185,0,60,1,510
186,0,173,1,442
187,1,28,1,242
188,5,217,1,1775
189,2,400,0,469
190,1,332,1,628
191,3,96,1,926
192,1,15,1,143
193,0,6,1,-4
194,4,400,0,1944
195,2,56,1,586
196,13,400,0,2970
197,4,303,1,1915
198,4,303,0,1987
199,2,337,1,2469
200,2,57,1,566
201,1,349,1,87
202,1,67,1,742
203,0,28,1,247
204,2,400,0,1256
205,4,379,0,2365
206,0,29,1,257
207,2,214,1,1345
208,5,234,1,1624
209,0,400,0,-274
210,3,101,1,930
211,1,16,1,147
212,1,275,1,492
213,3,400,0,2069
214,1,246,1,-760
215,10,253,0,1836
216,0,20,1,184
217,0,14,1,109
218,8,400,0,680
219,1,323,1,866
220,1,51,0,442
221,3,151,1,1076
222,2,280,1,2121
223,4,397,1,2150
224,4,400,0,-103
225,1,108,1,864
226,2,36,1,374
227,9,393,0,2591
228,2,400,0,2371
229,6,174,1,1346
230,0,62,1,564
231,2,400,0,516
232,2,179,1,1429
233,1,142,1,985
234,0,73,1,648
235,2,381,1,-619
236,1,400,0,1143
237,2,400,0,1427
238,3,314,1,1857
239,1,27,1,254
240,1,53,0,475
241,4,310,0,1836
242,3,400,0,703
243,2,308,1,399
244,0,252,1,-598
245,4,400,0,2678
246,4,139,1,1164
247,1,322,1,1567
248,1,340,1,2038
249,6,391,1,1753
250,0,13,1,106
251,1,36,1,302
252,0,46,1,438
253,2,400,0,-84
254,1,50,1,386
255,1,23,1,216
256,4,88,1,776
257,10,400,0,1517
258,0,28,1,267
259,0,41,1,336
260,2,94,1,890
261,1,49,1,560
262,3,339,1,1746
263,0,56,1,461
264,0,49,1,342
265,1,24,1,208
266,0,135,1,207
267,5,367,1,1969
268,1,51,1,614
269,2,210,1,348
270,1,15,1,154
271,1,66,1,511
272,3,154,1,1332
273,6,306,0,2187
274,2,66,1,727
275,3,400,0,2686
276,3,344,1,732
277,4,316,1,1971
278,3,268,0,1344
279,2,400,0,376
280,12,380,0,2574
281,2,63,1,562
282,2,156,1,1341
283,0,21,1,209
284,6,400,0,2731
285,2,203,1,1257
286,5,242,1,1882
287,6,400,0,2574
288,0,20,1,218
289,1,50,1,573
290,4,214,1,1325
291,3,359,1,2220
292,2,400,0,680
293,0,35,1,376
294,2,120,1,1046
295,2,398,1,-314
296,0,36,1,334
297,4,315,1,1843
298,2,361,0,465
299,0,42,1,418
300,9,400,0,1242
301,3,102,1,999
302,1,189,1,-306
303,3,297,1,2058
304,0,62,1,631
305,3,316,1,-521
306,3,61,1,589
307,0,42,1,307
308,5,400,0,237
309,3,348,1,1935
310,3,374,1,2728
311,1,16,1,130
312,5,207,1,1617
313,2,351,1,730
314,3,400,0,2305
315,4,302,1,1587
316,4,290,0,1968
317,1,73,1,646
318,5,302,0,2117
319,4,400,0,2415
320,1,104,1,644
321,2,186,1,1260
322,0,20,1,211
323,0,400,0,435
324,4,385,0,416
325,1,16,1,139
326,0,55,1,325
327,1,49,1,399
328,0,204,1,-548
329,0,34,1,238
330,3,323,1,1658
331,2,400,0,1110
332,1,15,1,148
333,2,400,0,-416
334,1,400,0,-121
335,2,169,1,1458
336,0,20,1,211
337,3,400,0,1239
338,2,190,1,194
339,2,294,1,1615
340,5,376,1,1625
341,2,400,0,2366
342,3,346,1,1722
343,1,400,0,2355
344,0,36,1,261
345,3,89,1,892
346,1,20,1,218
347,2,312,1,2111
348,1,44,1,381
349,6,308,0,2286
350,1,78,1,761
351,1,400,0,1071
352,1,16,1,128
353,2,52,1,477
354,4,289,1,2277
355,0,119,0,-147
356,1,58,1,603
357,1,15,1,148
358,0,255,1,-628
359,1,16,1,125
360,0,155,1,-646
361,6,400,0,1795
362,4,386,1,2454
363,3,209,1,1613
364,3,370,1,2069
365,5,344,1,2449
366,1,31,1,322
367,6,261,1,2029
368,1,24,1,236
369,0,62,1,672
370,0,35,1,330
371,1,20,1,233
372,0,6,1,12
373,4,400,0,1195
374,0,188,0,-672
375,14,361,0,2624
376,2,59,1,406
377,1,74,1,702
378,0,29,1,256
379,0,13,1,120
380,1,72,0,655
381,0,20,1,206
382,0,54,1,468
383,5,400,0,1950
384,4,294,1,1642
385,2,400,0,-57
386,2,161,1,232
387,3,353,1,144
388,3,174,0,1436
389,2,71,0,771
390,0,42,1,421
391,1,155,1,653
392,0,28,1,241
393,8,311,0,1039
394,2,384,1,2257
395,0,81,1,-184
396,1,65,0,411
397,6,360,1,2043
398,1,160,1,1091
399,1,400,0,129
400,8,400,0,1118
401,1,24,1,200
402,2,94,1,922
403,2,163,1,1248
404,0,43,1,413
405,4,178,1,1191
406,0,241,1,-886
407,2,65,1,550
408,10,287,0,1717
409,1,30,1,308
410,2,341,1,1079
411,1,42,1,336
412,3,261,1,1276
413,2,137,0,1092
414,6,400,0,2883
415,3,343,1,2310
416,0,21,1,174
417,0,50,1,488
418,0,6,1,3
419,6,334,1,2617
420,3,231,1,809
421,0,6,1,12
422,4,226,0,1669
423,1,91,1,755
424,6,400,0,2496
425,3,373,1,1147
426,12,319,0,1692
427,6,400,0,-345
428,1,16,1,125
429,0,6,1,12
430,0,114,1,-123
431,2,72,1,644
432,3,155,1,1375
433,3,106,1,940
434,4,239,1,1452
435,1,34,1,322
436,1,22,1,256
437,2,223,0,1674
438,3,137,1,1289
439,4,392,1,2299
440,7,400,0,2511
441,0,45,1,390
442,2,90,0,756
443,1,111,1,803
444,1,54,1,534
445,1,60,1,717
446,0,244,1,311
447,1,105,1,1113
448,1,57,1,336
449,1,37,1,379
450,0,20,1,220
451,2,74,1,809
452,1,24,1,206
453,0,20,1,220
454,6,325,1,1779
455,4,152,1,1338
456,0,14,1,96
457,3,400,0,310
458,1,37,1,427
459,1,91,1,759
460,1,294,1,253
461,1,55,1,618
462,1,242,1,-413
463,3,400,0,-264
464,1,108,1,1058
465,0,20,1,223
466,3,400,0,-69
467,2,383,1,966
468,1,35,1,339
469,2,158,1,1340
470,1,322,1,-623
471,6,117,1,992
472,1,28,1,273
473,0,55,1,486
474,0,242,1,-1133
475,0,28,1,247
476,0,20,1,220
477,3,371,1,1216
478,4,281,1,1918
479,5,388,0,252
480,0,20,1,212
481,6,134,1,1335
482,3,400,0,1584
483,1,79,1,903
484,3,271,1,1932
485,0,13,1,120
486,14,388,0,3043
487,1,311,1,214
488,0,24,1,178
489,0,266,1,-742
490,2,93,1,1002
491,4,400,0,2386
492,0,96,1,794
493,12,400,0,3005
494,1,29,1,303
495,0,21,1,203
496,7,311,0,2178
497,0,21,1,202
498,4,57,1,473
499,4,78,1,856
500,2,51,1,499
501,1,30,1,278
502,1,16,1,132
503,5,211,1,1524
504,10,315,0,2227
505,0,35,1,273
506,7,400,0,727
507,1,35,1,458
508,1,180,1,-224
509,3,254,0,1607
510,1,78,1,638
511,5,341,1,1866
512,5,334,1,2202
513,2,41,1,483
514,2,80,1,619
515,2,400,0,481
516,4,189,1,1321
517,4,104,1,1066
518,2,16,1,157
519,5,231,0,1599
520,0,21,1,202
521,4,275,0,1018
522,1,311,1,1223
523,0,48,1,410
524,0,20,1,213
525,6,257,1,1799
526,0,58,1,553
527,0,42,1,524
528,5,269,1,2124
529,7,311,0,1937
530,0,43,1,470
531,5,346,1,2353
532,1,49,1,469
533,0,153,1,276
534,0,27,1,213
535,1,211,1,1982
536,0,104,1,794
537,1,64,1,610
538,0,20,1,205
539,4,295,1,1700
540,3,400,0,-648
541,4,312,1,1960
542,4,400,0,1224
543,2,64,1,702
544,2,48,1,640
545,3,173,0,1367
546,1,123,1,-463
547,0,156,0,-282
548,3,353,1,619
549,1,96,1,309
550,0,21,1,209
551,0,400,0,-528
552,3,106,1,667
553,1,15,1,143
554,3,197,1,1598
555,5,400,0,2641
556,0,400,0,32
557,1,34,1,304
558,0,29,1,274
559,2,52,1,651
560,4,188,1,1514
561,3,294,0,1798
562,1,56,1,650
563,14,323,0,1772
564,1,68,1,579
565,8,392,0,2658
566,11,400,0,281
567,3,306,1,1852
568,8,319,0,2153
569,1,16,1,147
570,2,260,1,1850
571,2,108,0,897
572,1,52,1,560
573,0,20,1,198
574,3,120,1,1026
575,4,357,1,2228
576,5,279,0,1802
577,1,326,1,2218
578,0,14,1,109
579,0,43,1,503
580,0,70,1,541
581,3,82,1,730
582,8,372,0,2582
583,1,62,1,587
584,1,400,0,385
585,0,55,1,440
586,1,66,1,515
587,0,49,1,494
588,1,23,1,241
589,2,69,1,677
590,2,45,1,485
591,1,32,1,216
592,0,7,1,3
593,1,63,1,451
594,0,20,1,236
595,4,378,1,1277
596,1,108,1,210
597,1,106,0,982
598,1,24,1,241
599,2,400,0,815
600,3,244,1,1389
601,0,21,1,178
602,2,291,1,1946
603,6,400,0,3133
604,3,400,0,2819
605,5,275,0,1782
606,0,6,1,25
607,1,30,1,297
608,1,34,1,388
609,0,71,0,-249
610,4,334,1,1968
611,1,41,1,431
612,0,20,1,225
613,4,137,0,1184
614,0,65,1,633
615,12,348,0,2619
616,2,15,1,150
617,1,129,0,1104
618,2,400,0,547
619,0,21,1,209
620,2,168,1,1807
621,2,78,1,959
622,2,313,1,1003
623,3,67,0,728
624,0,57,1,463
625,2,115,0,938
626,4,400,0,1069
627,3,400,0,-330
628,0,113,1,995
629,3,83,1,849
630,1,400,0,-1036
631,0,42,1,327
632,2,346,1,1421
633,2,77,1,701
634,1,101,1,761
635,7,400,0,470
636,2,130,1,1126
637,0,14,1,109
638,5,383,1,1685
639,6,265,0,1770
640,2,400,0,2164
641,0,64,1,631
642,4,384,1,1893
643,4,189,1,1395
644,4,377,1,2501
645,2,318,1,498
646,2,53,1,461
647,0,77,1,799
648,2,400,0,551
649,1,15,1,149
650,1,88,1,615
651,1,55,1,523
652,0,335,0,-1498
653,1,78,1,782
654,1,351,1,-199
655,0,35,1,383
656,4,187,0,1331
657,0,14,1,41
658,2,106,0,591
659,9,266,0,1834
660,1,217,1,-491
661,0,47,1,440
662,5,313,1,2410
663,7,263,0,1909
664,6,377,1,2113
665,2,400,0,-1606
666,1,79,0,148
667,6,281,1,1671
668,2,270,1,1892
669,4,360,1,468
670,2,65,1,743
671,2,400,0,1723
672,2,72,1,704
673,3,341,1,219
674,1,48,1,473
675,4,400,0,1739
676,1,57,1,478
677,4,137,0,1211
678,3,140,1,967
679,2,73,1,640
680,3,319,1,1869
681,3,128,1,789
682,1,400,0,978
683,3,400,0,2368
684,1,24,1,214
685,3,255,1,135
686,3,64,1,709
687,0,21,1,209
688,4,119,1,112
689,0,21,1,205
690,5,241,0,1536
691,4,179,1,1338
692,2,62,1,390
693,0,53,1,371
694,1,16,1,140
695,1,63,1,456
696,2,124,1,1157
697,7,400,0,2469
698,3,94,1,1027
699,2,180,1,164
700,5,177,1,1338
701,1,50,1,610
702,3,97,1,904
703,5,400,0,2299
704,2,145,0,1335
705,0,314,1,-919
706,5,400,0,2655
707,1,16,1,136
708,1,158,1,1245
709,2,203,0,1649
710,3,108,1,958
711,1,16,1,135
712,3,109,1,1057
713,3,400,0,644
714,3,125,1,926
715,0,14,1,109
716,1,23,1,241
717,0,182,1,783
718,5,400,0,1496
719,2,129,0,1168
720,7,399,0,2276
721,7,400,0,3101
722,0,43,1,448
723,6,253,1,1982
724,1,400,0,-532
725,0,334,1,-498
726,0,43,1,474
727,10,317,0,1699
728,1,50,1,469
729,10,225,1,1541
730,2,281,1,-75
731,4,227,1,1456
732,2,90,1,846
733,6,361,1,2514
734,10,320,0,2282
735,0,6,1,4
736,9,400,0,2767
737,2,400,0,2052
738,0,21,1,201
739,0,20,1,212
740,2,62,1,486
741,4,182,1,1036
742,4,356,1,1829
743,1,75,1,733
744,1,387,1,303
745,1,20,1,239
746,0,346,1,-87
747,1,15,1,149
748,1,70,1,644
749,3,100,1,758
750,3,400,0,1606
751,2,80,1,520
752,10,400,0,609
753,11,397,0,2747
754,3,126,1,1085
755,1,281,1,1668
756,1,400,0,723
757,2,57,1,612
758,1,16,1,141
759,4,400,0,2645
760,3,111,1,954
761,6,280,1,1926
762,2,73,1,729
763,0,20,1,220
764,1,400,0,-803
765,2,400,0,274
766,9,399,0,550
767,10,262,0,1457
768,5,248,1,1817
769,3,229,1,1568
770,2,70,1,652
771,1,16,1,134
772,5,312,1,1986
773,2,105,1,951
774,1,15,1,148
775,6,299,1,1962
776,7,287,1,2277
777,1,50,1,544
778,4,251,1,1296
779,2,400,0,1668
780,0,59,1,639
781,4,151,1,1458
782,0,6,1,12
783,0,7,1,-7
784,2,400,0,-1353
785,4,400,0,2886
786,5,400,0,537
787,1,169,0,-607
788,3,180,1,1356
789,1,16,1,128
790,2,112,1,691
791,1,317,1,1994
792,0,20,1,205
793,3,247,1,1563
794,3,107,0,1120
795,2,400,0,1686
796,0,14,1,109
797,2,386,1,2239
798,5,227,1,1663
799,3,122,1,933
800,0,20,1,209
801,4,361,1,748
802,5,288,1,2198
803,0,20,1,211
804,6,333,1,1901
805,1,66,1,640
806,0,6,1,12
807,1,15,1,183
808,7,346,1,2723
809,1,52,1,591
810,0,6,1,24
811,1,43,1,352
812,8,129,1,1112
813,1,143,1,1191
814,0,223,0,-463
815,2,16,1,156
816,4,138,1,1021
817,6,400,0,1299
818,2,140,1,1000
819,0,104,1,827
820,3,355,1,-289
821,3,310,1,-461
822,0,20,1,197
823,0,20,1,158
824,1,66,1,653
825,1,15,1,183
826,3,204,1,211
827,0,41,1,285
828,0,20,1,206
829,3,400,0,1301
830,5,265,1,1568
831,0,7,1,-5
832,2,241,1,1976
833,1,34,1,426
834,1,50,1,453
835,4,299,1,2354
836,7,360,0,2390
837,9,400,0,2882
838,6,188,1,1603
839,3,353,1,2245
840,1,373,1,1401
841,0,64,1,582
842,2,400,0,1109
843,11,326,0,1865
844,1,128,1,910
845,2,101,1,898
846,5,225,1,1731
847,3,261,1,1825
848,1,165,1,812
849,1,31,1,274
850,2,15,1,151
851,1,16,1,153
852,1,15,1,143
853,6,225,1,1631
854,2,352,1,2276
855,5,276,1,1872
856,3,294,1,1565
857,0,20,1,201
858,2,158,1,1270
859,0,65,1,404
860,2,16,1,163
861,2,136,0,961
862,2,112,0,994
863,2,330,1,-164
864,9,400,0,25
865,7,350,0,2316
866,6,180,1,1512
867,1,15,1,154
868,3,336,0,2432
869,2,327,1,2166
870,1,70,1,639
871,4,314,1,2151
872,0,40,1,50
873,0,113,1,234
874,3,315,1,1403
875,4,273,1,2223
876,2,400,0,1466
877,3,324,1,1726
878,3,344,1,1519
879,3,331,1,1102
880,0,34,1,338
881,0,6,1,12
882,1,82,1,731
883,2,27,1,307
884,3,400,0,2041
885,0,7,1,1
886,9,308,0,1895
887,3,158,1,1077
888,7,296,1,2005
889,1,239,1,-267
890,1,16,1,147
891,12,276,0,2065
892,0,267,0,-1587
893,0,27,1,317
894,1,400,0,855
895,5,172,0,1106
896,4,312,1,1579
897,1,32,1,310
898,1,15,1,154
899,1,42,1,263
900,3,320,1,1676
901,0,290,1,-312
902,1,138,1,1118
903,0,21,1,102
904,3,109,1,775
905,1,128,1,236
906,3,261,1,1532
907,0,75,1,127
908,9,400,0,-83
909,3,400,0,2496
910,5,349,1,1259
911,2,356,1,1031
912,2,289,1,1555
913,1,84,1,744
914,4,353,1,599
915,2,130,1,1165
916,1,30,1,334
917,1,180,1,-113
918,11,351,0,1147
919,0,20,1,196
920,0,211,1,-689
921,2,374,1,636
922,5,400,0,2866
923,1,361,1,329
924,0,21,1,209
925,5,400,0,1512
926,5,400,0,2770
927,2,85,1,823
928,0,317,1,2379
929,6,314,0,2213
930,4,400,0,2222
931,1,166,1,-328
932,2,91,1,716
933,0,7,1,-7
934,2,400,0,2339
935,4,395,1,461
936,1,310,1,2138
937,2,400,0,1712
938,0,108,1,968
939,3,308,1,31
940,10,282,0,1949
941,0,66,0,738
942,0,99,1,911
943,4,368,1,2465
944,4,400,0,2335
945,2,90,1,846
946,1,23,1,256
947,7,325,0,2357
948,2,93,1,885
949,4,141,1,1150
950,3,127,1,1309
951,5,400,0,2364
952,2,132,0,1171
953,0,7,1,1
954,4,310,1,2072
955,4,212,1,1568
956,14,320,0,2373
957,1,50,1,452
958,4,343,1,1684
959,7,136,1,1369
960,0,41,1,456
961,1,128,1,640
962,1,264,1,1539
963,11,379,0,2614
964,5,276,0,1685
965,1,56,1,557
966,2,398,1,-766
967,4,400,0,2386
968,2,252,0,1389
969,0,53,1,435
970,1,16,1,126
971,3,272,1,1616
972,0,197,1,-852
973,2,400,0,1395
974,3,150,1,1209
975,1,24,1,208
976,0,51,1,527
977,0,7,1,3
978,5,373,1,1671
979,11,300,0,2206
980,2,251,1,1643
981,0,250,1,-1085
982,1,27,1,352
983,2,133,1,1047
984,0,35,1,301
985,1,49,1,478
986,0,400,0,-897
987,1,323,1,2152
988,6,344,0,2280
989,2,258,1,1597
990,0,82,1,669
991,12,290,0,1934
992,4,242,1,714
993,5,397,0,2759
994,1,22,1,142
995,1,58,1,684
996,3,255,1,480
997,0,82,0,631
998,14,347,0,2399
999,0,184,0,-909
1000,3,314,1,1932
1001,1,261,1,1326
1002,1,79,1,668
1003,4,226,0,1121
1004,2,400,0,1531
1005,4,149,1,1102
1006,2,67,1,674
1007,1,16,1,142
1008,0,198,1,-1025
1009,1,181,1,205
1010,1,243,0,1566
1011,0,20,1,197
1012,8,323,0,2224
1013,5,330,1,2021
1014,0,21,1,209
1015,2,21,1,178
1016,11,290,0,1818
1017,0,269,1,-1179
1018,1,15,1,148
1019,3,124,1,877
1020,9,284,0,1826
1021,10,274,0,1756
1022,1,27,1,185
1023,5,293,1,1964
1024,3,93,1,763
1025,2,59,1,646
1026,0,400,0,525
1027,3,135,1,796
1028,1,356,0,-47
1029,2,199,1,1430
1030,4,372,1,2539
1031,3,400,0,2197
1032,3,357,1,1451
1033,3,400,0,2182
1034,2,275,1,1735
1035,1,108,1,597
1036,1,23,1,233
1037,3,395,1,2413
1038,0,58,1,466
1039,3,346,1,685
1040,6,400,0,3196
1041,0,20,1,204
1042,1,73,1,551
1043,0,400,0,-734
1044,6,352,1,2316
1045,2,99,1,717
1046,0,6,1,24
1047,7,248,1,1505
1048,2,91,1,731
1049,0,55,1,652
1050,1,152,1,-161
1051,2,93,1,840
1052,6,330,1,2397
1053,4,130,0,1073
1054,3,270,1,1627
1055,0,21,1,206
1056,4,361,1,2332
1057,4,157,0,1176
1058,2,342,0,702
1059,3,63,0,433
1060,0,7,1,1
1061,4,400,0,106
1062,1,271,1,1309
1063,2,79,1,732
1064,2,400,0,-227
1065,2,206,1,553
1066,6,400,0,2737
1067,3,400,0,2284
1068,4,193,1,1640
1069,1,226,1,-588
1070,4,152,1,1293
1071,2,400,0,2006
1072,5,400,0,2592
1073,3,111,1,150
1074,1,59,1,509
1075,0,213,1,-972
1076,0,27,1,236
1077,2,15,1,164
1078,5,301,1,2404
1079,0,156,1,-198
1080,5,300,0,1796
1081,2,400,0,1870
1082,10,400,0,1346
1083,4,400,0,2330
1084,4,129,1,1098
1085,1,169,1,1340
1086,3,234,1,388
1087,4,340,1,2102
1088,13,382,0,3075
1089,1,220,0,-394
1090,7,400,0,-632
1091,1,60,1,513
1092,0,6,1,4
1093,5,311,0,1503
1094,3,121,1,831
1095,1,48,1,331
1096,4,400,0,-177
1097,1,15,1,143
1098,0,34,1,345
1099,2,166,1,548
1100,1,98,1,942
1101,4,198,1,1670
1102,3,352,0,1085
1103,5,246,1,1830
1104,4,184,1,1304
1105,10,400,0,-35
1106,0,37,1,233
1107,1,34,1,342
1108,0,153,1,325
1109,1,45,1,445
1110,4,400,0,2590
1111,3,92,1,854
1112,3,261,0,1183
1113,2,95,1,830
1114,1,120,0,652
1115,5,235,1,1601
1116,0,289,0,-835
1117,3,400,0,290
1118,6,212,1,1391
1119,10,258,0,1984
1120,4,302,1,2021
1121,6,322,0,2168
1122,7,400,0,219
1123,2,78,1,647
1124,3,142,1,1038
1125,2,168,0,1246
1126,0,6,1,12
1127,1,46,1,534
1128,5,400,0,2682
1129,0,87,1,709
1130,4,136,1,1387
1131,1,15,1,191
1132,6,353,0,2368
1133,2,78,1,744
1134,0,164,1,-564
1135,3,301,1,-701
1136,5,324,0,2243
1137,1,400,0,290
1138,5,320,1,2057
1139,2,69,1,632
1140,2,56,1,624
1141,2,258,1,1082
1142,4,400,0,2334
1143,0,20,1,213
1144,3,400,0,2536
1145,0,45,1,493
1146,0,13,1,133
1147,2,66,1,684
1148,5,280,1,286
1149,2,34,1,147
1150,6,384,0,1296
1151,6,152,0,1312
1152,13,400,0,2840
1153,9,309,0,1867
1154,6,382,1,1937
1155,6,400,0,-252
1156,3,274,0,-850
1157,2,56,1,656
1158,3,319,0,2438
1159,3,400,0,2508
1160,0,28,1,266
1161,0,54,1,-27
1162,6,373,0,1088
1163,12,357,0,2528
1164,1,16,1,153
1165,5,400,0,2446
1166,0,21,1,212
1167,0,14,1,109
1168,1,47,1,336
1169,2,183,1,1351
1170,4,287,1,1946
1171,5,192,0,1618
1172,0,21,1,217
1173,3,64,1,655
1174,1,304,1,-1257
1175,4,295,1,2409
1176,1,90,1,745
1177,2,323,1,-164
1178,4,294,1,2116
1179,1,86,1,912
1180,0,104,1,-384
1181,0,42,1,330
1182,1,41,1,368
1183,0,44,1,478
1184,2,120,1,957
1185,2,400,0,2435
1186,1,70,1,485
1187,0,400,0,720
1188,0,29,1,266
1189,2,104,1,577
1190,6,156,0,1307
1191,0,87,1,909
1192,4,327,1,2314
1193,1,20,1,233
1194,0,117,1,829
1195,1,16,1,145
1196,7,400,0,2415
1197,5,400,0,2400
1198,0,46,1,470
1199,5,400,0,2722
1200,6,400,0,-242
1201,1,38,1,293
1202,0,36,1,317
1203,5,271,1,1848
1204,3,175,1,1597
1205,0,20,1,197
1206,1,34,1,334
1207,1,15,1,143
1208,0,13,1,103
1209,10,400,0,-335
1210,0,29,1,257
1211,3,400,0,-391
1212,3,174,1,1211
1213,2,36,1,324
1214,1,122,1,372
1215,3,118,1,887
1216,6,369,0,2269
1217,1,15,1,177
1218,1,124,1,680
1219,6,171,1,1262
1220,0,167,1,1097
1221,12,331,0,2330
1222,3,400,0,2571
1223,1,75,1,804
1224,1,24,1,207
1225,2,400,0,-1526
1226,11,324,0,2288
1227,0,13,1,137
1228,12,306,0,1951
1229,1,93,1,736
1230,2,71,1,685
1231,1,254,1,-274
1232,4,304,0,1855
1233,0,21,1,202
1234,0,57,1,597
1235,0,51,1,481
1236,2,139,1,1188
1237,2,131,1,1097
1238,0,34,1,322
1239,1,72,1,680
1240,1,400,0,435
1241,1,88,1,677
1242,4,71,1,706
1243,2,310,0,611
1244,1,99,1,953
1245,0,43,1,489
1246,0,217,1,-399
1247,0,27,1,311
1248,9,400,0,2989
1249,0,14,1,104
1250,2,120,1,38
1251,0,27,1,328
1252,2,96,1,1025
1253,4,274,1,1552
1254,2,118,1,879
1255,3,381,1,2162
1256,11,396,0,2573
1257,2,109,1,694
1258,5,345,1,2408
1259,1,38,1,388
1260,0,43,1,491
1261,3,246,1,1651
1262,1,20,1,233
1263,1,24,1,182
1264,1,34,1,351
1265,2,300,1,2061
1266,0,82,1,141
1267,1,38,1,255
1268,1,34,1,373
1269,1,177,1,-106
1270,5,136,1,1109
1271,6,161,1,1673
1272,2,126,1,1163
1273,3,400,0,899
1274,1,162,1,1063
1275,5,299,1,1654
1276,1,34,1,386
1277,0,29,1,256
1278,2,400,0,-99
1279,7,400,0,1855
1280,5,316,1,1972
1281,0,222,0,-965
1282,10,400,0,-634
1283,1,29,1,357
1284,0,46,1,417
1285,1,16,1,148
1286,4,375,1,885
1287,1,243,1,509
1288,5,279,1,1610
1289,1,28,1,333
1290,2,400,0,459
1291,1,51,1,506
1292,9,267,0,1861
1293,1,69,0,533
1294,5,400,0,1887
1295,4,142,1,912
1296,9,400,0,1613
1297,9,292,0,1520
1298,2,222,1,1663
1299,2,400,0,2472
1300,1,37,1,335
1301,1,150,1,-434
1302,4,400,0,1660
1303,5,368,1,2332
1304,1,15,1,185
1305,0,35,1,376
1306,6,400,0,2423
1307,1,76,1,699
1308,4,378,1,2502
1309,1,85,1,658
1310,1,56,1,523
1311,6,400,0,3114
1312,0,400,0,-1611
1313,0,6,1,19
1314,1,22,1,257
1315,0,14,1,96
1316,3,120,1,1001
1317,4,155,1,739
1318,1,400,0,1527
1319,0,72,1,812
1320,1,16,1,134
1321,5,86,1,736
1322,5,363,0,2366
1323,1,46,1,365
1324,4,400,0,1711
1325,2,102,1,868
1326,3,400,0,621
1327,0,86,1,69
1328,5,259,1,1820
1329,0,13,1,105
1330,2,230,1,1937
1331,4,400,0,1715
1332,5,261,1,1685
1333,0,45,1,405
1334,6,300,1,1812
1335,9,400,0,-27
1336,4,400,0,743
1337,0,232,1,-272
1338,5,346,1,2344
1339,4,396,1,1077
1340,5,262,0,1829
1341,2,35,1,337
1342,1,43,1,432
1343,2,16,1,152
1344,0,112,1,-429
1345,3,131,1,1192
1346,1,73,1,641
1347,2,49,1,568
1348,0,20,1,157
1349,4,400,0,2098
1350,11,310,0,2336
1351,4,240,1,1757
1352,1,21,1,213
1353,6,400,0,1012
1354,2,69,1,595
1355,2,103,1,948
1356,1,101,1,1038
1357,1,16,1,153
1358,1,54,1,459
1359,9,400,0,779
1360,0,34,1,363
1361,2,42,1,436
1362,11,284,0,1772
1363,0,400,0,-199
1364,0,13,1,125
1365,1,15,1,154
1366,3,310,1,1742
1367,2,78,1,770
1368,3,238,0,1667
1369,6,143,1,1171
1370,0,20,1,204
1371,2,212,1,1475
1372,4,333,1,2671
1373,0,35,1,380
1374,9,342,0,2115
1375,4,149,1,1453
1376,1,62,1,474
1377,3,400,0,1973
1378,1,263,1,1782
1379,3,145,1,954
1380,0,20,1,205
1381,1,16,1,126
1382,2,137,0,988
1383,1,15,1,140
1384,4,155,1,1503
1385,2,400,0,2030
1386,3,134,1,856
1387,4,400,0,35
1388,1,80,1,678
1389,1,71,1,718
1390,0,38,1,329
1391,5,218,0,1186
1392,1,31,1,303
1393,0,6,1,13
1394,1,23,1,163
1395,3,247,0,1547
1396,1,400,0,1671
1397,4,345,1,2257
1398,2,400,0,2075
1399,2,34,1,359
1400,12,400,0,2339
1401,2,15,1,201
1402,5,251,1,1967
1403,2,203,1,-539
1404,1,80,1,634
1405,4,400,0,2438
1406,3,400,0,-202
1407,0,7,1,-7
1408,4,155,1,1206
1409,7,304,0,1971
1410,11,394,0,1024
1411,1,24,1,211
1412,3,265,0,1539
1413,0,342,1,-1225
1414,3,400,0,-267
1415,1,45,1,453
1416,14,377,0,2694
1417,0,340,1,124
1418,4,383,1,2231
1419,3,86,1,636
1420,0,223,0,-558
1421,0,13,1,48
1422,1,72,1,692
1423,6,243,0,1539
1424,1,41,1,494
1425,12,349,0,2279
1426,0,50,1,464
1427,12,326,0,2040
1428,5,307,1,1916
1429,1,45,1,524
1430,6,281,0,1645
1431,3,400,0,1950
1432,3,400,0,546
1433,3,68,1,756
1434,3,171,1,1053
1435,3,59,1,693
1436,0,340,1,-679
1437,1,16,1,142
1438,4,207,1,1754
1439,2,54,1,569
1440,2,128,1,1123
1441,4,400,0,1839
1442,0,41,1,450
1443,4,97,1,983
1444,4,315,1,804
1445,4,400,0,2195
1446,1,400,0,1216
1447,0,7,1,-5
1448,0,213,1,187
1449,1,50,1,501
1450,3,396,1,2670
1451,8,378,0,2628
1452,2,87,0,485
1453,6,219,0,1575
1454,3,107,1,929
1455,3,81,1,752
1456,2,99,1,793
1457,7,60,1,598
1458,6,400,0,-235
1459,0,6,1,19
1460,1,16,1,136
1461,6,199,1,1555
1462,3,341,1,2063
1463,1,60,1,559
1464,0,126,1,687
1465,4,400,0,2175
1466,2,52,1,461
1467,4,102,1,926
1468,2,86,1,935
1469,0,41,1,438
1470,3,350,1,1828
1471,11,306,0,1848
1472,1,16,1,145
1473,1,51,1,409
1474,1,29,1,256
1475,2,370,1,728
1476,3,400,0,2268
1477,4,400,0,160
1478,1,30,1,193
1479,2,400,0,531
1480,4,389,1,820
1481,0,29,1,309
1482,1,250,0,-421
1483,4,311,1,1444
1484,1,58,1,598
1485,2,249,1,1869
1486,2,63,1,429
1487,7,318,0,676
1488,0,21,1,195
1489,1,90,1,835
1490,0,21,1,217
1491,0,7,1,1
1492,0,7,1,3
1493,2,62,1,653
1494,1,107,0,936
1495,0,28,1,267
1496,2,85,1,688
1497,10,332,0,2243
1498,0,28,1,223
1499,5,272,0,1688
1500,1,275,1,1901
1501,1,15,1,154
1502,3,203,0,1830
1503,6,304,1,2595
1504,4,270,0,1734
1505,1,13,1,126
1506,0,20,1,219
1507,2,63,1,579
1508,1,72,1,577
1509,4,400,0,2845
1510,1,79,1,908
1511,2,270,1,1462
1512,1,108,1,511
1513,7,380,0,1150
1514,1,69,1,735
1515,2,400,0,2299
1516,0,41,1,394
1517,1,51,1,587
1518,1,30,1,283
1519,0,14,1,94
1520,0,35,1,291
1521,3,141,1,1382
1522,0,28,1,311
1523,4,400,0,2068
1524,3,326,1,1230
1525,0,400,0,1088
1526,4,272,1,1718
1527,2,400,0,538
1528,3,130,1,1030
1529,0,14,1,60
1530,5,343,1,1702
1531,3,220,1,106
1532,2,366,1,1817
1533,6,400,0,1898
1534,3,265,1,1731
1535,1,63,1,612
1536,2,114,1,1097
1537,0,57,1,508
1538,1,286,1,1974
1539,0,13,1,119
1540,0,21,1,202
1541,2,48,1,495
1542,13,400,0,2290
1543,2,82,1,545
1544,5,165,1,1518
1545,5,266,1,1708
1546,2,400,0,474
1547,4,181,1,1222
1548,0,20,1,203
1549,0,65,1,748
1550,2,73,1,636
1551,0,95,0,-310
1552,1,221,1,-75
1553,0,14,1,111
1554,4,191,1,1463
1555,3,291,1,2064
1556,0,57,1,416
1557,0,63,1,494
1558,1,400,0,2043
1559,1,95,1,760
1560,5,242,1,2093
1561,4,277,1,2096
1562,3,54,1,525
1563,1,72,1,774
1564,3,400,0,1411
1565,0,21,1,217
1566,2,52,1,540
1567,13,344,0,2206
1568,2,79,1,812
1569,0,41,1,388
1570,2,246,1,1344
1571,14,400,0,2988
1572,0,141,1,-741
1573,3,86,1,929
1574,4,107,1,1077
1575,0,24,1,99
1576,4,268,1,1823
1577,12,400,0,1878
1578,1,71,1,694
1579,4,400,0,2468
1580,12,373,0,2279
1581,1,24,1,228
1582,0,50,1,458
1583,0,53,1,413
1584,4,120,1,954
1585,1,55,1,617
1586,2,258,1,1601
1587,2,172,1,366
1588,5,262,1,1670
1589,1,24,1,221
1590,1,29,1,327
1591,2,400,0,-639
1592,4,197,1,1503
1593,0,51,1,491
1594,1,67,1,497
1595,1,400,0,-717
1596,1,97,1,996
1597,10,371,0,1253
1598,0,21,1,209
1599,8,109,1,950
1600,4,297,1,1504
1601,4,357,1,2272
1602,2,90,1,720
1603,5,304,0,2005
1604,0,80,1,724
1605,3,332,1,962
1606,5,374,1,2432
1607,10,400,0,2613
1608,0,27,1,263
1609,2,273,1,-731
1610,0,144,1,226
1611,3,400,0,2086
1612,1,16,1,148
1613,0,6,1,3
1614,2,190,1,450
1615,3,146,1,1316
1616,5,301,1,1747
1617,3,107,1,904
1618,0,156,1,190
1619,3,400,0,2249
1620,0,49,1,345
1621,13,340,0,2388
1622,1,16,1,150
1623,2,297,1,1551
1624,0,6,1,12
1625,2,93,1,920
1626,0,21,1,155
1627,13,337,0,2476
1628,1,91,1,810
1629,12,400,0,-914
1630,3,123,1,1084
1631,0,21,1,217
1632,2,125,1,1114
1633,3,48,1,443
1634,0,96,1,633
1635,6,288,1,1917
1636,4,400,0,2516
1637,4,400,0,1870
1638,6,274,0,2132
1639,2,111,1,1037
1640,0,43,1,448
1641,2,245,1,-118
1642,1,79,1,673
1643,6,208,1,1510
1644,0,21,1,160
1645,5,223,1,1609
1646,6,400,0,2859
1647,4,400,0,2321
1648,2,400,0,531
1649,1,136,1,847
1650,5,400,0,2370
1651,4,400,0,872
1652,4,371,1,2291
1653,3,97,1,784
1654,2,400,0,-121
1655,2,214,1,1591
1656,0,22,1,175
1657,0,206,0,-1138
1658,5,362,1,2085
1659,0,61,1,574
1660,5,299,1,2002
1661,1,48,1,493
1662,1,15,1,191
1663,1,44,1,486
1664,1,48,1,565
1665,7,299,0,2067
1666,0,50,1,432
1667,1,104,1,754
1668,0,27,1,337
1669,0,28,1,248
1670,0,60,1,435
1671,3,102,1,804
1672,9,400,0,2985
1673,4,83,1,888
1674,4,89,0,692
1675,4,400,0,680
1676,1,16,1,137
1677,0,35,1,364
1678,2,128,1,1187
1679,0,109,0,949
1680,6,400,0,2440
1681,1,43,1,359
1682,4,330,0,133
1683,5,392,0,-1039
1684,0,21,1,212
1685,2,365,1,428
1686,1,273,0,-1245
1687,1,48,1,430
1688,0,203,1,-1027
1689,0,87,1,651
1690,3,134,1,1279
1691,2,237,1,1687
1692,0,20,1,212
1693,4,105,1,842
1694,6,340,1,2233
1695,2,340,1,2215
1696,11,339,0,2219
1697,1,15,1,140
1698,1,78,1,810
1699,0,98,0,-51
1700,0,42,1,302
1701,3,104,1,897
1702,2,150,1,934
1703,0,50,1,513
1704,0,113,1,-199
1705,0,58,1,679
1706,0,6,1,4
1707,1,99,1,840
1708,0,43,1,509
1709,3,400,0,463
1710,4,153,1,1262
1711,0,7,1,3
1712,3,120,1,1003
1713,1,61,1,410
1714,9,400,0,106
1715,4,73,1,642
1716,1,362,1,1992
1717,4,241,1,1624
1718,1,295,0,-1465
1719,1,15,1,141
1720,0,73,1,697
1721,1,124,1,892
1722,0,269,0,-1513
1723,1,23,1,227
1724,2,168,1,1142
1725,1,69,0,771
1726,1,400,0,44
1727,7,291,1,1709
1728,3,400,0,678
1729,12,400,0,2231
1730,1,84,1,560
1731,4,328,0,2330
1732,3,279,1,1781
1733,2,45,1,421
1734,1,176,1,916
1735,6,215,1,1643
1736,6,299,1,2208
1737,4,267,1,1892
1738,3,146,1,1255
1739,7,155,0,1503
1740,0,49,1,423
1741,0,191,0,-451
1742,2,22,1,257
1743,5,140,1,965
1744,2,118,1,1035
1745,1,400,0,-46
1746,11,233,0,2017
1747,1,131,1,807
1748,1,90,1,273
1749,6,276,1,2069
1750,4,254,0,206
1751,2,61,1,643
1752,1,53,1,435
1753,1,46,1,444
1754,12,400,0,1379
1755,2,262,1,1664
1756,2,252,1,1584
1757,1,15,1,149
1758,5,400,0,671
1759,3,82,1,847
1760,0,203,0,-1046
1761,7,307,0,277
1762,3,50,1,453
1763,3,347,1,2022
1764,3,198,1,1599
1765,2,400,0,1706
1766,7,254,0,1783
1767,1,400,0,1042
1768,0,215,0,-1130
1769,3,114,1,1101
1770,3,260,1,1632
1771,3,400,0,2731
1772,4,254,1,1477
1773,1,36,1,286
1774,3,400,0,2255
1775,1,88,1,690
1776,3,209,0,1532
1777,0,42,1,346
1778,2,153,0,123
1779,3,256,0,1424
1780,2,400,0,342
1781,1,400,0,-419
1782,0,21,1,188
1783,1,76,1,639
1784,3,221,1,1718
1785,2,100,0,919
1786,0,55,1,392
1787,0,20,1,211
1788,3,63,1,506
1789,2,129,1,1169
1790,0,20,1,206
1791,7,272,1,2346
1792,13,400,0,2393
1793,1,16,1,141
1794,1,62,1,611
1795,0,14,1,109
1796,2,333,1,1835
1797,4,113,1,1187
1798,1,15,1,148
1799,2,400,0,51
1800,4,363,1,1775
1801,3,101,1,1028
1802,3,93,1,937
1803,1,222,0,183
1804,0,21,1,133
1805,6,275,1,2048
1806,0,45,1,455
1807,1,30,1,262
1808,2,399,1,2778
1809,4,229,1,1417
1810,1,55,1,647
1811,2,51,1,572
1812,1,71,1,597
1813,5,335,1,1980
1814,1,50,1,518
1815,1,83,1,686
1816,1,112,1,720
1817,2,120,1,1018
1818,6,246,1,1819
1819,1,221,1,-250
1820,2,102,1,789
1821,5,396,1,2360
1822,6,313,0,1983
1823,1,79,1,754
1824,0,21,1,100
1825,4,285,1,1704
1826,4,164,1,1197
1827,2,82,1,935
1828,1,196,0,1355
1829,1,60,1,634
1830,3,119,1,1259
1831,2,275,1,1072
1832,1,24,1,220
1833,0,50,1,391
1834,2,349,1,2042
1835,3,224,1,1209
1836,1,15,1,148
1837,5,339,1,2338
1838,5,314,1,1526
1839,1,78,1,636
1840,1,183,1,-317
1841,2,84,1,866
1842,4,138,1,-12
1843,3,312,1,2066
1844,3,400,0,187
1845,0,20,1,204
1846,2,105,1,840
1847,2,88,1,506
1848,1,89,1,630
1849,0,21,1,166
1850,1,76,1,440
1851,0,92,1,796
1852,2,278,1,1962
1853,3,391,1,2078
1854,12,318,0,1711
1855,1,46,1,365
1856,1,16,1,143
1857,0,20,1,212
1858,6,171,1,1491
1859,0,55,1,331
1860,0,95,1,889
1861,0,6,1,12
1862,2,326,1,1942
1863,4,179,1,1279
1864,0,178,1,267
1865,3,138,1,1224
1866,5,400,0,2420
1867,4,255,1,1773
1868,5,306,1,2022
1869,1,308,1,299
1870,3,275,1,1685
1871,0,14,1,104
1872,0,6,1,19
1873,0,194,1,-255
1874,2,341,1,1822
1875,1,348,1,1778
1876,0,167,1,43
1877,8,363,0,2225
1878,2,400,0,1958
1879,6,400,0,2606
1880,2,214,1,-770
1881,5,285,1,1861
1882,2,73,1,749
1883,1,24,1,154
1884,3,285,1,2011
1885,7,326,1,2191
1886,1,89,1,877
1887,1,44,1,465
1888,1,15,1,143
1889,1,24,1,228
1890,1,67,1,537
1891,2,82,1,615
1892,0,98,1,830
1893,3,232,1,1531
1894,6,149,1,1195
1895,5,196,1,1673
1896,2,187,1,130
1897,4,400,0,2005
1898,1,51,1,574
1899,1,16,1,148
1900,1,104,1,788
1901,2,106,1,633
1902,2,243,1,305
1903,0,13,1,65
1904,12,280,0,1751
1905,3,353,1,2259
1906,2,100,1,842
1907,1,235,1,-858
1908,1,58,1,526
1909,0,58,1,600
1910,1,194,1,1667
1911,8,400,0,932
1912,4,161,1,1183
1913,1,27,1,333
1914,0,62,1,584
1915,7,400,0,2058
1916,7,291,1,1887
1917,4,78,0,663
1918,5,333,1,2254
1919,4,251,0,2008
1920,2,63,1,562
1921,1,359,1,-501
1922,0,20,1,199
1923,1,24,1,218
1924,4,300,1,2101
1925,5,400,0,188
1926,3,400,0,518
1927,1,89,1,788
1928,2,212,1,1389
1929,1,58,1,644
1930,3,89,1,798
1931,11,373,0,1777
1932,4,292,1,1912
1933,0,190,1,824
1934,2,400,0,498
1935,0,39,1,224
1936,0,40,1,350
1937,1,15,1,154
1938,13,391,0,2257
1939,2,400,0,-448
1940,3,400,0,692
1941,4,400,0,2143
1942,6,271,1,1621
1943,0,14,1,111
1944,2,54,1,601
1945,1,34,1,411
1946,3,112,1,1115
1947,1,16,1,134
1948,3,251,1,1780
1949,0,20,1,211
1950,3,109,1,988
1951,6,400,0,2080
1952,0,357,0,-875
1953,5,280,1,2316
1954,0,45,1,322
1955,5,400,0,2572
1956,1,87,1,920
1957,5,116,1,1137
1958,1,51,1,483
1959,0,21,1,124
1960,2,99,1,880
1961,1,16,1,147
1962,11,319,0,1724
1963,1,400,0,765
1964,4,383,1,941
1965,6,397,0,1154
1966,1,16,1,147
1967,5,400,0,2444
1968,5,348,1,384
1969,0,51,1,507
1970,5,253,1,1749
1971,5,274,0,2064
1972,12,400,0,2731
1973,2,293,1,1767
1974,5,201,1,595
1975,3,400,0,452
1976,0,83,1,-191
1977,3,158,1,1212
1978,4,120,1,1077
1979,2,123,1,898
1980,0,31,0,361
1981,2,400,0,675
1982,0,22,1,175
1983,3,400,0,2250
1984,1,62,1,577
1985,0,52,1,551
1986,1,16,1,153
1987,11,253,0,1640
1988,1,136,1,1000
1989,14,277,0,2016
1990,0,181,1,-461
1991,1,50,1,368
1992,0,20,1,196
1993,0,89,1,849
1994,1,29,1,268
1995,1,79,1,657
1996,11,343,0,1056
1997,1,67,1,646
1998,3,73,0,768
1999,2,181,1,1532
2000,6,301,1,1609
2001,5,342,1,971
2002,0,44,1,209
2003,3,357,1,271
2004,5,277,0,1394
2005,9,400,0,296
2006,3,165,1,1091
2007,5,300,1,2136
2008,3,273,1,1947
2009,1,35,1,418
2010,2,56,1,442
2011,7,400,0,2300
2012,9,341,0,1503
2013,0,20,1,214
2014,1,337,0,1556
2015,0,21,1,194
2016,0,134,1,-419
2017,6,333,0,2348
2018,2,400,0,-186
2019,0,49,1,466
2020,0,22,1,175
2021,4,400,0,2021
2022,7,400,0,1474
2023,1,104,1,480
2024,14,380,0,2466
2025,13,400,0,1003
2026,1,55,1,453
2027,5,400,0,2059
2028,10,400,0,2682
2029,7,206,1,1380
2030,2,400,0,-268
2031,0,21,1,174
2032,6,186,0,1438
2033,1,204,1,-452
2034,6,375,0,2390
2035,1,55,1,401
2036,0,20,1,95
2037,1,82,1,667
2038,13,357,0,2505
2039,3,105,1,219
2040,4,114,1,1069
2041,3,126,0,1005
2042,0,45,1,389
2043,3,358,1,785
2044,2,176,1,421
2045,5,244,0,1640
2046,3,294,1,1958
2047,4,119,0,885
2048,3,400,0,230
2049,11,400,0,751
2050,0,27,1,290
2051,1,44,1,463
2052,3,400,0,-507
2053,5,360,1,1305
2054,7,400,0,2658
2055,0,44,1,388
2056,4,195,1,1184
2057,6,400,0,347
2058,5,339,0,2008
2059,0,157,1,-612
2060,3,191,1,416
2061,0,41,1,259
2062,2,81,1,823
2063,0,83,1,796
2064,0,181,0,-385
2065,6,319,1,1607
2066,2,47,1,540
2067,1,22,1,249
2068,2,70,1,633
2069,1,52,1,489
2070,0,41,1,347
2071,3,282,1,1591
2072,3,365,1,563
2073,1,63,1,556
2074,4,304,1,1555
2075,1,50,1,456
2076,1,212,1,-638
2077,5,250,1,1744
2078,0,45,1,333
2079,0,50,1,260
2080,1,15,1,135
2081,1,113,0,907
2082,7,310,0,2230
2083,1,400,0,-104
2084,0,14,1,94
2085,0,382,1,-196
2086,0,7,1,3
2087,0,285,0,-888
2088,4,400,0,1941
2089,5,272,1,1583
2090,0,29,1,209
2091,2,171,1,1200
2092,1,44,1,450
2093,11,273,0,1775
2094,2,77,1,616
2095,2,75,1,666
2096,0,22,1,124
2097,7,292,0,1970
2098,6,400,0,-640
2099,1,30,1,228
2100,2,322,0,795
2101,3,355,1,1893
2102,4,345,0,1237
2103,0,21,1,217
2104,0,50,1,434
2105,5,187,1,1531
2106,1,16,1,144
2107,0,74,1,575
2108,1,20,1,209
2109,5,196,1,1617
2110,0,21,1,139
2111,0,400,0,-823
2112,6,327,1,575
2113,4,400,0,1461
2114,6,284,0,2158
2115,5,388,1,1946
2116,0,400,0,-685
2117,1,44,1,520
2118,3,118,1,1046
2119,0,400,0,-713
2120,6,372,0,2275
2121,6,120,1,1095
2122,2,400,0,2472
2123,0,35,1,354
2124,6,400,0,2309
2125,1,55,1,537
2126,1,22,1,254
2127,0,54,1,385
2128,8,335,0,2129
2129,5,400,0,1963
2130,2,346,1,2304
2131,2,103,1,776
2132,3,400,0,763
2133,0,27,1,268
2134,6,276,1,1801
2135,4,393,1,1778
2136,0,51,1,465
2137,0,65,1,647
2138,7,389,0,133
2139,0,51,1,505
2140,0,400,0,-72
2141,4,375,1,365
2142,2,177,1,1494
2143,0,21,1,201
2144,1,184,1,1192
2145,0,7,1,1
2146,0,152,1,-32
2147,1,16,1,153
2148,3,141,1,826
2149,1,41,1,427
2150,6,344,1,1991
2151,11,400,0,2313
2152,1,58,1,499
2153,3,400,0,-325
2154,9,345,0,2230
2155,0,400,0,-846
2156,0,27,1,354
2157,3,400,0,685
2158,1,40,1,456
2159,4,387,1,1224
2160,3,400,0,1206
2161,3,114,1,957
2162,0,57,1,551
2163,1,113,1,865
2164,1,88,1,662
2165,1,15,1,143
2166,3,243,1,1549
2167,6,400,0,2003
2168,10,377,0,1824
2169,10,295,0,1967
2170,0,22,1,183
2171,2,59,1,453
2172,3,400,0,2424
2173,2,52,1,331
2174,0,29,1,274
2175,1,57,1,416
2176,1,16,1,147
2177,4,254,1,1691
2178,0,30,0,270
2179,5,231,1,1519
2180,1,51,1,345
2181,3,292,1,1527
2182,4,352,1,2567
2183,2,65,1,490
2184,4,358,1,2086
2185,5,260,0,1736
2186,0,20,1,212
2187,2,142,1,1020
2188,1,36,1,249
2189,6,266,1,1859
2190,0,35,1,347
2191,3,285,1,-834
2192,0,36,1,420
2193,3,154,1,1304
2194,6,359,1,2149
2195,6,378,1,2634
2196,0,108,1,458
2197,1,241,1,421
2198,5,400,0,2225
2199,4,323,1,2059
2200,8,400,0,2485
2201,9,369,0,1506
2202,2,172,1,1265
2203,0,36,1,313
2204,0,7,1,1
2205,0,7,1,1
2206,1,22,1,260
2207,3,169,1,997
2208,0,64,1,517
2209,0,22,1,175
2210,4,388,1,1791
2211,4,332,1,316
2212,1,41,1,409
2213,0,22,1,168
2214,1,98,0,736
2215,0,400,0,-1114
2216,4,113,1,1093
2217,0,36,1,263
2218,0,51,1,589
2219,2,385,0,648
2220,0,36,1,213
2221,0,65,1,636
2222,3,98,1,919
2223,6,400,0,2067
2224,4,400,0,2526
2225,0,20,1,205
2226,2,271,1,291
2227,0,42,1,450
2228,1,43,1,306
2229,0,25,1,170
2230,1,105,1,931
2231,2,289,1,1572
2232,5,319,1,2059
2233,0,14,1,109
2234,1,180,0,-173
2235,3,96,1,694
2236,0,43,1,472
2237,1,16,1,142
2238,4,145,1,1248
2239,6,346,1,2279
2240,2,321,1,654
2241,0,193,1,535
2242,1,31,1,316
2243,4,400,0,2410
2244,1,67,1,596
2245,5,381,1,2352
2246,4,293,0,1623
2247,0,225,1,-782
2248,3,194,1,1424
2249,3,371,1,1921
2250,4,368,1,2455
2251,1,107,1,912
2252,0,44,1,398
2253,1,16,1,142
2254,9,329,0,2098
2255,1,15,1,140
2256,4,400,0,2937
2257,3,125,1,1085
2258,0,20,1,224
2259,3,100,1,1135
2260,1,16,1,145
2261,2,374,1,132
2262,2,308,1,121
2263,1,400,0,-561
2264,0,82,1,696
2265,1,41,1,295
2266,1,31,1,305
2267,7,102,1,977
2268,1,256,1,-1066
2269,2,45,1,542
2270,7,400,0,2450
2271,0,21,1,169
2272,0,94,1,793
2273,2,400,0,-1017
2274,2,68,1,658
2275,5,206,1,1489
2276,0,20,1,204
2277,0,37,1,356
2278,1,24,1,228
2279,3,158,1,1355
2280,2,91,1,513
2281,2,115,1,699
2282,4,218,1,1576
2283,4,239,1,1568
2284,3,342,1,1170
2285,3,219,1,261
2286,0,27,1,264
2287,0,21,1,217
2288,0,20,1,220
2289,0,7,1,3
2290,0,49,1,437
2291,3,248,1,1934
2292,0,20,1,228
2293,5,165,1,1526
2294,4,332,1,2319
2295,3,347,1,2052
2296,4,400,0,317
2297,1,24,1,166
2298,0,44,1,448
2299,0,44,1,432
2300,5,206,0,1634
2301,0,7,1,3
2302,0,13,1,125
2303,0,34,1,317
2304,1,16,1,144
2305,3,182,1,1332
2306,4,214,1,1644
2307,0,6,1,4
2308,3,362,1,1902
2309,0,7,1,-5
2310,0,54,1,472
2311,3,368,1,1718
2312,4,339,1,1932
2313,2,352,1,1574
2314,2,96,1,817
2315,1,45,1,427
2316,3,256,1,447
2317,1,98,1,883
2318,2,78,1,678
2319,3,91,1,684
2320,1,37,1,306
2321,1,68,1,609
2322,1,141,1,-204
2323,0,7,1,1
2324,1,72,1,710
2325,1,50,1,614
2326,2,366,1,1056
2327,1,45,1,438
2328,3,400,0,2508
2329,2,221,1,-650
2330,4,218,1,1532
2331,6,289,1,1377
2332,5,320,1,2148
2333,2,43,1,513
2334,3,83,1,617
2335,3,62,1,579
2336,2,63,1,597
2337,1,51,1,582
2338,0,207,1,-726
2339,0,35,1,270
2340,0,250,0,-1077
2341,0,21,1,217
2342,0,43,1,482
2343,2,58,1,648
2344,0,287,1,1817
2345,0,58,1,539
2346,5,83,1,713
2347,2,81,1,705
2348,2,100,1,1044
2349,2,66,1,582
2350,1,28,1,330
2351,5,213,1,1308
2352,1,24,1,229
2353,4,400,0,1949
2354,13,301,0,2054
2355,1,82,1,645
2356,3,400,0,2470
2357,1,53,1,581
2358,9,207,1,1332
2359,4,293,1,1807
2360,0,54,0,602
2361,1,55,1,554
2362,1,296,1,-534
2363,1,21,1,222
2364,1,42,1,315
2365,0,43,1,450
2366,0,7,1,-7
2367,2,180,0,1366
2368,2,45,1,498
2369,3,151,1,1339
2370,2,86,1,672
2371,8,291,1,2082
2372,1,155,1,-73
2373,0,87,1,-44
2374,5,255,0,2191
2375,4,294,1,1633
2376,1,16,1,129
2377,7,293,0,1830
2378,0,43,1,270
2379,2,147,1,1261
2380,2,59,1,469
2381,4,99,1,1038
2382,9,400,0,825
2383,8,236,0,1514
2384,4,258,1,1556
2385,4,400,0,2016
2386,1,35,1,395
2387,1,289,1,1953
2388,1,101,1,601
2389,4,317,1,1978
2390,0,50,1,312
2391,0,22,1,175
2392,4,349,1,2434
2393,1,55,1,544
2394,8,282,0,899
2395,3,166,1,1374
2396,5,286,1,1950
2397,0,6,1,51
2398,3,50,1,452
2399,2,174,1,1431
2400,0,58,1,530
2401,1,22,1,259
2402,1,15,1,140
2403,1,46,1,388
2404,3,96,1,1003
2405,1,87,1,607
2406,0,42,1,358
2407,2,400,0,1450
2408,0,74,1,681
2409,0,22,1,223
2410,0,295,1,-785
2411,0,48,1,378
2412,0,27,1,296
2413,6,280,1,2085
2414,1,67,1,581
2415,4,309,0,2297
2416,2,126,1,856
2417,1,43,1,430
2418,0,35,1,266
2419,1,53,1,490
2420,2,400,0,590
2421,2,103,1,943
2422,2,154,1,1041
2423,2,284,0,1280
2424,1,258,1,482
2425,1,30,1,264
2426,1,23,1,258
2427,6,400,0,484
2428,0,114,1,925
2429,1,81,1,762
2430,0,44,1,437
2431,3,273,1,1416
2432,5,287,1,1683
2433,4,164,1,912
2434,1,56,1,486
2435,0,52,1,355
2436,0,149,1,-373
2437,0,244,1,-1371
2438,6,328,1,2053
2439,3,400,0,-38
2440,0,31,1,311
2441,0,28,1,275
2442,2,88,1,950
2443,1,31,1,312
2444,2,45,1,542
2445,1,52,1,531
2446,0,21,1,204
2447,1,29,1,237
2448,0,60,1,485
2449,5,285,1,1931
2450,7,346,0,2380
2451,1,111,1,843
2452,0,54,1,396
2453,4,400,0,1746
2454,0,57,1,484
2455,4,193,1,1497
2456,2,64,1,584
2457,8,371,0,1004
2458,0,20,1,218
2459,2,331,1,918
2460,4,129,1,898
2461,3,281,1,1331
2462,1,51,1,397
2463,0,21,1,174
2464,3,315,1,2286
2465,4,400,0,-171
2466,1,48,1,409
2467,3,241,1,1815
2468,2,140,1,1156
2469,5,400,0,2422
2470,3,141,1,1264
2471,2,114,1,1077
2472,3,400,0,833
2473,1,77,1,601
2474,1,169,0,-41
2475,12,400,0,877
2476,4,400,0,2353
2477,2,216,1,1467
2478,11,400,0,140
2479,0,22,1,143
2480,1,85,0,750
2481,0,22,1,183
2482,0,400,0,1864
2483,0,22,1,183
2484,1,62,1,682
2485,7,270,0,1615
2486,3,394,1,2643
2487,2,68,1,699
2488,5,251,1,1586
2489,6,157,1,1493
2490,0,51,1,366
2491,1,44,1,472
2492,1,44,1,462
2493,1,71,1,594
2494,0,34,1,339
2495,0,179,1,-484
2496,1,71,1,488
2497,0,112,1,442
2498,0,73,1,650
2499,1,16,1,137
2500,2,88,1,854
2501,14,400,0,1265
2502,2,270,1,3
2503,3,177,1,1158
2504,12,272,0,1838
2505,4,139,1,1335
2506,2,92,1,928
2507,1,61,1,602
2508,5,366,1,2492
2509,4,400,0,2296
2510,1,156,1,1120
2511,1,177,1,1513
2512,2,120,1,880
2513,0,74,1,415
2514,0,6,1,44
2515,3,119,1,1145
2516,0,20,1,224
2517,3,341,1,1008
2518,5,320,1,1980
2519,0,71,1,554
2520,2,159,1,3
2521,4,223,1,1536
2522,0,28,1,207
2523,5,249,1,1624
2524,4,400,0,2519
2525,0,6,1,-4
2526,3,132,1,1063
2527,0,208,1,-852
2528,2,65,1,649
2529,1,28,1,315
2530,1,27,1,300
2531,1,60,1,559
2532,0,7,1,3
2533,0,44,1,342
2534,1,400,0,-856
2535,7,326,1,1652
2536,3,348,1,546
2537,5,357,0,2368
2538,5,400,0,2287
2539,4,400,0,762
2540,3,321,1,2178
2541,1,187,1,341
2542,2,28,1,326
2543,1,101,1,815
2544,12,244,0,1814
2545,3,345,0,2007
2546,4,353,1,2046
2547,4,388,1,2368
2548,2,44,1,294
2549,4,224,1,1500
2550,12,364,0,2138
2551,2,272,1,-342
2552,1,283,1,1994
2553,2,67,1,564
2554,1,209,1,382
2555,3,84,1,1009
2556,2,90,1,877
2557,0,114,1,120
2558,0,67,1,653
2559,2,345,1,1850
2560,0,36,1,360
2561,4,165,1,1511
2562,4,236,1,1463
2563,6,400,0,1595
2564,1,16,1,147
2565,2,81,1,756
2566,1,349,1,-255
2567,2,160,1,1316
2568,5,320,1,887
2569,5,313,1,1948
2570,2,106,1,990
2571,10,270,0,1906
2572,13,284,0,1922
2573,0,311,0,-1817
2574,6,267,1,1743
2575,1,42,1,470
2576,4,279,1,1713
2577,0,21,1,161
2578,2,57,1,691
2579,3,291,1,1788
2580,0,6,1,3
2581,2,37,1,379
2582,0,7,1,1
2583,1,233,1,-544
2584,0,21,1,39
2585,2,20,1,243
2586,1,164,1,1486
2587,0,21,1,219
2588,5,228,1,1721
2589,4,400,0,110
2590,5,284,1,1796
2591,9,301,0,1190
2592,6,157,1,938
2593,2,75,1,637
2594,1,73,1,481
2595,2,66,1,495
2596,0,79,1,726
2597,8,349,0,2164
2598,0,71,0,620
2599,0,34,1,239
2600,2,36,1,437
2601,1,15,1,148
2602,0,36,1,373
2603,0,358,1,1378
2604,4,376,1,1796
2605,2,400,0,-43
2606,2,400,0,1362
2607,1,57,1,593
2608,0,20,1,197
2609,7,315,0,2126
2610,1,16,1,145
2611,2,289,1,460
2612,0,20,1,220
2613,1,71,1,674
2614,12,275,0,1808
2615,0,21,1,204
2616,1,43,1,401
2617,6,297,1,2033
2618,2,100,1,844
2619,2,246,1,1027
2620,6,400,0,2269
2621,7,177,1,1441
2622,1,59,1,575
2623,5,346,1,2078
2624,7,111,1,1023
2625,2,16,1,163
2626,2,16,1,157
2627,1,65,1,677
2628,3,315,1,1966
2629,6,226,1,1960
2630,0,238,1,-1295
2631,4,85,1,817
2632,2,57,1,529
2633,5,342,1,2405
2634,1,400,0,905
2635,1,81,1,777
2636,1,106,1,660
2637,5,400,0,2733
2638,5,388,1,1720
2639,0,23,1,156
2640,4,210,1,1460
2641,8,285,1,1995
2642,5,283,1,1650
2643,2,153,1,749
2644,4,400,0,2365
2645,0,27,1,194
2646,1,16,1,153
2647,0,22,1,173
2648,1,15,1,148
2649,1,58,0,455
2650,1,15,1,148
2651,6,400,0,547
2652,0,142,1,-478
2653,11,390,0,2569
2654,0,6,1,-4
2655,3,317,1,2004
2656,4,106,1,1004
2657,2,83,1,690
2658,0,23,1,213
2659,13,374,0,2402
2660,0,20,1,205
2661,8,196,1,1750
2662,0,13,1,125
2663,4,184,1,1175
2664,1,22,1,141
2665,2,316,1,1575
2666,1,29,1,257
2667,0,21,1,212
2668,1,79,1,670
2669,1,191,1,1470
2670,0,21,1,209
2671,5,369,1,2390
2672,1,400,0,371
2673,1,153,1,1189
2674,4,400,0,258
2675,6,259,1,1546
2676,6,312,1,1876
2677,3,400,0,2441
2678,2,163,1,1315
2679,3,400,0,-369
2680,1,24,1,166
2681,0,22,1,161
2682,2,400,0,1403
2683,6,117,1,1001
2684,5,359,1,1834
2685,0,20,1,212
2686,0,21,1,201
2687,2,161,1,-295
2688,4,335,1,1831
2689,3,400,0,218
2690,0,21,1,194
2691,3,371,1,2022
2692,13,389,0,3009
2693,1,86,1,710
2694,3,125,1,1186
2695,4,263,1,1588
2696,3,331,0,2212
2697,3,72,1,685
2698,0,207,1,-961
2699,1,74,1,724
2700,1,20,1,231
2701,1,77,1,462
2702,6,279,0,1751
2703,1,60,1,674
2704,8,400,0,2769
2705,1,27,1,166
2706,0,20,1,221
2707,2,83,1,769
2708,2,373,1,541
2709,8,232,0,1764
2710,0,155,1,164
2711,0,66,1,685
2712,6,400,0,2383
2713,3,221,0,1315
2714,3,120,1,1100
2715,4,266,1,2054
2716,0,21,1,196
2717,0,66,1,535
2718,0,192,1,-973
2719,1,93,1,858
2720,1,74,1,839
2721,0,41,1,445
2722,3,102,1,936
2723,2,400,0,168
2724,0,21,1,217
2725,4,315,1,2253
2726,7,396,1,1991
2727,5,105,1,795
2728,0,64,1,520
2729,1,117,1,968
2730,0,21,1,213
2731,0,64,1,633
2732,1,24,1,213
2733,0,21,1,94
2734,1,15,1,154
2735,5,329,1,1591
2736,0,42,1,358
2737,4,275,1,1458
2738,0,6,1,19
2739,0,44,1,442
2740,0,65,1,548
2741,0,72,1,719
2742,0,92,1,642
2743,3,400,0,2324
2744,0,145,0,-399
2745,4,298,1,1700
2746,1,24,1,213
2747,1,22,1,254
2748,1,16,1,147
2749,1,72,1,616
2750,3,400,0,2255
2751,1,95,1,578
2752,1,51,1,319
2753,4,181,1,1455
2754,8,374,0,2047
2755,1,117,1,805
2756,3,127,0,972
2757,1,101,1,986
2758,1,400,0,1992
2759,12,387,0,2514
2760,0,13,1,117
2761,3,387,1,476
2762,4,298,1,1371
2763,4,298,1,513
2764,1,24,1,147
2765,3,125,0,1222
2766,0,388,1,-993
2767,5,400,0,1578
2768,3,320,1,1661
2769,7,302,0,2111
2770,1,58,1,496
2771,3,400,0,30
2772,5,380,1,-272
2773,3,99,1,969
2774,12,302,0,1976
2775,0,7,1,1
2776,2,65,1,550
2777,2,194,0,1077
2778,1,16,1,135
2779,3,129,1,1240
2780,9,320,0,1986
2781,0,21,1,124
2782,0,29,1,204
2783,1,16,1,153
2784,4,155,1,1275
2785,1,98,1,846
2786,3,95,1,726
2787,1,34,1,395
2788,2,194,1,493
2789,7,363,1,2271
2790,2,104,1,744
2791,0,179,0,-681
2792,1,24,1,199
2793,3,132,1,1070
2794,3,400,0,-99
2795,1,100,1,779
2796,1,51,1,602
2797,3,229,1,1571
2798,1,91,1,462
2799,3,272,1,2089
2800,0,188,0,-535
2801,8,274,0,1830
2802,0,198,1,-611
2803,2,331,1,2273
2804,0,21,1,217
2805,7,400,0,341
2806,5,222,1,650
2807,5,400,0,424
2808,3,201,1,399
2809,0,90,1,-20
2810,2,363,1,309
2811,4,350,1,130
2812,0,7,1,1
2813,1,23,1,264
2814,2,322,1,548
2815,2,75,1,497
2816,6,400,0,2412
2817,2,328,1,451
2818,1,46,1,362
2819,0,58,1,356
2820,1,16,1,141
2821,2,74,1,735
2822,5,121,1,1010
2823,0,51,1,466
2824,2,140,1,1327
2825,0,13,1,105
2826,7,333,1,2002
2827,4,281,1,1125
2828,5,400,0,-358
2829,1,400,0,-838
2830,1,44,1,420
2831,2,39,1,380
2832,2,400,0,-338
2833,4,76,1,625
2834,1,16,1,147
2835,1,92,1,782
2836,4,80,1,801
2837,2,62,1,738
2838,0,36,1,363
2839,5,299,1,1751
2840,1,239,0,969
2841,0,44,1,431
2842,3,400,0,1593
2843,7,375,0,2291
2844,3,137,1,1178
2845,1,138,1,1145
2846,1,58,1,467
2847,0,21,1,213
2848,0,20,1,227
2849,5,317,1,703
2850,2,49,0,431
2851,0,7,1,3
2852,0,22,1,166
2853,2,95,0,738
2854,2,161,0,1130
2855,1,24,1,231
2856,0,20,1,218
2857,0,316,0,-948
2858,2,400,0,2011
2859,8,203,1,1731
2860,4,94,1,788
2861,1,91,1,812
2862,3,244,1,1976
2863,0,13,1,54
2864,1,111,1,814
2865,1,23,1,177
2866,11,283,0,2030
2867,1,259,1,-986
2868,5,318,1,1249
2869,4,122,1,1065
2870,4,184,1,1458
2871,2,400,0,-45
2872,3,368,1,2237
2873,1,16,1,153
2874,5,250,1,1846
2875,1,83,1,660
2876,5,323,1,1737
2877,1,21,1,124
2878,2,78,1,804
2879,4,400,0,2155
2880,4,379,1,757
2881,2,343,1,-22
2882,5,400,0,2321
2883,1,15,1,143
2884,1,23,1,246
2885,4,276,1,1778
2886,2,318,1,1843
2887,1,60,1,709
2888,1,259,1,1837
2889,5,99,1,798
2890,1,16,1,148
2891,1,57,1,476
2892,4,207,1,1375
2893,3,400,0,2127
2894,0,82,1,-169
2895,2,290,1,2254
2896,1,291,1,-1231
2897,4,330,1,1986
2898,5,177,1,734
2899,6,338,1,2269
2900,0,13,1,125
2901,5,281,1,1925
2902,2,16,1,163
2903,3,43,1,480
2904,1,312,1,19
2905,7,400,0,1613
2906,4,109,1,900
2907,1,15,1,149
2908,0,35,1,353
2909,3,119,1,867
2910,0,110,0,642
2911,2,263,1,1753
2912,5,304,1,2411
2913,1,66,0,259
2914,1,39,1,331
2915,3,95,1,866
2916,1,78,1,728
2917,0,21,1,172
2918,2,314,1,1735
2919,7,316,1,1462
2920,2,143,1,1175
2921,5,321,0,916
2922,1,15,1,177
2923,5,343,1,1820
2924,4,240,0,1572
2925,1,61,1,401
2926,1,400,0,-475
2927,2,44,1,389
2928,1,60,1,430
2929,4,355,1,322
2930,7,400,0,2151
2931,1,16,1,132
2932,3,60,1,664
2933,1,31,1,314
2934,0,28,1,250
2935,1,15,1,148
2936,1,108,1,1002
2937,2,59,1,499
2938,2,115,1,967
2939,5,400,0,1709
2940,1,47,1,434
2941,6,314,0,1765
2942,1,81,0,549
2943,1,101,1,933
2944,8,305,0,184
2945,3,312,1,1855
2946,8,282,0,2177
2947,4,209,1,1579
2948,0,189,1,-347
2949,0,13,1,112
2950,1,20,1,233
2951,2,103,1,913
2952,1,16,1,148
2953,3,289,1,1485
2954,0,300,0,-1565
2955,0,49,0,339
2956,2,46,1,497
2957,0,29,1,212
2958,1,76,1,540
2959,2,189,1,206
2960,3,287,1,1878
2961,3,400,0,872
2962,3,238,0,518
2963,1,400,0,-525
2964,1,400,0,434
2965,9,278,0,1774
2966,2,51,1,556
2967,9,297,0,1913
2968,4,361,1,478
2969,1,15,1,183
2970,3,400,0,2624
2971,1,69,1,602
2972,0,21,1,201
2973,0,20,1,115
2974,2,400,0,2339
2975,4,244,1,1054
2976,1,61,1,681
2977,1,278,0,-1374
2978,3,202,1,1471
2979,3,77,1,645
2980,3,322,1,1822
2981,0,15,1,107
2982,5,153,1,1233
2983,0,21,1,151
2984,0,41,1,395
2985,12,283,0,1725
2986,1,103,1,840
2987,3,76,1,518
2988,2,102,1,868
2989,0,374,1,-146
2990,2,115,1,851
2991,3,219,1,1594
2992,3,159,1,1166
2993,3,240,0,1276
2994,0,50,1,465
2995,1,36,1,368
2996,0,36,1,348
2997,4,161,1,1388
2998,2,234,1,1711
2999,2,84,1,643
3000,0,307,1,-193
3001,0,13,1,98
3002,0,50,1,471
3003,0,56,1,381
3004,4,267,1,1556
3005,1,29,1,319
3006,0,57,1,453
3007,5,310,1,1853
3008,3,88,1,805
3009,0,21,1,209
3010,4,298,1,413
3011,1,16,1,142
3012,0,62,1,572
3013,14,400,0,920
3014,1,400,0,-638
3015,13,274,0,2147
3016,8,353,0,1804
3017,3,168,1,1542
3018,6,395,1,2063
3019,0,13,1,120
3020,4,100,1,845
3021,5,400,0,2227
3022,0,23,1,192
3023,5,400,0,-210
3024,1,44,1,470
3025,0,20,1,205
3026,0,20,1,213
3027,5,239,1,1545
3028,5,332,1,1527
3029,0,29,1,245
3030,4,121,1,1029
3031,1,15,1,84
3032,5,126,1,1095
3033,4,384,0,-488
3034,1,21,1,231
3035,3,346,1,2127
3036,3,92,1,791
3037,3,89,1,830
3038,7,388,1,1940
3039,1,66,1,718
3040,4,230,0,1580
3041,2,95,1,769
3042,14,306,0,2134
3043,1,123,0,1130
3044,4,400,0,213
3045,2,127,1,879
3046,0,7,1,1
3047,1,16,1,140
3048,1,42,1,464
3049,0,6,1,19
3050,0,21,1,164
3051,5,317,1,1751
3052,2,400,0,644
3053,1,351,1,671
3054,0,50,1,265
3055,3,66,1,628
3056,0,21,1,213
3057,1,24,1,165
3058,4,322,1,1855
3059,3,254,1,929
3060,5,132,1,970
3061,2,308,1,1542
3062,2,49,1,557
3063,0,28,1,262
3064,0,323,1,32
3065,2,400,0,2279
3066,6,287,1,1956
3067,0,301,0,-1526
3068,3,236,1,1575
3069,7,209,1,1549
3070,1,400,0,-69
3071,5,284,1,1680
3072,1,49,0,563
3073,9,254,0,1746
3074,2,400,0,2235
3075,1,105,0,907
3076,5,223,1,1545
3077,0,22,1,183
3078,2,78,1,687
3079,0,22,1,173
3080,0,73,1,593
3081,0,29,1,254
3082,0,211,1,217
3083,0,400,0,-1131
3084,0,22,1,158
3085,6,243,1,1882
3086,0,42,1,322
3087,2,60,1,528
3088,2,338,1,1197
3089,7,320,0,1896
3090,2,16,1,98
3091,2,22,1,271
3092,2,136,1,996
3093,2,58,1,598
3094,2,28,1,273
3095,2,104,1,774
3096,1,179,1,302
3097,1,400,0,1082
3098,4,160,1,1105
3099,3,189,1,232
3100,9,357,0,2040
3101,2,66,1,565
3102,2,127,1,971
3103,0,58,1,521
3104,3,393,1,-372
