1,1,44,1,-309
2,1,9,1,-169
3,1,10,1,-134
4,1,12,1,-201
5,2,13,1,-91
6,1,21,1,-210
7,0,6,1,-155
8,1,32,1,-234
9,1,6,1,-160
10,1,8,1,-138
11,0,6,1,-176
12,0,23,1,-286
13,1,30,1,-249
14,0,6,1,-161
15,1,20,1,-198
16,0,7,1,-167
17,1,44,1,-271
18,2,4,1,-37
19,1,4,1,-70
20,0,5,1,-153
21,2,16,1,-187
22,1,24,1,-202
23,0,5,1,-132
24,0,10,1,-170
25,0,33,1,-329
26,3,10,1,-53
27,1,41,1,-277
28,0,6,1,-164
29,0,27,1,-300
30,3,52,1,-290
31,1,4,1,-132
32,1,13,1,-177
33,4,13,1,-4
34,2,25,1,-186
35,2,18,1,-197
36,3,6,1,-77
37,1,18,1,-202
38,2,15,1,-196
39,2,10,1,-149
40,0,7,1,-174
41,0,18,1,-199
42,0,15,1,-238
43,1,16,1,-192
44,0,7,1,-155
45,0,28,1,-277
46,0,9,1,-168
47,0,7,1,-157
48,1,29,1,-250
49,3,50,1,-268
50,1,17,1,-235
51,7,57,1,-80
52,1,7,1,-167
53,1,30,1,-228
54,0,5,1,-157
55,1,8,1,-137
56,0,6,1,-165
57,2,21,1,-193
58,2,22,1,-150
59,1,42,1,-263
60,1,13,1,-148
61,0,11,1,-177
62,2,7,1,-64
63,0,9,1,-206
64,1,5,1,-112
65,2,9,1,-128
66,1,6,1,-125
67,0,12,1,-220
68,0,6,1,-164
69,3,34,1,-171
70,0,30,1,-316
71,1,6,1,-117
72,1,6,1,-167
73,0,8,1,-180
74,2,8,1,-145
75,2,15,1,-196
76,1,11,1,-149
77,2,4,1,-69
78,0,7,1,-163
79,4,14,1,-71
80,1,12,1,-158
81,0,12,1,-195
82,1,4,1,-109
83,1,47,1,-309
84,3,19,1,-129
85,1,33,1,-278
86,2,19,1,-174
87,0,6,1,-125
88,2,5,1,-107
89,1,18,1,-134
90,2,16,1,-194
91,1,64,1,-496
92,0,4,1,-136
93,1,20,1,-145
94,1,17,1,-196
95,6,46,1,-118
96,0,4,1,-132
97,0,8,1,-190
98,7,46,1,-59
99,1,12,1,-172
100,0,40,1,-343
101,4,45,1,-227
102,1,4,1,-128
103,2,8,1,-133
104,4,59,1,-259
105,1,4,1,-82
106,1,21,1,-195
107,1,19,1,-171
108,0,9,1,-193
109,1,19,1,-147
110,3,26,1,-140
111,2,33,1,-181
112,1,34,1,-256
113,0,12,1,-188
114,2,42,1,-280
115,2,8,1,-94
116,0,12,1,-206
117,0,19,1,-226
118,1,25,1,-212
119,0,4,1,-125
120,3,20,1,-136
121,1,15,1,-127
122,1,37,1,-346
123,0,7,1,-160
124,0,4,1,-117
125,2,19,1,-164
126,7,66,1,-157
127,2,16,1,-99
128,0,12,1,-208
129,2,26,1,-191
130,1,10,1,-117
131,1,22,1,-227
132,2,6,1,-117
133,0,7,1,-159
134,0,10,1,-171
135,3,30,1,-188
136,0,12,1,-182
137,1,10,1,-154
138,2,18,1,-127
139,2,7,1,-111
140,2,28,1,-173
141,0,4,1,-132
142,4,27,1,-102
143,2,12,1,-87
144,4,15,1,-77
145,2,23,1,-223
146,0,13,1,-160
147,1,6,1,-130
148,1,12,1,-193
149,0,6,1,-172
150,0,4,1,-117
151,3,25,1,-206
152,3,45,1,-240
153,1,5,1,-138
154,1,12,1,-193
155,0,12,1,-204
156,1,16,1,-162
157,1,5,1,-115
158,1,9,1,-184
159,2,10,1,-83
160,5,23,1,-31
161,0,5,1,-166
162,2,17,1,-158
163,1,9,1,-171
164,0,7,1,-157
165,1,14,1,-201
166,1,5,1,-160
167,0,8,1,-178
168,3,20,1,-141
169,0,5,1,-134
170,1,4,1,-109
171,1,6,1,-159
172,3,10,1,-38
173,3,19,1,-130
174,1,13,1,-192
175,7,26,1,13
176,4,36,1,-207
177,2,15,1,-128
178,1,4,1,-136
179,2,19,1,-151
180,8,65,1,-86
181,2,8,1,-133
182,0,14,1,-248
183,5,62,1,-273
184,2,4,1,-90
185,1,11,1,-172
186,0,6,1,-157
187,1,30,1,-294
188,5,43,1,-198
189,3,18,1,-118
190,0,4,1,-125
191,2,33,1,-188
192,1,41,1,-377
193,2,17,1,-148
194,1,13,1,-178
195,1,17,1,-212
196,1,10,1,-186
197,4,19,1,-88
198,1,20,1,-233
199,0,8,1,-190
200,0,9,1,-170
201,3,50,1,-276
202,2,24,1,-221
203,0,5,1,-143
204,0,9,1,-174
205,1,12,1,-137
206,0,6,1,-148
207,0,5,1,-151
208,0,8,1,-169
209,1,6,1,-161
210,0,6,1,-172
211,0,5,1,-166
212,0,22,1,-174
213,0,5,1,-157
214,3,11,1,-26
215,0,6,1,-166
216,1,17,1,-175
217,3,13,1,-74
218,1,11,1,-164
219,2,25,1,-240
220,3,19,1,-103
221,0,22,1,-252
222,2,21,1,-161
223,1,6,1,-166
224,3,27,1,-161
225,0,5,1,-162
226,1,9,1,-152
227,2,26,1,-210
228,0,4,1,-140
229,1,18,1,-197
230,5,17,1,-15
231,12,72,1,-20
232,4,19,1,-101
233,3,15,1,-69
234,3,36,1,-218
235,6,80,1,-331
236,3,31,1,-164
237,0,5,1,-160
238,1,5,1,-143
239,2,20,1,-181
240,0,4,1,-104
241,0,9,1,-179
242,2,22,1,-147
243,1,9,1,-138
244,0,18,1,-194
245,2,8,1,-127
246,0,4,1,-117
247,1,16,1,-163
248,5,40,1,-97
249,5,29,1,-42
250,3,29,1,-148
251,5,48,1,-94
252,5,28,1,-56
253,1,11,1,-152
254,2,5,1,-116
255,2,16,1,-88
256,1,7,1,-128
257,0,18,1,-224
258,3,14,1,-57
259,6,37,1,-63
260,0,9,1,-133
261,2,35,1,-176
262,2,16,1,-86
263,3,42,1,-196
264,2,15,1,-164
265,0,10,1,-174
266,1,15,1,-165
267,3,14,1,-93
268,5,34,1,-48
269,0,11,1,-188
270,1,12,1,-155
271,1,13,1,-156
272,0,14,1,-185
273,1,30,1,-262
274,1,7,1,-167
275,2,9,1,-148
276,5,38,1,-40
277,1,9,1,-93
278,0,13,1,-194
279,4,22,1,-36
280,1,9,1,-134
281,0,4,1,-132
282,0,20,1,-234
283,5,53,1,-174
284,2,11,1,-129
285,3,15,1,-50
286,1,23,1,-245
287,2,14,1,-127
288,4,57,1,-258
289,3,14,1,-85
290,10,53,1,70
291,2,11,1,-114
292,9,56,1,47
293,1,6,1,-111
294,1,4,1,-109
295,3,42,1,-215
296,6,22,1,7
297,0,10,1,-192
298,0,6,1,-176
299,3,21,1,-107
300,1,5,1,-142
301,1,8,1,-170
302,0,7,1,-170
303,1,9,1,-136
304,2,9,1,-85
305,2,15,1,-92
306,0,6,1,-172
307,4,21,1,-51
308,2,16,1,-172
309,2,7,1,-130
310,0,8,1,-177
311,3,22,1,-156
312,1,17,1,-115
313,4,28,1,-120
314,0,6,1,-176
315,2,7,1,-119
316,1,9,1,-164
317,3,13,1,-42
318,2,32,1,-258
319,2,4,1,-70
320,1,13,1,-108
321,1,15,1,-152
322,1,6,1,-107
323,2,14,1,-107
324,1,19,1,-132
325,1,8,1,-127
326,0,4,1,-127
327,4,42,1,-139
328,1,6,1,-145
329,3,24,1,-160
330,1,4,1,-117
331,2,20,1,-144
332,3,73,1,-328
333,8,47,1,4
334,0,25,1,-245
335,0,10,1,-177
336,2,28,1,-153
337,2,8,1,-75
338,2,10,1,-142
339,13,76,1,159
340,0,19,1,-247
341,1,17,1,-176
342,1,9,1,-135
343,2,20,1,-91
344,2,5,1,-103
345,4,41,1,-183
346,0,5,1,-166
347,1,14,1,-131
348,1,12,1,-150
349,1,12,1,-125
350,3,44,1,-206
351,7,33,1,34
352,0,21,1,-248
353,1,17,1,-170
354,1,16,1,-152
355,0,11,1,-196
356,1,9,1,-140
357,5,54,1,-214
358,1,11,1,-152
359,3,15,1,-48
360,6,85,1,-371
361,0,9,1,-153
362,8,34,1,68
363,0,4,1,-90
364,6,43,1,-121
365,3,30,1,-150
366,1,21,1,-193
367,4,49,1,-276
368,3,50,1,-180
369,1,12,1,-212
370,1,4,1,-124
371,9,55,1,-3
372,3,32,1,-156
373,1,4,1,-90
374,5,30,1,-31
375,1,7,1,-122
376,4,24,1,-66
377,2,31,1,-250
378,1,19,1,-145
379,3,16,1,-90
380,0,4,1,-130
381,2,55,1,-283
382,0,7,1,-168
383,7,55,1,-54
384,2,39,1,-210
385,0,5,1,-162
386,3,11,1,0
387,7,37,1,16
388,2,18,1,-117
389,7,61,1,-100
390,1,4,1,-77
391,8,55,1,21
392,1,12,1,-150
393,4,17,1,-57
394,9,74,1,-31
395,2,8,1,-113
396,1,5,1,-170
397,17,89,1,245
398,1,4,1,-140
399,0,8,1,-176
400,3,17,1,-39
401,10,49,1,160
402,2,15,1,-110
403,2,16,1,-93
404,3,32,1,-177
405,4,20,1,-41
406,5,26,1,-57
407,3,24,1,-96
408,8,30,1,89
409,0,5,1,-162
410,2,43,1,-248
411,3,38,1,-210
412,0,6,1,-157
413,0,9,1,-142
414,1,5,1,-105
415,6,46,1,-90
416,2,11,1,-96
417,5,21,1,-30
418,5,18,1,-2
419,2,14,1,-103
420,7,44,1,8
421,1,31,1,-202
422,1,25,1,-186
423,2,9,1,-32
424,2,22,1,-130
425,0,6,1,-176
426,0,6,1,-172
427,1,4,1,-109
428,1,41,1,-326
429,10,63,1,97
430,4,17,1,-28
431,0,4,1,-121
432,5,40,1,-94
433,0,6,1,-148
434,1,12,1,-95
435,0,23,1,-194
436,3,22,1,-68
437,1,16,1,-140
438,10,91,1,-87
439,1,12,1,-144
440,1,9,1,-96
441,2,5,1,-116
442,1,5,1,-97
443,2,27,1,-169
444,5,39,1,-101
445,3,28,1,-154
446,0,9,1,-161
447,1,34,1,-254
448,1,4,1,-117
449,1,7,1,-178
450,3,14,1,-62
451,7,55,1,-94
452,8,29,1,123
453,3,9,1,-97
454,0,8,1,-164
455,8,74,1,-158
456,1,4,1,-109
457,1,10,1,-150
458,3,18,1,-100
459,1,13,1,-210
460,6,25,1,-27
461,0,8,1,-169
462,3,27,1,-138
463,8,23,1,68
464,1,9,1,-140
465,14,63,1,260
466,15,63,1,262
467,14,78,1,200
468,4,25,1,-39
469,8,24,1,129
470,6,57,1,-159
471,2,7,1,-128
472,5,44,1,-75
473,4,27,1,-60
474,5,56,1,-121
475,3,12,1,-89
476,8,25,1,94
477,1,17,1,-254
478,4,48,1,-155
479,2,22,1,-177
480,5,37,1,-20
481,2,13,1,-91
482,6,45,1,-92
483,5,43,1,-107
484,2,4,1,-29
485,9,62,1,28
486,1,15,1,-154
487,2,33,1,-210
488,2,25,1,-168
489,2,13,1,-129
490,1,9,1,-142
491,1,14,1,-205
492,1,8,1,-104
493,1,15,1,-244
494,3,30,1,-198
495,3,12,1,-77
496,1,6,1,-124
497,3,11,1,-79
498,2,26,1,-190
499,1,19,1,-141
500,10,44,1,136
501,4,38,1,-149
502,6,111,1,-396
503,1,9,1,-194
504,18,180,1,-89
505,1,21,1,-193
506,1,6,1,-132
507,6,101,1,-413
508,16,89,1,180
509,10,42,1,85
510,2,24,1,-155
511,5,13,1,-36
512,7,38,1,-13
513,1,6,1,-64
514,8,44,1,-23
515,2,7,1,-85
516,3,13,1,-45
517,4,44,1,-122
518,1,4,1,-81
519,10,32,1,220
520,3,6,1,-15
521,1,13,1,-161
522,2,17,1,-194
523,0,14,1,-161
524,0,10,1,-120
525,1,7,1,-94
526,10,41,1,134
527,1,8,1,-128
528,1,5,1,-162
529,6,39,1,-67
530,18,95,1,281
531,0,11,1,-198
532,0,4,1,-117
533,3,11,1,-39
534,8,24,1,120
535,6,21,1,64
536,7,36,1,55
537,8,39,1,83
538,1,6,1,-168
539,0,12,1,-192
540,4,32,1,-56
541,0,8,1,-160
542,1,46,1,-326
543,7,81,1,-147
544,2,15,1,-126
545,4,22,1,-39
546,4,17,1,-67
547,0,6,1,-129
548,2,12,1,-141
549,3,88,1,-329
550,4,21,1,-38
551,4,33,1,-51
552,15,77,1,237
553,4,18,1,-29
554,4,14,1,-60
555,1,16,1,-149
556,5,24,1,-38
557,1,8,1,-170
558,19,93,1,315
559,1,14,1,-129
560,0,4,1,-132
561,5,30,1,-44
562,2,38,1,-201
563,1,10,1,-202
564,3,13,1,-78
565,1,4,1,-117
566,2,26,1,-102
567,0,5,1,-158
568,3,7,1,-80
569,2,21,1,-97
570,14,71,1,228
571,8,33,1,123
572,2,12,1,-138
573,8,24,1,132
574,1,10,1,-190
575,0,5,1,-132
576,3,14,1,-65
577,3,25,1,-91
578,1,22,1,-162
579,1,4,1,-136
580,0,7,1,-152
581,15,64,1,307
582,1,8,1,-110
583,2,16,1,-111
584,0,4,1,-132
585,4,20,1,-60
586,5,11,1,29
587,0,6,1,-164
588,3,7,1,-69
589,1,4,1,-100
590,2,12,1,-73
591,14,89,1,136
592,1,12,1,-127
593,6,61,1,-143
594,2,8,1,-140
595,6,46,1,-27
596,11,41,1,206
597,6,32,1,40
598,5,24,1,-18
599,7,32,1,55
600,2,19,1,-120
601,6,48,1,-48
602,7,17,1,107
603,9,82,1,-74
604,3,17,1,-96
605,3,50,1,-299
606,5,10,1,60
607,4,21,1,-111
608,3,14,1,-65
609,23,88,1,529
610,9,55,1,62
611,0,6,1,-104
612,10,80,1,68
613,2,13,1,-104
614,2,24,1,-153
615,0,4,1,-117
616,1,7,1,-134
617,1,12,1,-192
618,1,5,1,-64
619,4,22,1,-13
620,3,39,1,-173
621,9,31,1,149
622,4,14,1,-56
623,5,19,1,-16
624,1,9,1,-129
625,1,24,1,-129
626,6,183,1,-558
627,12,35,1,293
628,5,34,1,-40
629,1,8,1,-131
630,0,5,1,-162
631,0,6,1,-172
632,1,7,1,-112
633,1,13,1,-133
634,6,32,1,-122
635,4,10,1,5
636,1,8,1,-134
637,1,5,1,-158
638,0,4,1,-102
639,22,118,1,435
640,6,26,1,-9
641,17,91,1,222
642,1,10,1,-154
643,2,10,1,-94
644,13,62,1,266
645,4,31,1,-98
646,1,8,1,-121
647,0,4,1,-119
648,15,40,1,358
649,5,28,1,-18
650,14,35,1,329
651,19,95,1,323
652,2,4,1,-67
653,1,26,1,-158
654,3,23,1,-61
655,12,44,1,251
656,14,59,1,250
657,8,29,1,121
658,3,10,1,-68
659,11,46,1,132
660,4,16,1,-53
661,1,7,1,-108
662,0,4,1,-117
663,17,112,1,166
664,5,42,1,-104
665,4,83,1,-234
666,2,34,1,-99
667,0,5,1,-162
668,5,17,1,31
669,0,5,1,-170
670,5,18,1,24
671,0,9,1,-171
672,12,119,1,-92
673,11,58,1,122
674,1,4,1,-127
675,15,63,1,229
676,6,53,1,-67
677,0,6,1,-172
678,9,54,1,48
679,11,36,1,220
680,7,64,1,-107
681,16,72,1,304
682,12,98,1,37
683,6,10,1,114
684,6,52,1,-72
685,18,92,1,330
686,0,8,1,-149
687,7,44,1,56
688,6,41,1,-35
689,4,35,1,-61
690,7,89,1,-195
691,0,27,1,-193
692,13,53,1,235
693,7,193,1,-565
694,19,96,1,339
695,1,32,1,-211
696,1,6,1,-144
697,15,57,1,379
698,7,17,1,85
699,6,41,1,-34
700,21,88,1,407
701,4,101,1,-258
702,5,29,1,-6
703,1,5,1,-143
704,1,27,1,-230
705,7,45,1,-13
706,3,13,1,-47
707,7,35,1,-28
708,6,76,1,-89
709,17,148,1,86
710,5,17,1,77
711,8,35,1,27
712,1,5,1,-111
713,7,36,1,15
714,1,5,1,-100
715,24,120,1,518
716,16,58,1,348
717,1,25,1,-204
718,7,70,1,-56
719,5,51,1,-71
720,2,22,1,-117
721,4,38,1,-185
722,3,20,1,-65
723,19,63,1,497
724,2,10,1,-116
725,3,15,1,-64
726,1,10,1,-88
727,15,55,1,272
728,5,24,1,-2
729,3,16,1,-50
730,15,54,1,298
731,11,53,1,131
732,1,9,1,-146
733,1,5,1,-105
734,2,30,1,-117
735,9,40,1,97
736,7,48,1,14
737,7,79,1,-111
738,14,87,1,94
739,4,13,1,14
740,1,22,1,-134
741,5,27,1,12
742,19,73,1,473
743,3,58,1,-165
744,1,8,1,-176
745,5,12,1,11
746,5,36,1,7
747,1,5,1,-94
748,1,16,1,-130
749,12,114,1,-99
750,4,17,1,-14
751,7,24,1,83
752,19,66,1,529
753,27,134,1,685
754,5,31,1,33
755,5,50,1,-132
756,15,101,1,130
757,13,77,1,204
758,1,4,1,-61
759,2,7,1,-67
760,12,94,1,37
761,15,62,1,259
762,3,29,1,-132
763,14,115,1,12
764,16,49,1,341
765,3,12,1,-64
766,4,27,1,-80
767,13,96,1,81
768,4,24,1,-44
769,7,59,1,-14
770,2,5,1,-57
771,14,64,1,245
772,11,73,1,25
773,5,125,1,-323
774,5,34,1,-36
775,10,34,1,128
776,5,26,1,43
777,18,117,1,262
778,4,23,1,-15
779,4,19,1,-11
780,3,40,1,-188
781,14,134,1,-14
782,4,45,1,-121
783,10,53,1,74
784,4,25,1,-86
785,8,68,1,-4
786,0,12,1,-188
787,12,62,1,175
788,17,74,1,363
789,0,90,1,-350
790,4,22,1,-58
791,11,78,1,93
792,1,7,1,-161
793,11,42,1,177
794,6,28,1,55
795,12,55,1,171
796,8,77,1,-100
797,5,59,1,-115
798,9,38,1,93
799,9,115,1,-302
800,2,4,1,-54
801,20,69,1,551
802,3,14,1,-3
803,19,83,1,401
804,8,42,1,36
805,17,54,1,426
806,6,33,1,62
807,3,100,1,-253
808,17,151,1,144
809,6,37,1,63
810,2,6,1,-115
811,2,8,1,-92
812,1,6,1,-102
813,4,53,1,-148
814,9,64,1,160
815,8,96,1,-118
816,0,4,1,-110
817,0,5,1,-147
818,6,28,1,22
819,9,23,1,222
820,5,42,1,-67
821,4,21,1,-60
822,2,24,1,-238
823,4,16,1,-12
824,15,107,1,128
825,2,9,1,-46
826,16,123,1,227
827,20,150,1,175
828,1,72,1,-319
829,5,19,1,-40
830,5,22,1,45
831,4,19,1,-82
832,5,22,1,34
833,11,79,1,58
834,4,14,1,-44
835,3,22,1,-172
836,3,17,1,-11
837,3,10,1,-70
838,15,193,1,-83
839,10,47,1,135
840,3,17,1,-74
841,4,33,1,-88
842,15,94,1,143
843,14,197,1,-191
844,4,49,1,-86
845,9,84,1,-3
846,16,159,1,11
847,3,10,1,-77
848,19,67,1,497
849,5,13,1,90
850,11,51,1,191
851,1,29,1,-200
852,1,7,1,-180
853,17,64,1,375
854,3,12,1,-85
855,12,110,1,14
856,17,79,1,377
857,12,59,1,146
858,6,22,1,63
859,2,12,1,-50
860,17,72,1,361
861,6,56,1,-97
862,8,26,1,54
863,2,9,1,-48
864,26,129,1,603
865,1,7,1,-132
866,16,59,1,371
867,16,104,1,230
868,11,49,1,123
869,2,9,1,-23
870,3,28,1,-170
871,6,20,1,19
872,8,44,1,49
873,4,24,1,-17
874,6,18,1,71
875,5,15,1,-26
876,12,31,1,263
877,4,146,1,-371
878,10,91,1,15
879,9,47,1,50
880,15,45,1,369
881,8,54,1,-18
882,16,115,1,190
883,10,62,1,91
884,0,4,1,-123
885,1,43,1,-222
886,8,79,1,-75
887,5,28,1,-2
888,3,13,1,-34
889,5,14,1,58
890,6,18,1,68
891,11,50,1,144
892,11,66,1,95
893,10,44,1,115
894,9,49,1,60
895,14,69,1,289
896,5,27,1,44
897,15,148,1,-125
898,11,40,1,187
899,9,110,1,-31
900,12,80,1,161
901,28,116,1,617
902,14,116,1,-31
903,6,17,1,73
904,7,41,1,23
905,4,36,1,-86
906,7,51,1,-41
907,7,39,1,15
908,10,200,0,-98
909,20,138,1,293
910,0,8,1,-148
911,1,6,1,-87
912,6,46,1,47
913,19,129,1,246
914,3,26,1,-79
915,11,114,1,56
916,7,18,1,97
917,21,73,1,522
918,11,198,1,-272
919,10,34,1,206
920,5,57,1,-75
921,14,86,1,216
922,16,200,0,214
923,15,130,1,78
924,1,5,1,-136
925,25,81,1,733
926,11,32,1,207
927,8,77,1,-43
928,11,193,1,-205
929,13,176,1,-91
930,3,13,1,-46
931,12,187,1,-205
932,11,73,1,56
933,4,46,1,-142
934,25,149,1,515
935,15,200,0,164
936,25,129,1,623
937,10,88,1,9
938,15,200,0,77
939,18,148,1,224
940,12,61,1,194
941,1,16,1,-168
942,1,10,1,-150
943,9,37,1,150
944,8,56,1,47
945,32,197,1,566
946,16,63,1,322
947,2,35,1,-129
948,17,148,1,202
949,12,55,1,187
950,6,98,1,-182
951,8,21,1,146
952,23,122,1,549
953,3,30,1,-154
954,4,32,1,-60
955,6,25,1,67
956,9,46,1,52
957,20,59,1,552
958,13,119,1,54
959,23,200,0,533
960,21,166,1,338
961,9,43,1,63
962,13,70,1,189
963,0,5,1,-134
964,6,51,1,-36
965,9,72,1,63
966,26,94,1,697
967,10,103,1,94
968,2,8,1,-61
969,17,125,1,159
970,10,114,1,-13
971,19,111,1,420
972,15,79,1,308
973,24,200,0,399
974,8,34,1,20
975,1,5,1,-84
976,25,133,1,613
977,3,7,1,-72
978,20,69,1,572
979,1,31,1,-208
980,9,77,1,61
981,25,147,1,500
982,6,38,1,6
983,19,129,1,254
984,7,26,1,69
985,1,5,1,-86
986,9,55,1,34
987,5,27,1,36
988,32,192,1,578
989,18,149,1,178
990,3,9,1,-34
991,8,58,1,-5
992,3,68,1,-146
993,7,53,1,34
994,19,44,1,618
995,5,29,1,37
996,14,92,1,215
997,28,199,1,523
998,19,152,1,291
999,19,59,1,562
1000,10,32,1,235
1001,7,71,1,-28
1002,25,200,0,629
1003,15,94,1,241
1004,4,151,1,-370
1005,3,26,1,-83
1006,22,71,1,614
1007,24,157,1,448
1008,8,47,1,101
1009,30,184,1,653
1010,6,93,1,-117
1011,11,55,1,150
1012,26,198,1,487
1013,3,47,1,-94
1014,0,4,1,-112
1015,7,64,1,-138
1016,16,58,1,378
1017,26,200,0,703
1018,18,70,1,462
1019,19,128,1,431
1020,18,58,1,450
1021,24,187,1,442
1022,41,200,0,1282
1023,10,92,1,57
1024,13,76,1,210
1025,22,139,1,461
1026,18,149,1,255
1027,10,200,0,42
1028,28,134,1,745
1029,24,97,1,617
1030,36,140,1,1029
1031,0,4,1,-109
1032,24,155,1,481
1033,0,7,1,-168
1034,8,126,1,-71
1035,2,9,1,-73
1036,10,67,1,105
1037,6,11,1,69
1038,30,200,0,848
1039,11,42,1,202
1040,2,7,1,-20
1041,5,24,1,-29
1042,24,135,1,551
1043,1,11,1,-131
1044,16,79,1,322
1045,8,58,1,36
1046,26,140,1,655
1047,12,46,1,251
1048,28,114,1,763
1049,41,200,0,1304
1050,34,200,0,980
1051,10,34,1,134
1052,15,141,1,226
1053,13,97,1,154
1054,5,16,1,41
1055,9,41,1,169
1056,35,200,0,906
1057,2,9,1,-56
1058,2,10,1,-67
1059,10,63,1,90
1060,35,175,1,864
1061,8,23,1,201
1062,8,45,1,115
1063,28,112,1,742
1064,7,24,1,110
1065,17,63,1,431
1066,18,70,1,412
1067,32,130,1,931
1068,3,12,1,15
1069,5,21,1,47
1070,10,33,1,172
1071,21,106,1,454
1072,23,87,1,519
1073,14,52,1,355
1074,45,200,0,1544
1075,23,111,1,578
1076,11,45,1,223
1077,28,200,0,733
1078,38,153,1,1111
1079,36,200,0,1113
1080,4,16,1,1
1081,0,9,1,-134
1082,26,95,1,722
1083,38,143,1,1123
1084,11,66,1,44
1085,30,96,1,926
1086,19,72,1,512
1087,22,90,1,573
1088,41,144,1,1182
1089,30,200,0,868
1090,11,24,1,225
1091,2,12,1,-127
1092,45,200,0,1408
1093,1,4,1,-27
1094,18,66,1,394
1095,2,6,1,-57
1096,23,143,1,602
1097,16,101,1,254
1098,5,16,1,7
1099,22,107,1,594
1100,3,10,1,-24
1101,2,12,1,-76
1102,18,60,1,455
1103,46,200,0,1623
1104,17,147,1,201
1105,9,32,1,139
1106,12,26,1,306
1107,24,95,1,629
1108,0,6,1,-144
1109,0,4,1,-113
1110,48,200,0,1729
1111,2,11,1,-62
1112,20,59,1,556
1113,38,183,1,994
1114,2,8,1,-49
1115,8,58,1,7
1116,20,84,1,479
1117,44,200,0,1430
1118,7,30,1,80
1119,8,33,1,96
1120,20,72,1,508
1121,26,106,1,767
1122,6,16,1,86
1123,47,200,0,1568
1124,9,64,1,131
1125,18,71,1,445
1126,30,108,1,775
1127,9,28,1,197
1128,15,66,1,327
1129,40,169,1,1102
1130,43,167,1,1292
1131,9,43,1,149
1132,45,200,0,1504
1133,16,72,1,328
1134,45,200,0,1489
1135,30,200,0,880
1136,29,92,1,800
1137,9,50,1,132
1138,29,164,1,792
1139,16,44,1,447
1140,44,200,0,1408
1141,9,32,1,167
1142,44,200,0,1474
1143,50,164,0,1735
1144,29,89,1,832
1145,35,111,1,1031
1146,24,91,1,662
1147,5,11,1,72
1148,39,180,1,1087
1149,41,160,1,1246
1150,47,200,0,1652
1151,50,197,0,1701
1152,41,135,1,1270
1153,18,60,1,421
1154,14,41,1,336
1155,24,100,1,652
1156,32,113,1,946
1157,36,159,1,848
1158,1,5,1,-115
1159,32,125,1,945
1160,50,193,0,1849
1161,17,56,1,385
1162,18,48,1,477
1163,47,200,0,1652
1164,17,63,1,421
1165,50,200,0,1800
1166,19,60,1,516
1167,17,57,1,464
1168,33,110,1,1028
1169,5,24,1,30
1170,47,200,0,1560
1171,44,200,0,1456
1172,49,200,0,1612
1173,16,53,1,429
1174,32,107,1,998
1175,11,26,1,239
1176,7,25,1,84
1177,6,25,1,68
1178,30,85,1,865
1179,28,84,1,808
1180,2,4,1,-60
1181,7,22,1,114
1182,50,195,0,1710
1183,48,200,0,1574
1184,26,63,1,781
1185,16,45,1,400
1186,33,119,1,977
1187,38,187,1,1048
1188,43,150,1,1390
1189,27,94,1,819
1190,34,129,1,953
1191,28,82,1,868
1192,33,131,1,910
1193,31,124,1,857
1194,31,96,1,941
1195,5,22,1,75
1196,45,200,0,1547
1197,20,53,1,542
1198,13,44,1,338
1199,46,200,0,1539
1200,6,29,1,52
1201,3,11,1,-9
1202,46,188,1,1313
1203,5,30,1,23
1204,5,19,1,-23
1205,30,108,1,900
1206,15,46,1,366
1207,5,15,1,49
1208,43,166,1,1309
1209,43,144,1,1353
1210,21,67,1,591
1211,24,142,1,522
1212,41,158,1,1181
1213,20,51,1,599
1214,19,91,1,492
1215,21,70,1,584
1216,6,17,1,88
1217,47,200,0,1616
1218,28,85,1,853
1219,26,98,1,708
1220,17,58,1,437
1221,11,34,1,215
1222,18,48,1,540
1223,22,70,1,558
1224,36,144,1,1056
1225,45,123,1,1515
1226,4,20,1,8
1227,48,200,0,1602
1228,46,146,1,1477
1229,13,35,1,336
1230,10,36,1,168
1231,48,200,0,1485
1232,29,82,1,830
1233,7,22,1,115
1234,15,36,1,407
1235,45,200,0,1583
1236,12,47,1,293
1237,50,185,1,1581
1238,31,102,1,913
1239,36,125,1,1147
1240,8,29,1,146
1241,50,194,0,1803
1242,50,156,0,1838
1243,49,181,1,1459
1244,47,200,0,1638
1245,49,200,0,1544
1246,41,177,1,1115
1247,26,79,1,803
1248,48,183,1,1444
1249,8,40,1,97
1250,29,73,1,887
1251,21,73,1,620
1252,38,116,1,1174
1253,27,88,1,803
1254,9,27,1,171
1255,50,167,0,1826
1256,3,7,1,-12
1257,42,121,1,1433
1258,31,103,1,977
1259,21,77,1,517
1260,32,97,1,963
1261,18,64,1,527
1262,33,104,1,1080
1263,46,200,0,1334
1264,28,105,1,778
1265,33,107,1,1018
1266,25,93,1,683
1267,49,200,0,1634
1268,24,70,1,799
1269,31,91,1,975
1270,33,94,1,989
1271,33,122,1,973
1272,19,68,1,459
1273,50,171,0,1845
1274,50,186,0,1771
1275,16,55,1,418
1276,50,198,0,1711
1277,49,178,1,1500
1278,11,32,1,320
1279,26,96,1,711
1280,50,189,0,1752
1281,48,181,1,1531
1282,0,8,1,-155
1283,1,6,1,-153
1284,50,186,0,1778
1285,39,113,1,1305
1286,17,48,1,418
1287,32,116,1,994
1288,4,14,1,-19
1289,50,183,1,1599
1290,22,78,1,634
1291,50,164,0,1946
1292,9,30,1,176
1293,50,169,0,1832
1294,46,167,1,1480
1295,8,21,1,169
1296,48,185,1,1534
1297,2,10,1,-72
1298,28,73,1,934
1299,1,6,1,-172
1300,49,200,0,1726
1301,37,112,1,1184
1302,3,13,1,-37
1303,40,113,1,1245
1304,28,85,1,831
1305,15,36,1,341
1306,48,162,1,1536
1307,50,185,0,1792
1308,40,138,1,1264
1309,3,18,1,-66
1310,37,121,1,1194
1311,15,39,1,410
1312,39,111,1,1245
1313,30,106,1,847
1314,50,176,0,1839
1315,4,25,1,12
1316,50,157,0,1916
1317,50,171,0,1877
1318,47,200,0,1587
1319,23,81,1,625
1320,46,183,1,1106
1321,1,6,1,-75
1322,50,165,0,1908
1323,50,156,0,1887
1324,27,75,1,827
1325,0,5,1,-157
1326,46,200,0,1281
1327,9,29,1,122
1328,16,46,1,446
1329,49,200,0,1538
1330,34,97,1,1052
1331,48,200,0,1546
1332,36,101,1,1119
1333,50,187,0,1806
1334,49,200,0,1631
1335,41,130,1,1267
1336,45,147,1,1396
1337,48,157,1,1574
1338,31,102,1,980
1339,24,76,1,699
1340,21,51,1,656
1341,49,200,0,1602
1342,2,6,1,-60
1343,17,42,1,509
1344,16,51,1,412
1345,12,42,1,247
1346,48,182,1,1477
1347,44,141,1,1484
1348,22,65,1,696
1349,1,4,1,-25
1350,13,39,1,343
1351,48,141,1,1588
1352,8,21,1,170
1353,50,177,0,1819
1354,50,191,0,1801
1355,50,176,0,1834
1356,45,130,1,1516
1357,14,37,1,361
1358,50,183,0,1824
1359,7,27,1,111
1360,16,49,1,388
1361,3,14,1,-35
1362,50,144,0,1944
1363,25,71,1,775
1364,30,68,1,1039
1365,26,72,1,793
1366,50,190,0,1831
1367,13,45,1,279
1368,5,16,1,100
1369,12,23,1,337
1370,28,83,1,840
1371,37,140,1,1161
1372,47,200,0,1502
1373,50,171,0,1876
1374,10,28,1,215
1375,46,130,1,1532
1376,44,162,1,1453
1377,18,43,1,512
1378,39,120,1,1246
1379,50,199,0,1884
1380,9,25,1,207
1381,48,200,0,1291
1382,48,163,1,1567
1383,50,186,0,1775
1384,13,60,1,267
1385,14,37,1,390
1386,50,186,0,1849
1387,41,143,1,1256
1388,45,143,1,1446
1389,17,47,1,462
1390,49,200,0,1519
1391,36,130,1,1065
1392,23,73,1,666
1393,17,43,1,519
1394,42,132,1,1334
1395,49,200,0,1644
1396,0,6,1,-140
1397,31,103,1,1022
1398,14,44,1,373
1399,19,58,1,587
1400,50,177,0,1832
1401,37,105,1,1124
1402,15,57,1,269
1403,34,95,1,1102
1404,48,172,1,1524
1405,50,199,0,1769
1406,36,98,1,1153
1407,33,128,1,1005
1408,33,116,1,1032
1409,24,70,1,750
1410,47,200,0,1708
1411,50,172,0,1827
1412,50,188,0,1856
1413,27,89,1,838
1414,40,144,1,1296
1415,50,172,0,1826
1416,46,155,1,1514
1417,49,200,0,1749
1418,50,147,0,1918
1419,21,55,1,584
1420,48,200,0,1502
1421,36,117,1,1107
1422,50,159,0,1874
1423,48,200,0,1545
1424,49,200,0,1820
1425,50,173,0,1902
1426,33,102,1,1060
1427,48,177,1,1392
1428,5,20,1,-2
1429,47,200,0,1632
1430,40,157,1,937
1431,49,182,1,1615
1432,12,37,1,303
1433,42,137,1,1345
1434,13,40,1,324
1435,15,47,1,367
1436,50,178,0,1843
1437,50,154,0,1969
1438,12,37,1,325
1439,21,44,1,678
1440,40,121,1,1270
1441,37,100,1,1224
1442,30,81,1,1035
1443,48,181,1,1448
1444,49,200,0,1705
1445,13,31,1,394
1446,13,32,1,322
1447,50,167,0,1834
1448,50,199,0,1731
1449,1,4,1,-62
1450,46,143,1,1472
1451,49,183,1,1558
1452,50,160,0,1824
1453,11,32,1,263
1454,29,72,1,912
1455,50,175,0,1932
1456,29,76,1,931
1457,50,181,0,1838
1458,9,24,1,175
1459,0,5,1,-101
1460,50,178,0,1810
1461,5,11,1,61
1462,50,190,0,1851
1463,45,160,1,1458
1464,50,185,0,1805
1465,50,151,0,1961
1466,50,141,0,1935
1467,50,189,0,1822
1468,50,159,0,1958
1469,50,170,0,1934
1470,9,21,1,209
1471,49,200,0,1708
1472,43,138,1,1429
1473,50,197,0,1750
1474,38,106,1,1240
1475,49,161,1,1694
1476,23,75,1,688
1477,46,200,0,1452
1478,14,45,1,377
1479,46,141,1,1613
1480,4,11,1,47
1481,3,16,1,-74
1482,44,127,1,1356
1483,50,168,0,1844
1484,39,91,1,1330
1485,16,45,1,487
1486,25,66,1,758
1487,35,129,1,1072
1488,12,35,1,260
1489,47,174,1,1539
1490,40,132,1,1280
1491,36,91,1,1229
1492,42,146,1,1310
1493,50,144,0,1911
1494,38,154,1,1148
1495,7,23,1,114
1496,25,75,1,776
1497,14,42,1,374
1498,48,168,1,1429
1499,50,154,0,1957
1500,25,71,1,755
1501,48,176,1,1455
1502,50,172,0,1811
1503,50,188,0,1856
1504,13,27,1,387
1505,30,84,1,1006
1506,5,9,1,18
1507,50,161,0,1871
1508,33,119,1,1055
1509,2,15,1,-68
1510,46,141,1,1608
1511,50,153,0,1938
1512,50,166,0,1936
1513,50,188,0,1834
1514,48,200,0,1421
1515,24,70,1,722
1516,20,55,1,574
1517,50,175,0,1818
1518,40,105,1,1321
1519,50,167,0,1824
1520,49,200,0,1821
1521,50,162,0,1844
1522,47,142,1,1600
1523,50,166,0,1808
1524,14,37,1,332
1525,50,167,0,1892
1526,12,40,1,321
1527,14,52,1,293
1528,27,75,1,824
1529,4,13,1,1
1530,49,187,1,1390
1531,50,175,0,1832
1532,50,138,0,1939
1533,44,200,0,1165
1534,50,169,0,1941
1535,21,49,1,673
1536,30,103,1,954
1537,29,79,1,827
1538,1,5,1,-137
1539,36,103,1,1168
1540,24,84,1,686
1541,49,200,0,1489
1542,50,194,0,1840
1543,47,147,1,1569
1544,40,142,1,1142
1545,50,154,1,1688
1546,50,187,0,1846
1547,50,164,0,1842
1548,49,200,0,1765
1549,50,174,0,1875
1550,16,46,1,501
1551,50,167,0,1847
1552,16,50,1,423
1553,11,34,1,257
1554,50,163,0,1878
1555,50,162,0,1919
1556,49,200,0,1621
1557,50,184,0,1837
1558,14,38,1,352
1559,1,8,1,-93
1560,50,180,0,1877
1561,50,176,0,1841
1562,26,75,1,863
1563,50,176,0,1896
1564,50,157,0,1930
1565,50,192,1,1621
1566,0,6,1,-172
1567,25,86,1,704
1568,50,160,0,1876
1569,50,152,1,1641
1570,40,122,1,1260
1571,49,171,1,1496
1572,42,140,1,1344
1573,2,8,1,-79
1574,46,166,1,1529
1575,49,200,0,1611
1576,50,169,0,1889
1577,46,185,1,1204
1578,50,150,0,2000
1579,50,155,0,1849
1580,6,9,1,68
1581,35,95,1,1224
1582,50,181,0,1842
1583,10,31,1,206
1584,47,200,0,1476
1585,35,111,1,1157
1586,9,30,1,204
1587,27,86,1,815
1588,50,153,0,1900
1589,43,140,1,1430
1590,48,200,0,1491
1591,30,82,1,1002
1592,27,82,1,839
1593,47,168,1,1524
1594,50,156,0,1912
1595,8,21,1,158
1596,50,168,0,1949
1597,50,177,0,1883
1598,40,119,1,1384
1599,50,172,0,1886
1600,50,158,0,1893
1601,50,186,0,1836
1602,33,103,1,1004
1603,49,200,0,1756
1604,49,172,1,1574
1605,46,200,0,1426
1606,50,141,0,1893
1607,18,44,1,516
1608,50,153,0,1943
1609,20,46,1,583
1610,50,189,0,1827
1611,49,163,1,1635
1612,44,165,1,1141
1613,50,162,0,1903
1614,4,13,1,22
1615,31,89,1,976
1616,47,176,1,1516
1617,50,154,0,1786
1618,49,180,1,1612
1619,50,171,0,1965
1620,2,8,1,-18
1621,28,76,1,901
1622,50,196,0,1770
1623,48,200,0,1493
1624,50,165,0,1888
1625,50,193,0,1689
1626,36,79,1,1189
1627,45,162,1,1298
1628,15,40,1,426
1629,50,184,0,1761
1630,50,183,0,1858
1631,45,145,1,1424
1632,50,179,0,1820
1633,50,179,0,1916
1634,45,133,1,1548
1635,44,168,1,1386
1636,39,115,1,1254
1637,49,200,0,1704
1638,4,14,1,9
1639,37,110,1,1176
1640,49,200,0,1684
1641,14,24,1,389
1642,50,166,0,1984
1643,50,164,0,1850
1644,49,200,0,1606
1645,38,115,1,1244
1646,50,162,0,1939
1647,49,200,0,1634
1648,49,173,1,1510
1649,50,169,0,1925
1650,50,186,0,1844
1651,35,115,1,1033
1652,50,150,0,1962
1653,50,160,0,1937
1654,48,200,0,1551
1655,50,177,0,1886
1656,29,68,1,958
1657,42,151,1,1374
1658,50,169,0,1921
1659,50,189,0,1884
1660,50,156,0,1892
1661,4,12,1,-16
1662,50,176,0,1846
1663,50,191,0,1793
1664,50,160,0,1990
1665,50,162,0,1902
1666,39,102,1,1328
1667,50,159,0,1917
1668,50,187,0,1803
1669,40,120,1,1273
1670,22,50,1,707
1671,48,200,0,1472
1672,49,200,0,1365
1673,50,163,0,1881
1674,30,89,1,934
1675,48,166,1,1656
1676,22,66,1,653
1677,50,152,0,1949
1678,20,62,1,525
1679,50,150,0,1973
1680,49,200,0,1516
1681,47,151,1,1565
1682,37,103,1,1247
1683,50,188,0,1685
1684,48,142,1,1621
1685,42,112,1,1483
1686,50,175,0,1740
1687,26,77,1,862
1688,45,125,1,1576
1689,25,84,1,755
1690,49,200,0,1448
1691,49,179,1,1622
1692,50,187,0,1850
1693,50,179,0,1966
1694,22,63,1,689
1695,50,168,0,1877
1696,1,7,1,-107
1697,36,104,1,1259
1698,47,200,0,1417
1699,50,175,0,1849
1700,47,148,1,1540
1701,50,193,0,1857
1702,50,174,0,1960
1703,50,197,0,1589
1704,28,63,1,947
1705,25,69,1,812
1706,48,200,0,1468
1707,50,176,0,1844
1708,50,187,0,1819
1709,49,200,0,1514
1710,50,194,0,1847
1711,41,110,1,1403
1712,50,155,0,1940
1713,10,22,1,258
1714,50,183,0,1928
1715,38,119,1,1267
1716,45,127,1,1535
1717,33,105,1,1076
1718,49,200,0,1512
1719,11,30,1,224
1720,50,153,0,1967
1721,50,146,0,1964
1722,32,80,1,1040
1723,50,177,0,1931
1724,50,186,0,1929
1725,5,17,1,52
1726,50,163,0,1956
1727,50,192,0,1894
1728,50,166,0,1956
1729,46,150,1,1463
1730,39,102,1,1343
1731,45,200,0,1124
1732,50,154,0,1954
1733,49,199,1,1286
1734,12,35,1,268
1735,4,8,1,25
1736,50,149,0,1978
1737,50,157,0,1997
1738,50,166,0,1893
1739,50,167,0,1948
1740,42,131,1,1365
1741,50,151,0,1918
1742,50,164,0,1924
1743,38,165,1,870
1744,45,134,1,1509
1745,50,193,0,1688
1746,50,147,0,1972
1747,31,82,1,1025
1748,24,66,1,773
1749,50,194,0,1854
1750,10,29,1,212
1751,50,158,0,1980
1752,40,116,1,1325
1753,19,51,1,603
1754,45,200,0,1238
1755,36,106,1,1183
1756,36,114,1,1185
1757,50,170,0,1860
1758,50,184,0,1917
1759,50,142,0,1924
1760,50,151,0,1956
1761,50,156,0,1883
1762,50,147,0,1988
1763,16,41,1,437
1764,50,156,0,1988
1765,50,163,0,1919
1766,50,165,0,1911
1767,50,170,0,1890
1768,50,169,0,1924
1769,17,31,1,542
1770,50,155,0,1935
1771,50,137,0,1942
1772,49,200,0,1423
1773,45,146,1,1503
1774,50,187,0,1774
1775,50,166,0,1978
1776,50,158,0,1938
1777,50,168,0,1899
1778,50,174,0,1914
1779,27,84,1,973
1780,50,142,0,1974
1781,50,158,0,1983
1782,49,200,0,1666
1783,16,37,1,492
1784,22,60,1,699
1785,50,173,0,1832
1786,46,122,1,1564
1787,49,169,1,1704
1788,42,105,1,1486
1789,49,200,0,1511
1790,50,193,0,1812
1791,49,132,1,1707
1792,24,61,1,808
1793,50,157,0,1845
1794,50,166,0,1879
1795,50,149,0,1978
1796,27,63,1,866
1797,50,170,0,1867
1798,50,169,0,1843
1799,43,131,1,1389
1800,50,163,0,1954
1801,50,154,0,1921
1802,50,178,0,1947
1803,42,126,1,1379
1804,1,8,1,-140
1805,50,160,0,1917
1806,50,169,0,1847
1807,50,177,0,1866
1808,50,178,0,1927
1809,36,99,1,1198
1810,50,162,0,1896
1811,10,26,1,192
1812,48,200,0,1341
1813,36,76,1,1232
1814,50,185,0,1749
1815,50,158,0,1964
1816,50,159,0,1940
1817,50,161,0,1920
1818,50,167,0,1865
1819,14,28,1,371
1820,50,165,0,1908
1821,49,200,0,1425
1822,27,73,1,893
1823,50,168,0,1891
1824,19,50,1,566
1825,50,140,0,1951
1826,50,158,0,1913
1827,45,133,1,1542
1828,48,200,0,1417
1829,50,144,0,1948
1830,50,177,0,1871
1831,50,166,0,1906
1832,50,166,0,1854
1833,50,154,0,1932
1834,48,200,0,1451
1835,48,164,1,1555
1836,36,114,1,1241
1837,28,66,1,951
1838,50,184,0,1866
1839,29,73,1,968
1840,50,154,0,1965
1841,50,186,0,1788
1842,48,200,0,1362
1843,35,85,1,1188
1844,11,24,1,284
1845,2,8,1,-77
1846,46,200,0,1240
1847,50,153,0,1977
1848,39,104,1,1337
1849,50,177,0,1906
1850,50,175,0,1881
1851,47,200,0,1309
1852,31,75,1,1053
1853,47,158,1,1587
1854,47,200,0,1415
1855,12,28,1,315
1856,50,190,0,1900
1857,50,183,0,1934
1858,30,74,1,1017
1859,50,168,0,1936
1860,50,152,0,1975
1861,50,169,0,1962
1862,50,142,0,1966
1863,50,150,0,1991
1864,48,135,1,1711
1865,49,200,0,1406
1866,50,185,0,1800
1867,50,168,0,1842
1868,3,9,1,-14
1869,48,190,1,1289
1870,47,144,1,1620
1871,50,183,0,1909
1872,48,200,0,1174
1873,49,181,1,1413
1874,50,152,0,1935
1875,50,167,0,1954
1876,48,200,0,1196
1877,48,200,0,1547
1878,45,114,1,1522
1879,50,199,0,1837
1880,50,189,0,1818
1881,50,161,0,1943
1882,39,96,1,1392
1883,42,115,1,1380
1884,50,165,0,1966
1885,23,57,1,717
1886,50,170,0,1913
1887,50,155,0,1882
1888,50,168,0,1942
1889,50,139,0,1992
1890,44,117,1,1481
1891,50,150,0,1987
1892,49,200,0,1578
1893,50,155,0,1919
1894,50,143,0,1958
1895,50,166,0,1867
1896,50,153,0,1936
1897,49,200,0,1194
1898,50,144,0,2026
1899,45,200,0,1090
1900,22,53,1,659
1901,32,80,1,1048
1902,46,200,0,1340
1903,44,113,1,1538
1904,50,144,0,1928
1905,48,200,0,1522
1906,50,142,0,2007
1907,49,200,0,1462
1908,50,150,0,1936
1909,22,52,1,711
1910,50,139,0,1963
1911,50,152,0,1869
1912,50,182,0,1925
1913,19,46,1,593
1914,50,154,0,1922
1915,50,124,0,1990
1916,50,154,0,1944
1917,50,152,0,2020
1918,50,179,0,1825
1919,49,200,0,1648
1920,49,200,0,1455
1921,50,195,0,1751
1922,50,170,0,1894
1923,50,133,0,1996
1924,50,152,0,1986
1925,50,158,0,1980
1926,13,28,1,317
1927,49,200,0,1622
1928,23,61,1,808
1929,26,77,1,766
1930,49,200,0,1515
1931,49,200,0,1382
1932,28,63,1,951
1933,32,90,1,1037
1934,36,111,1,1200
1935,45,138,1,1514
1936,50,155,0,1972
1937,50,144,0,2006
1938,44,200,0,1158
1939,50,167,0,1971
1940,49,200,0,1392
1941,32,83,1,1016
1942,50,163,0,1924
1943,50,154,0,2030
1944,50,151,0,1893
1945,50,172,0,1955
1946,49,145,1,1729
1947,50,143,0,2004
1948,49,200,0,1526
1949,38,101,1,1266
1950,50,164,0,1956
1951,50,164,0,1981
1952,46,200,0,1182
1953,32,94,1,1124
1954,50,151,0,1983
1955,1,9,1,-104
1956,50,145,0,1992
1957,50,197,0,1817
1958,49,200,0,1464
1959,50,172,0,1988
1960,13,30,1,403
1961,5,16,1,53
1962,49,152,1,1625
1963,47,132,1,1514
1964,50,144,0,1996
1965,50,149,0,1887
1966,50,137,0,1996
1967,49,200,0,1571
1968,50,165,0,1936
1969,49,135,1,1704
1970,50,175,0,1899
1971,50,122,0,2029
1972,50,141,0,1956
1973,50,155,0,1957
1974,50,160,0,1974
1975,48,200,0,1442
1976,50,149,0,1943
1977,49,200,0,1407
1978,50,148,0,1990
1979,50,179,0,1937
1980,50,169,0,1920
1981,25,53,1,820
1982,50,146,0,2001
1983,50,152,0,1965
1984,50,148,0,1971
1985,24,71,1,727
1986,50,159,0,1970
1987,48,132,1,1740
1988,50,154,0,1941
1989,32,80,1,1095
1990,44,119,1,1489
1991,50,142,0,1992
1992,7,18,1,146
1993,50,185,0,1907
1994,50,149,0,1965
1995,50,160,0,1935
1996,50,172,0,1927
1997,50,170,0,1928
1998,50,166,0,1977
1999,49,200,0,1420
2000,35,91,1,1167
2001,50,163,0,1984
2002,13,25,1,371
2003,50,149,0,2020
2004,14,35,1,383
2005,48,200,0,1507
2006,48,200,0,1148
2007,42,125,1,1482
2008,47,200,0,1245
2009,50,163,0,1978
2010,50,161,0,2004
2011,49,200,0,1306
2012,50,134,0,1997
2013,42,107,1,1437
2014,50,155,0,1986
2015,50,194,0,1909
2016,50,146,0,1988
2017,44,117,1,1528
2018,50,162,0,1967
2019,50,151,0,1993
2020,50,136,0,1909
2021,47,150,1,1605
2022,50,161,0,1918
2023,50,156,0,1956
2024,48,200,0,1576
2025,50,151,0,1955
2026,25,58,1,818
2027,45,129,1,1562
2028,46,118,1,1583
2029,49,200,0,1418
2030,50,168,0,1962
2031,37,92,1,1315
2032,50,159,0,1901
2033,50,145,0,1929
2034,50,154,0,1990
2035,49,200,0,1414
2036,50,147,0,1980
2037,50,175,0,1836
2038,50,165,0,1880
2039,48,142,1,1636
2040,50,163,0,2012
2041,36,109,1,1185
2042,47,134,1,1611
2043,50,170,0,1949
2044,50,154,0,1961
2045,50,169,0,1934
2046,50,138,0,1884
2047,50,169,0,1979
2048,50,159,0,1952
2049,48,200,0,1397
2050,50,158,0,1989
2051,50,183,0,1854
2052,49,200,0,1641
2053,48,170,1,1500
2054,50,160,0,1981
2055,50,136,0,1978
2056,13,37,1,370
2057,50,148,0,1999
2058,50,156,0,1912
2059,3,8,1,-6
2060,36,97,1,1219
2061,44,111,1,1491
2062,50,151,0,1996
2063,50,165,0,1827
2064,41,125,1,1434
2065,50,173,0,1939
2066,50,187,0,1876
2067,50,150,0,1964
2068,49,200,0,1492
2069,50,166,1,1716
2070,50,165,0,1896
2071,12,38,1,330
2072,50,146,0,2006
2073,50,154,0,2008
2074,49,178,1,1297
2075,50,162,0,1898
2076,49,200,0,1374
2077,50,153,0,1971
2078,48,200,0,1238
2079,48,200,0,1456
2080,50,138,0,2000
2081,50,143,0,2034
2082,13,35,1,402
2083,50,152,0,1930
2084,50,151,0,2008
2085,50,151,0,1958
2086,32,83,1,1104
2087,50,148,0,1913
2088,50,173,0,1916
2089,49,200,0,1650
2090,50,199,0,1544
2091,50,135,0,2005
2092,50,141,0,1992
2093,16,37,1,490
2094,50,130,0,1992
2095,6,20,1,142
2096,50,155,0,1997
2097,45,200,0,1020
2098,48,200,0,1342
2099,50,159,0,1928
2100,50,157,0,1877
2101,50,155,0,1985
2102,50,150,0,1930
2103,50,156,0,1941
2104,50,173,0,1974
2105,47,200,0,1347
2106,50,154,0,2007
2107,50,154,0,1957
2108,49,200,0,1468
2109,41,200,0,855
2110,50,147,0,1958
2111,50,162,0,1908
2112,50,182,0,1847
2113,50,146,0,1988
2114,43,123,1,1529
2115,50,151,0,1935
2116,50,141,0,1984
2117,50,144,0,2019
2118,50,157,0,1905
2119,50,159,0,1955
2120,50,163,0,1947
2121,50,164,0,1946
2122,50,155,0,1969
2123,50,174,0,1950
2124,50,161,0,1983
2125,42,117,1,1427
2126,49,200,0,1561
2127,45,135,1,1544
2128,50,161,0,1931
2129,50,144,0,1984
2130,50,152,0,1926
2131,49,200,0,1517
2132,50,138,0,2036
2133,50,168,0,1909
2134,50,185,0,1844
2135,44,137,1,1543
2136,45,151,1,1526
2137,3,8,1,21
2138,50,138,0,1959
2139,50,135,0,2012
2140,50,150,0,1951
2141,49,200,0,1424
2142,50,146,0,2003
2143,50,142,0,1952
2144,50,145,0,2023
2145,50,143,0,1973
2146,48,200,0,1371
2147,50,166,0,1977
2148,35,99,1,1222
2149,50,141,0,1938
2150,50,158,0,1937
2151,43,200,0,1071
2152,50,155,0,1984
2153,50,137,0,2044
2154,27,63,1,884
2155,47,200,0,1314
2156,50,152,0,2000
2157,50,153,0,1963
2158,50,163,0,1950
2159,48,200,0,1457
2160,50,145,0,1960
2161,50,137,0,2004
2162,50,145,0,2040
2163,28,87,1,881
2164,50,163,0,1996
2165,50,163,0,1882
2166,50,168,0,1956
2167,50,173,0,2000
2168,50,151,0,1929
2169,50,136,0,1954
2170,3,8,1,-22
2171,50,173,0,1933
2172,47,200,0,1170
2173,15,44,1,429
2174,47,200,0,1207
2175,50,168,0,1852
2176,50,143,0,1988
2177,49,142,1,1711
2178,50,140,0,1996
2179,50,151,0,1944
2180,48,200,0,1396
2181,50,169,0,1990
2182,50,161,0,2010
2183,50,157,0,1915
2184,39,105,1,1329
2185,49,200,0,1671
2186,50,144,0,2019
2187,44,109,1,1523
2188,50,145,0,2008
2189,48,200,0,1387
2190,50,157,0,1974
2191,48,137,1,1698
2192,50,141,0,2006
2193,50,155,0,2003
2194,48,200,0,1320
2195,49,200,0,1408
2196,50,172,0,1946
2197,45,124,1,1586
2198,50,139,0,1984
2199,37,91,1,1312
2200,50,157,0,2019
2201,49,200,0,1756
2202,50,164,0,1898
2203,50,154,0,1915
2204,50,157,0,2002
2205,50,136,0,2006
2206,50,145,0,2014
2207,34,76,1,1188
2208,17,42,1,473
2209,50,178,0,1894
2210,45,200,0,1103
2211,49,200,0,1348
2212,50,150,0,2001
2213,49,200,0,1520
2214,48,200,0,1264
2215,49,200,0,1333
2216,50,158,0,1972
2217,50,157,0,1996
2218,50,174,0,1891
2219,50,130,0,2013
2220,50,149,0,1970
2221,49,200,0,1282
2222,49,200,0,1463
2223,50,150,0,1939
2224,50,171,0,1884
2225,50,143,0,1974
2226,50,171,0,2004
2227,49,200,0,1426
2228,50,150,0,1988
2229,50,142,0,1985
2230,49,200,0,1440
2231,50,152,0,1963
2232,50,148,0,1998
2233,50,139,0,2018
2234,50,151,0,1967
2235,50,163,0,1960
2236,50,199,0,1610
2237,50,140,0,1947
2238,50,157,0,1919
2239,50,136,0,1997
2240,50,182,0,1921
2241,49,200,0,1477
2242,49,200,0,1238
2243,50,148,0,1946
2244,50,144,0,1953
2245,49,143,1,1689
2246,50,160,0,2030
2247,50,165,0,2020
2248,50,153,0,1994
2249,50,174,0,1878
2250,50,159,0,1988
2251,50,177,0,1742
2252,50,182,0,1786
2253,49,200,0,1403
2254,50,145,0,1976
2255,50,143,0,2042
2256,50,137,0,2030
2257,50,140,0,2052
2258,50,182,0,1801
2259,50,139,0,2028
2260,50,158,0,1909
2261,50,157,0,2012
2262,2,5,1,-59
2263,49,153,1,1744
2264,49,200,0,1302
2265,21,64,1,611
2266,50,121,0,1992
2267,50,155,0,1959
2268,50,147,0,1967
2269,50,148,0,1905
2270,50,144,0,2014
2271,32,80,1,1097
2272,50,144,0,1988
2273,50,134,0,2000
2274,50,149,0,2016
2275,49,200,0,1399
2276,50,145,0,1988
2277,50,167,0,1994
2278,50,156,0,1970
2279,10,31,1,214
2280,47,200,0,1294
2281,50,172,0,1939
2282,50,164,0,1866
2283,50,143,0,2008
2284,16,42,1,469
2285,49,200,0,1381
2286,50,148,0,2011
2287,27,69,1,882
2288,22,53,1,697
2289,50,151,0,2030
2290,9,20,1,230
2291,44,118,1,1488
2292,50,158,0,2012
2293,50,147,0,1981
2294,50,154,0,2046
2295,50,152,0,2046
2296,49,200,0,1385
2297,50,153,0,1920
2298,50,151,0,1993
2299,37,93,1,1307
2300,50,125,0,1999
2301,50,139,0,1965
2302,35,78,1,1222
2303,50,133,0,2040
2304,50,134,0,2080
2305,49,200,0,1184
2306,50,128,0,2090
2307,50,137,0,2070
2308,46,200,0,1120
2309,45,200,0,942
2310,49,200,0,1226
2311,50,150,0,2060
2312,50,133,0,2076
2313,46,200,0,1084
2314,50,131,0,2088
2315,50,131,0,2072
2316,50,120,0,2092
2317,50,131,0,2072
2318,50,121,0,2074
2319,49,200,0,1336
2320,50,141,0,2080
2321,48,200,0,1174
2322,50,129,0,2040
2323,50,153,0,2032
2324,48,200,0,1212
2325,50,145,0,2078
2326,50,125,0,2092
2327,45,200,0,884
2328,50,122,0,2078
2329,50,129,0,2078
2330,50,129,0,2082
2331,50,126,0,2072
2332,49,200,0,1208
2333,50,133,0,2068
2334,50,125,0,2036
2335,50,130,0,2036
2336,50,136,0,2072
2337,50,139,0,2082
2338,50,131,0,2042
2339,49,200,0,1338
2340,46,200,0,1140
2341,50,130,0,2088
2342,50,158,0,2054
2343,50,147,0,2074
2344,49,200,0,1312
2345,50,125,0,2072
2346,50,151,0,2066
2347,50,137,0,2082
2348,50,136,0,2036
2349,50,127,0,2082
2350,50,128,0,2050
2351,50,133,0,2082
2352,50,126,0,2088
2353,50,144,0,2082
2354,50,126,0,2084
2355,50,129,0,2080
2356,50,121,0,2034
2357,50,124,0,2042
2358,50,145,0,2048
2359,50,135,0,2078
2360,50,145,0,2034
2361,50,130,0,2074
2362,50,137,0,2086
2363,50,147,0,2064
2364,48,200,0,1106
2365,50,131,0,2040
2366,49,200,0,1278
2367,50,143,0,2068
2368,50,138,0,2070
2369,50,125,0,2036
2370,50,135,0,2068
2371,50,139,0,2072
2372,50,125,0,2090
2373,45,200,0,1018
2374,44,200,0,950
2375,50,123,0,2036
2376,46,200,0,1042
2377,50,135,0,2086
2378,47,200,0,934
2379,50,129,0,2036
2380,50,149,0,2072
2381,50,155,0,2070
2382,49,200,0,1434
2383,43,200,0,834
2384,50,134,0,2072
2385,50,138,0,2078
2386,50,124,0,2068
2387,50,138,0,2088
2388,50,138,0,2076
2389,49,200,0,1460
2390,48,200,0,1132
2391,43,200,0,710
2392,50,124,0,2078
2393,50,139,0,2070
2394,48,200,0,1230
2395,50,107,0,2090
2396,50,138,0,2076
2397,50,139,0,2028
2398,50,133,0,2036
2399,50,122,0,2040
2400,50,138,0,2074
2401,48,200,0,1270
2402,49,200,0,1406
2403,49,200,0,1102
2404,49,200,0,1242
2405,47,200,0,1128
2406,48,200,0,1304
2407,48,200,0,1226
2408,50,133,0,2084
2409,50,131,0,2044
2410,49,200,0,1394
2411,49,200,0,1438
2412,49,200,0,1226
2413,50,122,0,2094
2414,48,200,0,1008
2415,40,200,0,660
2416,50,136,0,2068
2417,50,148,0,2082
2418,49,200,0,1290
2419,45,200,0,904
2420,50,141,0,2072
2421,50,138,0,2080
2422,44,200,0,772
2423,50,143,0,2066
2424,50,143,0,2074
2425,50,143,0,2084
2426,49,200,0,1218
2427,50,129,0,2044
2428,49,200,0,1516
2429,49,200,0,1220
2430,50,121,0,2078
2431,50,140,0,2084
2432,44,200,0,866
2433,50,138,0,2082
2434,50,131,0,2032
2435,50,135,0,2084
2436,49,200,0,1270
2437,49,200,0,1362
2438,50,137,0,2072
2439,45,200,0,930
2440,50,130,0,2070
2441,50,154,0,2060
2442,48,200,0,1114
2443,50,149,0,2086
2444,49,200,0,1318
2445,50,133,0,2092
2446,48,200,0,1224
2447,49,200,0,1276
2448,50,136,0,2072
2449,49,200,0,1276
2450,50,129,0,2046
2451,50,138,0,2068
2452,50,133,0,2046
2453,50,117,0,2050
2454,50,118,0,2082
2455,50,125,0,2084
2456,50,128,0,2080
2457,50,129,0,2042
2458,50,128,0,2090
2459,48,200,0,1188
2460,50,121,0,2036
2461,50,129,0,2042
2462,50,115,0,2050
2463,50,132,0,2050
2464,50,141,0,2036
2465,45,200,0,870
2466,47,200,0,1146
2467,50,137,0,2026
2468,50,145,0,2094
2469,49,200,0,1374
2470,50,128,0,2088
2471,50,133,0,2076
2472,50,144,0,2074
2473,50,135,0,2040
2474,50,137,0,2092
2475,46,200,0,982
2476,50,123,0,2084
2477,50,139,0,2026
2478,50,130,0,2088
2479,50,139,0,2074
2480,50,115,0,2084
2481,50,131,0,2024
2482,50,130,0,2084
2483,50,134,0,2030
2484,50,136,0,2090
2485,50,121,0,2086
2486,46,200,0,914
2487,50,143,0,2082
2488,50,148,0,2072
2489,50,130,0,2044
2490,50,123,0,2042
2491,50,115,0,2044
2492,50,123,0,2046
2493,49,200,0,1222
2494,46,200,0,1048
2495,50,131,0,2074
2496,50,128,0,2044
2497,50,136,0,2070
2498,50,134,0,2082
2499,49,200,0,1342
2500,50,115,0,2078
2501,50,129,0,2040
2502,50,153,0,2080
2503,50,133,0,2090
2504,50,139,0,2036
2505,50,129,0,2078
2506,50,130,0,2078
2507,50,136,0,2088
2508,50,131,0,2080
2509,50,123,0,2080
2510,50,128,0,2088
2511,50,136,0,2082
2512,50,118,0,2042
2513,50,128,0,2082
2514,50,155,0,2018
2515,45,200,0,884
2516,50,133,0,2080
2517,49,200,0,1294
2518,50,115,0,2088
2519,50,148,0,2074
2520,49,200,0,1172
2521,50,140,0,2066
2522,50,135,0,2082
2523,50,133,0,2080
2524,50,137,0,2074
2525,50,127,0,2094
2526,50,133,0,2066
2527,50,125,0,2090
2528,50,150,0,2068
2529,50,138,0,2056
2530,50,133,0,2086
2531,49,200,0,1390
2532,50,130,0,2038
2533,48,200,0,1142
2534,50,128,0,2084
2535,50,144,0,2094
2536,49,200,0,1276
2537,50,143,0,2032
2538,50,145,0,2034
2539,50,133,0,2092
2540,48,200,0,1202
2541,50,135,0,2074
2542,48,200,0,1064
2543,48,200,0,1270
2544,48,200,0,1284
2545,50,165,0,2040
2546,50,123,0,2072
2547,50,138,0,2086
2548,50,135,0,2082
2549,50,132,0,2046
2550,50,133,0,2086
2551,50,132,0,2092
2552,50,119,0,2084
2553,49,200,0,1382
2554,50,146,0,2062
2555,50,130,0,2044
2556,50,126,0,2086
2557,49,200,0,1230
2558,50,138,0,2064
2559,50,135,0,2074
2560,47,200,0,956
2561,45,200,0,898
2562,50,147,0,2020
2563,50,132,0,2034
2564,50,117,0,2088
2565,44,200,0,830
2566,50,145,0,2064
2567,50,148,0,2064
2568,50,139,0,2082
2569,50,125,0,2094
2570,48,200,0,1290
2571,50,120,0,2092
2572,50,133,0,2042
2573,50,131,0,2038
2574,49,200,0,1210
2575,47,200,0,1170
2576,50,123,0,2080
2577,50,144,0,2028
2578,50,125,0,2084
2579,50,127,0,2074
2580,49,200,0,1260
2581,50,133,0,2032
2582,46,200,0,1066
2583,46,200,0,924
2584,50,131,0,2072
2585,50,116,0,2074
2586,50,137,0,2074
2587,50,143,0,2074
2588,50,137,0,2074
2589,50,131,0,2084
2590,50,129,0,2092
2591,50,125,0,2080
2592,49,200,0,1430
2593,50,135,0,2084
2594,50,119,0,2078
2595,50,151,0,2040
2596,50,141,0,2080
2597,50,123,0,2088
2598,50,133,0,2036
2599,50,131,0,2080
2600,50,139,0,2038
2601,50,130,0,2086
2602,50,135,0,2092
2603,50,139,0,2084
2604,45,200,0,1034
2605,50,121,0,2086
2606,50,121,0,2078
2607,50,140,0,2032
2608,50,141,0,2080
2609,50,135,0,2084
2610,50,125,0,2048
2611,50,129,0,2092
2612,50,130,0,2092
2613,49,200,0,1270
2614,48,200,0,1224
2615,49,200,0,1430
2616,50,126,0,2052
2617,50,126,0,2090
2618,49,200,0,1188
2619,48,200,0,1274
2620,50,149,0,2020
2621,47,200,0,1082
2622,50,142,0,2042
2623,50,116,0,2052
2624,50,126,0,2048
2625,50,121,0,2040
2626,50,153,0,2076
2627,50,132,0,2088
2628,49,200,0,1330
2629,50,133,0,2022
2630,50,119,0,2080
2631,50,149,0,2040
2632,48,200,0,1122
2633,49,200,0,1426
2634,50,143,0,2076
2635,50,136,0,2036
2636,50,121,0,2086
2637,50,129,0,2074
2638,50,125,0,2082
2639,50,138,0,2072
2640,50,129,0,2088
2641,49,200,0,1154
2642,50,147,0,2088
2643,50,123,0,2040
2644,50,132,0,2082
2645,50,130,0,2088
2646,50,122,0,2068
2647,49,200,0,1344
2648,50,136,0,2078
2649,46,200,0,1034
2650,50,133,0,2072
2651,50,142,0,2046
2652,48,200,0,1120
2653,50,122,0,2076
2654,50,139,0,2070
2655,50,135,0,2042
2656,50,130,0,2046
2657,50,149,0,2088
2658,48,200,0,1320
2659,49,200,0,1416
2660,50,134,0,2070
2661,48,200,0,1158
2662,50,129,0,2086
2663,50,133,0,2084
2664,47,200,0,1080
2665,50,138,0,2074
2666,49,200,0,1288
2667,48,200,0,1270
2668,50,135,0,2080
2669,48,200,0,1244
2670,50,139,0,2076
2671,49,200,0,1324
2672,49,200,0,1210
2673,49,200,0,1354
2674,50,126,0,2084
2675,50,126,0,2082
2676,46,200,0,1022
2677,50,147,0,2026
2678,47,200,0,1236
2679,50,151,0,2058
2680,50,121,0,2096
2681,50,145,0,2044
2682,50,158,0,2066
2683,50,148,0,2040
2684,50,143,0,2036
2685,50,126,0,2056
2686,44,200,0,1044
2687,45,200,0,830
2688,50,147,0,2018
2689,50,137,0,2028
2690,50,145,0,2078
2691,48,200,0,1218
2692,50,144,0,2048
2693,49,200,0,1292
2694,50,129,0,2078
2695,50,129,0,2082
2696,50,140,0,2034
2697,50,124,0,2094
2698,43,200,0,902
2699,50,133,0,2076
2700,43,200,0,862
2701,50,129,0,2084
2702,50,121,0,2066
2703,50,140,0,2030
2704,50,135,0,2070
2705,50,130,0,2094
2706,50,142,0,2082
2707,50,130,0,2076
2708,50,129,0,2078
2709,50,143,0,2066
2710,48,200,0,1282
2711,44,200,0,854
2712,50,134,0,2078
2713,50,129,0,2044
2714,50,146,0,2076
2715,43,200,0,790
2716,50,141,0,2074
2717,50,129,0,2092
2718,48,200,0,1226
2719,50,140,0,2042
2720,50,132,0,2082
2721,48,200,0,1246
2722,50,138,0,2080
2723,47,200,0,1164
2724,50,127,0,2052
2725,50,138,0,2078
2726,50,138,0,2078
2727,50,137,0,2040
2728,43,200,0,814
2729,50,122,0,2078
2730,50,130,0,2038
2731,50,148,0,2058
2732,49,200,0,1308
2733,48,200,0,1174
2734,50,124,0,2082
2735,50,130,0,2034
2736,50,135,0,2050
2737,50,133,0,2086
2738,50,131,0,2078
2739,41,200,0,638
2740,50,137,0,2084
2741,50,139,0,2066
2742,46,200,0,948
2743,50,136,0,2096
2744,50,143,0,2066
2745,50,147,0,2040
2746,50,148,0,2040
2747,44,200,0,858
2748,50,119,0,2092
2749,50,137,0,2088
2750,50,134,0,2084
2751,44,200,0,984
2752,49,200,0,1180
2753,48,200,0,1178
2754,50,130,0,2088
2755,50,126,0,2036
2756,50,151,0,2074
2757,50,120,0,2086
2758,50,130,0,2046
2759,50,139,0,2058
2760,50,156,0,2076
2761,50,121,0,2040
2762,50,127,0,2036
2763,50,136,0,2084
2764,48,200,0,1152
2765,50,131,0,2036
2766,50,131,0,2082
2767,50,123,0,2078
2768,50,135,0,2076
2769,49,200,0,1314
2770,50,130,0,2090
2771,50,120,0,2088
2772,48,200,0,1124
2773,50,135,0,2046
2774,50,132,0,2038
2775,50,133,0,2078
2776,49,200,0,1446
2777,50,136,0,2084
2778,50,128,0,2046
2779,50,121,0,2082
2780,50,133,0,2078
2781,48,200,0,1314
2782,50,138,0,2080
2783,50,138,0,2034
2784,50,121,0,2080
2785,48,200,0,1290
2786,47,200,0,1090
2787,48,200,0,1230
2788,50,130,0,2044
2789,49,200,0,1242
2790,50,141,0,2068
2791,49,200,0,1394
2792,50,126,0,2082
2793,50,121,0,2076
2794,49,200,0,1148
2795,50,121,0,2084
2796,48,200,0,1278
2797,38,200,0,434
2798,50,125,0,2046
2799,48,200,0,1088
2800,50,137,0,2080
2801,50,139,0,2088
2802,50,133,0,2054
2803,41,200,0,784
2804,50,137,0,2092
2805,50,147,0,2074
2806,49,200,0,1156
2807,50,135,0,2072
2808,50,140,0,2078
2809,50,125,0,2088
2810,47,200,0,1160
2811,48,200,0,1266
2812,50,124,0,2074
2813,48,200,0,1172
2814,45,200,0,992
2815,50,141,0,2090
2816,50,121,0,2074
2817,50,145,0,2086
2818,50,135,0,2086
2819,50,125,0,2044
2820,50,127,0,2090
2821,50,150,0,2084
2822,50,139,0,2036
2823,50,132,0,2080
2824,50,139,0,2076
2825,50,123,0,2034
2826,50,137,0,2090
2827,50,137,0,2050
2828,50,122,0,2086
2829,49,200,0,1404
2830,50,135,0,2086
2831,50,139,0,2028
2832,50,139,0,2068
2833,50,133,0,2092
2834,50,141,0,2076
2835,50,132,0,2074
2836,50,134,0,2072
2837,50,135,0,2024
2838,50,150,0,2068
2839,47,200,0,1074
2840,50,127,0,2082
2841,50,131,0,2050
2842,40,200,0,532
2843,50,133,0,2076
2844,50,132,0,2078
2845,49,200,0,1110
2846,49,200,0,1180
2847,50,128,0,2088
2848,50,145,0,2038
2849,48,200,0,1356
2850,50,140,0,2042
2851,48,200,0,1230
2852,50,131,0,2038
2853,50,131,0,2082
2854,50,139,0,2076
2855,49,200,0,1216
2856,50,141,0,2072
2857,50,128,0,2052
2858,50,119,0,2044
2859,50,119,0,2088
2860,50,142,0,2030
2861,50,135,0,2046
2862,44,200,0,874
2863,43,200,0,886
2864,50,138,0,2066
2865,50,127,0,2080
2866,50,128,0,2082
2867,50,139,0,2084
2868,50,143,0,2080
2869,39,200,0,636
2870,50,144,0,2084
2871,49,200,0,1176
2872,30,200,0,-8
2873,50,138,0,2034
2874,47,200,0,1132
2875,50,138,0,2090
2876,50,145,0,2046
2877,50,142,0,2032
2878,49,200,0,1260
2879,48,200,0,1228
2880,50,137,0,2078
2881,48,200,0,1248
2882,47,200,0,1092
2883,50,143,0,2046
2884,49,200,0,1306
2885,49,200,0,1434
2886,40,200,0,566
2887,50,133,0,2050
2888,50,121,0,2050
2889,50,125,0,2092
2890,33,200,0,160
2891,50,137,0,2072
2892,49,200,0,1358
2893,50,132,0,2094
2894,50,151,0,2080
2895,50,135,0,2066
2896,50,120,0,2054
2897,50,134,0,2084
2898,49,200,0,1330
2899,50,124,0,2080
2900,50,129,0,2084
2901,50,119,0,2078
2902,49,200,0,1210
2903,46,200,0,1116
2904,50,128,0,2044
2905,50,144,0,2070
2906,48,200,0,1164
2907,50,136,0,2090
2908,50,126,0,2028
2909,50,147,0,2074
2910,50,143,0,2072
2911,47,200,0,1234
2912,50,137,0,2082
2913,50,129,0,2050
2914,44,200,0,894
2915,50,132,0,2078
2916,50,127,0,2080
2917,50,131,0,2038
2918,50,139,0,2038
2919,46,200,0,832
2920,50,132,0,2076
2921,50,129,0,2048
2922,49,200,0,1302
2923,50,144,0,2038
2924,49,200,0,1298
2925,49,200,0,1416
2926,50,125,0,2080
2927,50,136,0,2080
2928,50,135,0,2080
2929,50,130,0,2074
2930,46,200,0,1032
2931,50,136,0,2082
2932,44,200,0,1052
2933,50,131,0,2044
2934,50,144,0,2080
2935,50,148,0,2048
2936,50,141,0,2042
2937,50,143,0,2076
2938,46,200,0,1066
2939,50,129,0,2030
2940,49,200,0,1214
2941,49,200,0,1200
2942,50,128,0,2078
2943,50,121,0,2088
2944,50,131,0,2042
2945,50,122,0,2092
2946,49,200,0,1136
2947,50,122,0,2046
2948,50,145,0,2074
2949,50,130,0,2088
2950,50,137,0,2092
2951,48,200,0,1172
2952,50,135,0,2034
2953,50,128,0,2054
2954,50,133,0,2044
2955,49,200,0,1318
2956,49,200,0,1314
2957,50,133,0,2088
2958,46,200,0,1156
2959,50,141,0,2038
2960,49,200,0,1402
2961,50,126,0,2038
2962,50,144,0,2066
2963,45,200,0,1028
2964,50,149,0,2084
2965,50,141,0,2074
2966,50,128,0,2094
2967,50,123,0,2052
2968,50,135,0,2036
2969,50,145,0,2082
2970,47,200,0,1178
2971,46,200,0,1114
2972,50,115,0,2094
2973,49,200,0,1304
2974,50,132,0,2088
2975,50,137,0,2036
2976,50,129,0,2086
2977,48,200,0,1258
2978,50,135,0,2092
2979,50,133,0,2028
2980,50,138,0,2070
2981,50,131,0,2092
2982,50,120,0,2044
2983,48,200,0,1084
2984,45,200,0,866
2985,50,131,0,2034
2986,50,128,0,2084
2987,50,137,0,2078
2988,50,145,0,2088
2989,50,134,0,2038
2990,50,131,0,2082
2991,50,131,0,2084
2992,48,200,0,1216
2993,50,114,0,2042
2994,50,143,0,2084
2995,49,200,0,1486
2996,35,200,0,328
2997,50,119,0,2090
2998,49,200,0,1208
2999,49,200,0,1374
3000,48,200,0,1284
3001,50,130,0,2088
3002,50,120,0,2038
3003,50,131,0,2078
3004,50,141,0,2072
3005,50,135,0,2080
3006,50,118,0,2054
3007,47,200,0,1122
3008,49,200,0,1280
3009,50,127,0,2090
3010,50,143,0,2090
3011,49,200,0,1302
3012,50,139,0,2078
3013,50,138,0,2040
3014,50,141,0,2042
3015,50,128,0,2038
3016,50,143,0,2080
3017,49,200,0,1268
3018,48,200,0,1232
3019,50,143,0,2036
3020,50,133,0,2044
3021,50,135,0,2080
3022,41,200,0,730
3023,49,200,0,1256
3024,50,113,0,2082
3025,49,200,0,1254
3026,50,130,0,2082
3027,49,200,0,1306
3028,50,143,0,2070
3029,49,200,0,1356
3030,47,200,0,1066
3031,50,141,0,2088
3032,50,153,0,2048
3033,49,200,0,1378
3034,50,141,0,2086
3035,49,200,0,1394
3036,50,147,0,2084
3037,50,147,0,2086
3038,48,200,0,1194
3039,49,200,0,1330
3040,44,200,0,860
3041,48,200,0,1216
3042,47,200,0,1176
3043,50,127,0,2042
3044,50,141,0,2062
3045,50,135,0,2072
3046,50,126,0,2042
3047,49,200,0,1228
3048,50,135,0,2086
3049,50,144,0,2086
3050,50,133,0,2086
3051,50,142,0,2074
3052,49,200,0,1222
3053,50,136,0,2080
3054,50,131,0,2050
3055,49,200,0,1336
3056,50,123,0,2038
3057,50,137,0,2078
3058,50,122,0,2094
3059,47,200,0,1098
3060,50,151,0,2082
3061,50,133,0,2086
3062,50,135,0,2088
3063,44,200,0,942
3064,50,131,0,2078
3065,50,134,0,2084
3066,50,137,0,2074
3067,49,200,0,1152
3068,50,138,0,2038
3069,47,200,0,958
3070,50,136,0,2088
3071,50,147,0,2078
3072,50,139,0,2080
3073,50,162,0,2018
3074,49,200,0,1314
3075,49,200,0,1160
3076,50,133,0,2078
3077,50,117,0,2050
3078,49,200,0,1180
3079,50,147,0,2068
3080,49,200,0,1362
3081,50,144,0,2074
3082,46,200,0,1022
3083,50,132,0,2084
3084,50,141,0,2082
3085,50,150,0,2066
3086,50,131,0,2074
3087,50,124,0,2076
3088,50,121,0,2048
3089,50,126,0,2038
3090,50,133,0,2068
3091,47,200,0,1198
3092,45,200,0,960
3093,50,146,0,2064
3094,50,133,0,2040
3095,50,115,0,2086
3096,50,147,0,2086
3097,50,144,0,2086
3098,50,139,0,2044
3099,43,200,0,766
3100,50,136,0,2084
3101,50,152,0,2028
3102,49,200,0,1314
3103,50,135,0,2078
3104,50,133,0,2078
3105,50,142,0,2084
3106,50,140,0,2054
3107,50,145,0,2084
3108,48,200,0,994
3109,50,137,0,2042
3110,50,119,0,2084
3111,50,127,0,2066
3112,44,200,0,882
3113,49,200,0,1380
3114,50,120,0,2086
3115,49,200,0,1268
3116,50,156,0,2042
3117,50,131,0,2094
3118,50,135,0,2078
3119,50,127,0,2080
3120,46,200,0,928
3121,50,133,0,2084
3122,50,131,0,2082
3123,50,137,0,2098
3124,50,133,0,2084
3125,50,118,0,2074
3126,50,135,0,2080
3127,50,131,0,2078
3128,50,135,0,2084
3129,50,135,0,2080
3130,47,200,0,1100
3131,49,200,0,1292
3132,48,200,0,1150
3133,50,137,0,2074
3134,46,200,0,954
3135,49,200,0,1308
3136,43,200,0,828
3137,50,143,0,2084
3138,50,139,0,2062
3139,50,131,0,2076
3140,50,136,0,2076
3141,50,130,0,2048
3142,50,133,0,2044
3143,50,124,0,2086
3144,50,140,0,2074
3145,50,139,0,2086
3146,50,139,0,2084
3147,49,200,0,1316
3148,50,125,0,2094
3149,50,141,0,2094
3150,50,151,0,2016
3151,50,151,0,2048
3152,49,200,0,1406
3153,48,200,0,1262
3154,50,121,0,2080
3155,50,133,0,2040
3156,50,127,0,2078
3157,50,144,0,2084
3158,47,200,0,1112
3159,50,152,0,2082
3160,50,129,0,2094
3161,50,137,0,2090
3162,50,133,0,2050
3163,49,200,0,1242
3164,39,200,0,486
3165,48,200,0,1210
3166,50,129,0,2076
3167,48,200,0,1244
3168,50,151,0,2036
3169,50,125,0,2096
3170,50,134,0,2044
3171,50,126,0,2090
3172,50,137,0,2078
3173,50,124,0,2040
3174,49,200,0,1260
3175,50,137,0,2080
3176,50,139,0,2084
3177,44,200,0,876
3178,50,137,0,2092
3179,50,133,0,2036
3180,50,128,0,2090
3181,50,133,0,2052
3182,50,129,0,2088
3183,50,136,0,2088
3184,49,200,0,1246
3185,50,141,0,2086
3186,50,133,0,2086
3187,50,111,0,2054
3188,50,121,0,2040
3189,50,130,0,2048
3190,50,145,0,2076
3191,50,127,0,2076
3192,50,129,0,2082
3193,50,123,0,2072
3194,50,141,0,2080
3195,50,121,0,2088
3196,50,145,0,2046
3197,47,200,0,1096
3198,50,129,0,2092
3199,50,146,0,2072
3200,50,141,0,2072
3201,50,131,0,2088
3202,50,138,0,2044
3203,50,117,0,2078
3204,50,128,0,2070
3205,49,200,0,1216
3206,50,133,0,2074
3207,48,200,0,1212
3208,50,138,0,2040
3209,50,136,0,2086
3210,50,147,0,2056
3211,50,122,0,2086
3212,49,200,0,1354
3213,50,137,0,2030
3214,50,129,0,2090
3215,50,131,0,2096
3216,50,137,0,2084
3217,40,200,0,518
3218,50,123,0,2096
3219,46,200,0,908
3220,50,121,0,2092
3221,50,149,0,2044
3222,50,146,0,2072
3223,49,200,0,1366
3224,48,200,0,1106
3225,50,131,0,2094
3226,50,138,0,2046
3227,50,127,0,2086
3228,50,125,0,2092
3229,49,200,0,1174
3230,50,129,0,2082
3231,50,131,0,2078
3232,50,121,0,2072
3233,50,141,0,2070
3234,48,200,0,1224
3235,50,142,0,2076
3236,50,146,0,2072
3237,50,131,0,2064
3238,50,155,0,2088
3239,50,137,0,2062
3240,50,131,0,2072
3241,49,200,0,1390
3242,50,122,0,2092
3243,50,125,0,2070
3244,50,130,0,2090
3245,50,145,0,2042
3246,50,125,0,2088
3247,50,143,0,2038
3248,49,200,0,1324
3249,50,146,0,2054
3250,50,146,0,2074
3251,47,200,0,996
3252,50,140,0,2034
3253,50,135,0,2078
3254,50,134,0,2078
3255,47,200,0,1212
3256,50,136,0,2040
3257,50,133,0,2082
3258,38,200,0,560
3259,43,200,0,978
3260,50,115,0,2092
3261,49,200,0,1222
3262,50,141,0,2076
3263,50,125,0,2050
3264,50,148,0,2072
3265,50,144,0,2036
3266,50,129,0,2080
3267,49,200,0,1276
3268,50,136,0,2086
3269,50,132,0,2076
3270,50,136,0,2068
3271,50,134,0,2082
3272,50,133,0,2094
3273,50,121,0,2094
3274,50,142,0,2036
3275,47,200,0,1004
3276,50,132,0,2080
3277,50,144,0,2090
3278,50,135,0,2074
3279,50,140,0,2088
3280,50,129,0,2038
3281,49,200,0,1264
3282,50,120,0,2082
3283,49,200,0,1414
3284,49,200,0,1234
3285,48,200,0,1360
3286,49,200,0,1340
3287,47,200,0,1216
3288,48,200,0,1248
3289,50,142,0,2084
3290,49,200,0,1214
3291,48,200,0,1182
3292,50,139,0,2086
3293,50,127,0,2048
3294,50,133,0,2038
3295,50,128,0,2044
3296,50,132,0,2078
3297,50,142,0,2032
3298,49,200,0,1276
3299,50,129,0,2072
3300,39,200,0,472
3301,49,200,0,1272
3302,50,125,0,2038
3303,50,134,0,2096
3304,50,128,0,2086
3305,50,137,0,2080
3306,49,200,0,1280
3307,50,141,0,2068
3308,50,136,0,2090
3309,50,145,0,2074
3310,45,200,0,892
3311,50,143,0,2088
3312,50,135,0,2080
3313,50,126,0,2036
3314,48,200,0,1276
3315,49,200,0,1144
3316,47,200,0,1088
3317,50,123,0,2088
3318,50,127,0,2070
3319,43,200,0,838
3320,50,130,0,2032
3321,50,128,0,2034
3322,50,124,0,2086
3323,50,126,0,2038
3324,50,132,0,2084
3325,50,142,0,2080
3326,50,147,0,2036
3327,48,200,0,1106
3328,50,133,0,2044
3329,50,138,0,2086
3330,49,200,0,1212
3331,47,200,0,1166
3332,50,124,0,2084
3333,50,132,0,2088
3334,50,127,0,2084
3335,50,138,0,2048
3336,50,128,0,2080
3337,50,121,0,2038
3338,50,131,0,2076
3339,50,144,0,2084
3340,50,128,0,2092
3341,49,200,0,1302
3342,50,125,0,2082
3343,50,142,0,2076
3344,50,146,0,2038
3345,50,133,0,2078
3346,50,131,0,2078
3347,49,200,0,1168
3348,50,145,0,2078
3349,50,130,0,2090
3350,48,200,0,1014
3351,50,137,0,2044
3352,50,138,0,2080
3353,50,140,0,2092
3354,44,200,0,846
3355,50,141,0,2070
3356,50,147,0,2072
3357,50,149,0,2024
3358,50,139,0,2070
3359,50,126,0,2096
3360,48,200,0,1168
3361,44,200,0,858
3362,49,200,0,1212
3363,50,138,0,2080
3364,50,125,0,2086
3365,50,137,0,2074
3366,50,123,0,2076
3367,48,200,0,1194
3368,48,200,0,1204
3369,49,200,0,1260
3370,50,146,0,2072
3371,50,127,0,2052
3372,48,200,0,1264
3373,50,132,0,2084
3374,50,138,0,2048
3375,49,200,0,1422
3376,47,200,0,1086
3377,49,200,0,1338
3378,50,127,0,2078
3379,50,140,0,2092
3380,50,143,0,2094
3381,50,113,0,2084
3382,50,148,0,2034
3383,50,138,0,2048
3384,47,200,0,1180
3385,50,137,0,2046
3386,49,200,0,1280
3387,50,119,0,2088
3388,50,125,0,2048
3389,50,144,0,2076
3390,50,121,0,2092
3391,50,134,0,2030
3392,49,200,0,1478
3393,50,141,0,2090
3394,50,134,0,2048
3395,50,121,0,2082
3396,41,200,0,678
3397,50,131,0,2086
3398,48,200,0,1084
3399,50,122,0,2044
3400,45,200,0,1030
3401,50,136,0,2076
3402,50,137,0,2092
3403,50,135,0,2092
3404,50,134,0,2072
3405,48,200,0,1204
3406,50,132,0,2036
3407,50,136,0,2048
3408,50,129,0,2078
3409,50,151,0,2044
3410,50,134,0,2072
3411,50,151,0,2076
3412,50,140,0,2092
3413,46,200,0,1050
3414,50,146,0,2074
3415,46,200,0,976
3416,50,131,0,2088
3417,49,200,0,1216
3418,50,121,0,2094
3419,50,140,0,2086
3420,50,123,0,2078
3421,47,200,0,1064
3422,50,126,0,2042
3423,50,124,0,2048
3424,50,114,0,2040
3425,50,115,0,2072
3426,50,142,0,2076
3427,48,200,0,1314
3428,50,139,0,2082
3429,50,131,0,2094
3430,49,200,0,1228
3431,48,200,0,1300
3432,50,139,0,2078
3433,50,137,0,2082
3434,50,128,0,2090
3435,50,134,0,2092
3436,48,200,0,1102
3437,43,200,0,952
3438,50,140,0,2074
3439,50,131,0,2034
3440,46,200,0,978
3441,50,141,0,2062
3442,50,130,0,2074
3443,48,200,0,1122
3444,50,149,0,2028
3445,50,132,0,2042
3446,50,129,0,2080
3447,49,200,0,1178
3448,50,128,0,2054
3449,49,200,0,1480
3450,48,200,0,1260
3451,50,132,0,2096
3452,50,132,0,2078
3453,50,119,0,2080
3454,45,200,0,808
3455,46,200,0,1126
3456,50,129,0,2090
3457,50,127,0,2080
3458,50,143,0,2052
3459,50,147,0,2084
3460,50,129,0,2090
3461,50,144,0,2082
3462,50,145,0,2070
3463,50,132,0,2080
3464,49,200,0,1408
3465,50,140,0,2084
3466,50,131,0,2074
3467,49,200,0,1412
3468,50,141,0,2086
3469,50,121,0,2072
3470,50,132,0,2080
3471,50,129,0,2080
3472,50,127,0,2074
3473,50,137,0,2072
3474,50,132,0,2048
3475,50,137,0,2076
3476,50,137,0,2074
3477,50,135,0,2088
3478,50,148,0,2072
3479,50,131,0,2032
3480,50,142,0,2042
3481,50,132,0,2084
3482,50,128,0,2090
3483,50,115,0,2076
3484,50,131,0,2092
3485,47,200,0,1066
3486,50,137,0,2088
3487,50,131,0,2050
3488,50,134,0,2078
3489,48,200,0,1250
3490,36,200,0,294
3491,50,133,0,2076
3492,49,200,0,1430
3493,50,137,0,2080
3494,50,144,0,2078
3495,50,141,0,2042
3496,50,150,0,2074
3497,46,200,0,1010
3498,50,150,0,2088
3499,50,148,0,2082
3500,50,127,0,2080
3501,50,132,0,2078
3502,50,145,0,2038
3503,47,200,0,1168
3504,50,137,0,2074
3505,50,115,0,2078
3506,49,200,0,1296
3507,50,149,0,2088
3508,50,133,0,2072
3509,50,130,0,2086
3510,50,139,0,2078
3511,50,132,0,2090
3512,33,200,0,98
3513,48,200,0,958
3514,50,128,0,2074
3515,50,146,0,2078
3516,49,200,0,1526
3517,49,200,0,1192
3518,50,142,0,2078
3519,48,200,0,1128
3520,49,200,0,1342
3521,49,200,0,1484
3522,48,200,0,1150
3523,50,138,0,2030
3524,48,200,0,1272
3525,50,137,0,2048
3526,50,135,0,2094
3527,50,140,0,2044
3528,50,133,0,2076
3529,48,200,0,1220
3530,48,200,0,1318
3531,50,133,0,2092
3532,49,200,0,1230
3533,50,121,0,2082
3534,50,128,0,2074
3535,50,141,0,2082
3536,50,141,0,2082
3537,50,117,0,2082
3538,50,139,0,2088
3539,50,135,0,2034
3540,47,200,0,1214
3541,50,136,0,2078
3542,47,200,0,1012
3543,50,135,0,2076
3544,43,200,0,716
3545,50,133,0,2080
3546,50,143,0,2098
3547,50,134,0,2090
3548,49,200,0,1226
3549,50,132,0,2076
3550,44,200,0,868
3551,50,125,0,2086
3552,49,200,0,1352
3553,50,139,0,2084
3554,50,145,0,2082
3555,48,200,0,1212
3556,50,128,0,2086
3557,50,143,0,2036
3558,50,139,0,2082
3559,50,141,0,2076
3560,46,200,0,1082
3561,48,200,0,1178
3562,49,200,0,1212
3563,49,200,0,1496
3564,50,136,0,2052
3565,50,129,0,2042
3566,50,142,0,2036
3567,50,137,0,2092
3568,49,200,0,1156
3569,50,133,0,2078
3570,50,138,0,2074
3571,50,137,0,2086
3572,49,200,0,1318
3573,49,200,0,1332
3574,48,200,0,1262
3575,50,135,0,2046
3576,49,200,0,1290
3577,50,138,0,2080
3578,50,137,0,2074
3579,50,138,0,2094
3580,47,200,0,1102
3581,50,126,0,2044
3582,50,126,0,2094
3583,50,137,0,2086
3584,47,200,0,1118
3585,50,121,0,2082
3586,48,200,0,1208
3587,50,128,0,2082
3588,50,123,0,2076
3589,50,145,0,2078
3590,50,133,0,2048
3591,50,138,0,2078
3592,43,200,0,808
3593,50,119,0,2080
3594,50,128,0,2046
3595,50,141,0,2054
3596,50,125,0,2088
3597,48,200,0,1332
3598,50,127,0,2078
3599,44,200,0,796
3600,50,140,0,2080
3601,50,145,0,2074
3602,46,200,0,1008
3603,50,134,0,2078
3604,49,200,0,1248
3605,50,143,0,2074
3606,50,137,0,2090
3607,50,115,0,2040
3608,48,200,0,1202
3609,50,136,0,2084
3610,50,143,0,2076
3611,49,200,0,1482
3612,50,140,0,2084
3613,48,200,0,1232
3614,50,121,0,2042
3615,49,200,0,1188
3616,50,133,0,2086
3617,50,137,0,2090
3618,49,200,0,1204
3619,50,143,0,2078
3620,50,111,0,2082
3621,46,200,0,1092
3622,37,200,0,314
3623,50,136,0,2088
3624,49,200,0,1228
3625,50,128,0,2084
3626,50,124,0,2046
3627,48,200,0,1166
3628,49,200,0,1302
3629,50,143,0,2066
3630,50,118,0,2080
3631,45,200,0,992
3632,50,121,0,2040
3633,50,143,0,2092
3634,46,200,0,1022
3635,50,145,0,2076
3636,50,146,0,2018
3637,50,130,0,2044
3638,50,139,0,2084
3639,50,140,0,2084
3640,50,134,0,2050
3641,50,129,0,2044
3642,50,126,0,2082
3643,50,142,0,2080
3644,48,200,0,1238
3645,50,135,0,2086
3646,50,143,0,2038
3647,50,157,0,2054
3648,50,136,0,2086
3649,49,200,0,1282
3650,50,134,0,2096
3651,50,142,0,2092
3652,49,200,0,1260
3653,50,135,0,2036
3654,49,200,0,1248
3655,49,200,0,1320
3656,50,134,0,2036
3657,50,136,0,2046
3658,44,200,0,976
3659,50,118,0,2046
3660,50,140,0,2078
3661,50,135,0,2090
3662,50,134,0,2044
3663,50,134,0,2082
3664,50,140,0,2080
3665,50,131,0,2078
3666,50,136,0,2088
3667,50,145,0,2048
3668,50,127,0,2086
3669,50,131,0,2084
3670,44,200,0,1056
3671,50,134,0,2078
3672,50,133,0,2088
3673,50,138,0,2034
3674,50,125,0,2040
3675,50,147,0,2084
3676,49,200,0,1138
3677,50,132,0,2084
3678,50,145,0,2066
3679,50,132,0,2078
3680,46,200,0,1054
3681,50,128,0,2070
3682,46,200,0,1038
3683,50,144,0,2084
3684,46,200,0,974
3685,50,134,0,2090
3686,50,125,0,2080
3687,49,200,0,1174
3688,50,135,0,2080
3689,50,135,0,2076
3690,50,131,0,2084
3691,50,143,0,2080
3692,50,135,0,2086
3693,47,200,0,1064
3694,50,134,0,2082
3695,50,131,0,2084
3696,50,131,0,2046
3697,50,121,0,2088
3698,50,119,0,2088
3699,50,131,0,2046
3700,48,200,0,1318
3701,50,145,0,2042
3702,49,200,0,1166
3703,48,200,0,1084
3704,50,141,0,2050
3705,44,200,0,882
3706,49,200,0,1276
3707,47,200,0,1076
3708,41,200,0,722
3709,50,120,0,2052
3710,50,140,0,2080
3711,50,137,0,2088
3712,49,200,0,1334
3713,50,136,0,2092
3714,49,200,0,1214
3715,50,140,0,2076
3716,50,125,0,2092
3717,48,200,0,1144
3718,50,140,0,2080
3719,48,200,0,1096
3720,49,200,0,1242
3721,50,129,0,2084
3722,50,125,0,2050
3723,50,145,0,2042
3724,50,131,0,2080
3725,50,155,0,2072
3726,50,130,0,2080
3727,50,119,0,2088
3728,49,200,0,1256
3729,50,130,0,2046
3730,50,153,0,2078
3731,50,139,0,2048
3732,50,125,0,2052
3733,50,140,0,2086
3734,48,200,0,1278
3735,50,137,0,2088
3736,49,200,0,1222
3737,50,121,0,2034
3738,50,130,0,2094
3739,50,140,0,2034
3740,50,132,0,2082
3741,50,130,0,2082
3742,50,128,0,2078
3743,50,140,0,2078
3744,37,200,0,318
3745,48,200,0,1230
3746,50,133,0,2086
3747,50,128,0,2096
3748,50,133,0,2054
3749,50,133,0,2086
3750,50,134,0,2092
3751,47,200,0,1032
3752,50,132,0,2078
3753,45,200,0,1018
3754,50,133,0,2080
3755,43,200,0,760
3756,50,141,0,2068
3757,50,149,0,2034
3758,50,147,0,2036
3759,48,200,0,1244
3760,49,200,0,1292
3761,50,135,0,2090
3762,50,124,0,2080
3763,50,139,0,2076
3764,49,200,0,1292
3765,50,133,0,2092
3766,50,135,0,2042
3767,50,129,0,2048
3768,50,131,0,2030
3769,46,200,0,1100
3770,50,127,0,2090
3771,47,200,0,1204
3772,50,137,0,2080
3773,48,200,0,1178
3774,49,200,0,1284
3775,50,143,0,2090
3776,50,135,0,2070
3777,50,131,0,2094
3778,49,200,0,1330
3779,50,147,0,2068
3780,50,142,0,2052
3781,41,200,0,714
3782,50,140,0,2046
3783,50,138,0,2092
3784,50,146,0,2092
3785,49,200,0,1456
3786,50,124,0,2094
3787,50,121,0,2082
3788,50,145,0,2092
3789,50,137,0,2080
3790,46,200,0,1038
3791,50,118,0,2032
3792,50,129,0,2078
3793,50,121,0,2086
3794,46,200,0,1000
3795,48,200,0,1230
3796,50,141,0,2092
3797,50,135,0,2086
3798,50,139,0,2082
3799,47,200,0,1144
3800,50,127,0,2082
3801,50,126,0,2042
3802,50,139,0,2088
3803,50,133,0,2050
3804,50,138,0,2084
3805,50,136,0,2090
3806,50,141,0,2072
3807,50,135,0,2042
3808,50,138,0,2090
3809,50,141,0,2090
3810,50,133,0,2076
3811,49,200,0,1448
3812,50,128,0,2088
3813,50,126,0,2048
3814,50,124,0,2082
3815,49,200,0,1284
3816,50,144,0,2094
3817,50,148,0,2076
3818,50,128,0,2052
3819,50,134,0,2090
3820,50,134,0,2034
3821,47,200,0,994
3822,48,200,0,1216
3823,48,200,0,1202
3824,45,200,0,1022
3825,48,200,0,1188
3826,50,128,0,2056
3827,50,135,0,2078
3828,50,140,0,2046
3829,50,128,0,2090
3830,50,143,0,2078
3831,50,145,0,2040
3832,50,136,0,2080
3833,50,130,0,2080
3834,49,200,0,1420
3835,50,131,0,2084
3836,47,200,0,1072
3837,46,200,0,1090
3838,48,200,0,1044
3839,50,137,0,2042
3840,45,200,0,962
3841,50,137,0,2028
3842,48,200,0,1158
3843,49,200,0,1390
3844,50,128,0,2082
3845,50,114,0,2042
3846,47,200,0,1196
3847,47,200,0,1060
3848,50,114,0,2048
3849,50,124,0,2084
3850,47,200,0,1188
3851,50,139,0,2072
3852,50,141,0,2028
3853,49,200,0,1228
3854,50,147,0,2078
3855,50,138,0,2076
3856,50,134,0,2084
3857,50,123,0,2040
3858,50,142,0,2046
3859,50,117,0,2054
3860,50,130,0,2094
3861,50,129,0,2044
3862,50,132,0,2054
3863,32,200,0,-12
3864,48,200,0,1126
3865,50,127,0,2084
3866,50,129,0,2078
3867,47,200,0,1102
3868,50,129,0,2082
3869,50,137,0,2078
3870,50,124,0,2082
3871,50,134,0,2076
3872,50,135,0,2082
3873,50,132,0,2040
3874,49,200,0,1332
3875,50,116,0,2050
3876,50,138,0,2086
3877,50,133,0,2076
3878,50,128,0,2042
3879,50,127,0,2082
3880,50,133,0,2080
3881,50,145,0,2082
3882,50,133,0,2084
3883,50,133,0,2096
3884,50,131,0,2076
3885,49,200,0,1254
3886,50,118,0,2042
3887,49,200,0,1278
3888,50,125,0,2076
3889,50,131,0,2038
3890,47,200,0,1118
3891,50,135,0,2082
3892,50,123,0,2088
3893,50,121,0,2038
3894,50,139,0,2078
3895,50,123,0,2086
3896,49,200,0,1394
3897,50,129,0,2048
3898,50,137,0,2070
3899,50,122,0,2040
3900,50,140,0,2086
3901,49,200,0,1114
3902,50,137,0,2040
3903,40,200,0,564
3904,50,126,0,2094
3905,50,127,0,2088
3906,50,148,0,2076
3907,50,135,0,2076
3908,50,135,0,2076
3909,50,139,0,2082
3910,45,200,0,924
3911,50,130,0,2038
3912,50,138,0,2094
3913,50,130,0,2046
3914,50,124,0,2044
3915,50,151,0,2028
3916,50,137,0,2082
3917,46,200,0,976
3918,50,117,0,2080
3919,50,124,0,2052
3920,47,200,0,1178
3921,50,129,0,2074
3922,47,200,0,1196
3923,50,143,0,2084
3924,49,200,0,1332
3925,50,134,0,2074
3926,50,130,0,2076
3927,49,200,0,1358
3928,49,200,0,1144
3929,50,114,0,2082
3930,50,135,0,2092
3931,50,131,0,2034
3932,50,144,0,2076
3933,50,140,0,2074
3934,50,125,0,2080
3935,48,200,0,1214
3936,48,200,0,1304
3937,49,200,0,1290
3938,49,200,0,1584
3939,50,137,0,2048
3940,49,200,0,1340
3941,50,126,0,2090
3942,42,200,0,610
3943,50,143,0,2086
3944,50,143,0,2076
3945,50,140,0,2088
3946,49,200,0,1198
3947,50,133,0,2036
3948,50,137,0,2086
3949,50,130,0,2084
3950,50,123,0,2084
3951,50,115,0,2084
3952,50,122,0,2086
3953,50,132,0,2078
3954,49,200,0,1230
3955,50,146,0,2082
3956,46,200,0,1070
3957,41,200,0,694
3958,50,131,0,2046
3959,50,121,0,2050
3960,49,200,0,1292
3961,50,127,0,2050
3962,46,200,0,954
3963,50,141,0,2076
3964,50,139,0,2044
3965,45,200,0,916
3966,50,127,0,2050
3967,50,138,0,2090
3968,50,152,0,2072
3969,50,143,0,2078
3970,50,131,0,2082
3971,50,137,0,2066
3972,50,133,0,2080
3973,50,137,0,2076
3974,50,139,0,2086
3975,50,127,0,2082
3976,50,129,0,2080
3977,50,123,0,2076
3978,50,135,0,2086
3979,50,137,0,2080
3980,50,144,0,2072
3981,50,135,0,2086
3982,49,200,0,1256
3983,50,149,0,2074
3984,50,147,0,2062
3985,50,133,0,2076
3986,50,145,0,2074
3987,49,200,0,1270
3988,50,137,0,2086
3989,47,200,0,1032
3990,50,145,0,2080
3991,50,124,0,2082
3992,50,137,0,2086
3993,49,200,0,1200
3994,48,200,0,1230
3995,50,134,0,2042
3996,50,127,0,2078
3997,48,200,0,1140
3998,42,200,0,882
3999,47,200,0,1126
4000,50,125,0,2052
