1,0,22,-247
2,0,28,-292
3,0,17,-212
4,0,6,-152
5,0,6,-97
6,0,6,-162
7,0,7,-147
8,0,15,-191
9,0,6,-71
10,0,19,-246
11,0,4,-125
12,0,15,-216
13,0,6,-150
14,0,9,-172
15,0,16,-114
16,0,6,-122
17,0,6,-72
18,0,6,-153
19,0,9,-185
20,0,11,-159
21,0,7,-32
22,0,11,-119
23,0,49,-349
24,0,30,-265
25,0,8,-156
26,0,4,-118
27,0,6,-100
28,0,9,-119
29,0,20,-265
30,0,28,-356
31,0,20,-236
32,0,7,-115
33,0,10,-60
34,0,7,-143
35,0,21,-43
36,0,5,-159
37,0,21,-141
38,0,6,-137
39,0,13,-173
40,0,6,-148
41,0,5,-113
42,0,18,-273
43,0,17,-230
44,0,13,-135
45,0,44,-367
46,0,14,-108
47,0,19,-165
48,0,4,-107
49,0,17,-332
50,0,6,-152
51,0,11,-126
52,0,8,-117
53,0,7,-167
54,0,9,-193
55,0,22,-164
56,0,12,-183
57,0,21,-237
58,0,49,-359
59,0,4,-115
60,0,8,-178
61,0,7,-48
62,0,43,-398
63,0,4,-70
64,0,5,-116
65,0,8,-120
66,2,58,-390
67,0,7,-115
68,0,8,-158
69,0,13,-90
70,0,4,-107
71,0,8,-52
72,0,7,-20
73,0,33,-321
74,0,7,-165
75,0,4,-72
76,0,9,-167
77,0,8,-116
78,0,19,-187
79,0,31,-252
80,0,7,-155
81,0,14,-203
82,0,10,-208
83,0,12,-158
84,0,4,-111
85,0,9,-128
86,0,6,-114
87,0,7,-153
88,0,5,-149
89,0,5,-98
90,0,5,-116
91,0,5,-149
92,0,12,-156
93,0,11,-249
94,0,18,-223
95,0,10,-171
96,0,13,-181
97,0,7,-141
98,0,4,-125
99,0,19,-211
100,0,29,-275
101,0,6,-164
102,0,36,-261
103,0,7,-139
104,0,8,-150
105,0,9,-155
106,0,10,-153
107,0,7,-178
108,0,35,-344
109,0,16,-122
110,0,4,-75
111,0,9,-119
112,0,4,-117
113,0,6,-112
114,0,23,-138
115,0,13,-146
116,0,4,-120
117,0,15,-155
118,0,4,-65
119,0,11,-171
120,0,4,-30
121,0,7,-156
122,0,14,-162
123,0,10,-61
124,0,8,-127
125,0,11,-79
126,0,19,-147
127,0,17,-169
128,0,10,-171
129,0,17,-187
130,0,44,-396
131,0,9,-62
132,0,23,-265
133,0,14,-174
134,0,14,-146
135,0,22,-258
136,1,12,-202
137,0,8,-176
138,0,12,-142
139,0,65,-727
140,0,21,-240
141,0,31,-314
142,0,4,-128
143,0,27,-348
144,0,9,-137
145,0,24,-220
146,0,8,-142
147,0,7,-175
148,0,10,-156
149,0,7,-94
150,0,4,-112
151,0,4,-77
152,0,5,-61
153,0,12,-151
154,0,14,-226
155,0,32,-265
156,0,5,-103
157,0,44,-322
158,0,35,-406
159,0,9,-189
160,0,25,-167
161,0,18,-176
162,0,25,-239
163,0,9,-101
164,0,4,-75
165,0,10,-136
166,0,23,-253
167,0,4,-68
168,0,6,-114
169,0,6,-124
170,0,10,-190
171,0,19,-194
172,0,6,-86
173,0,7,-121
174,0,23,-377
175,0,10,-120
176,0,35,-437
177,0,10,-93
178,0,14,-69
179,0,9,-137
180,0,44,-247
181,0,16,-209
182,0,6,-102
183,0,20,-203
184,0,33,-264
185,0,6,-2
186,0,8,-104
187,0,6,-154
188,0,11,-77
189,0,4,-75
190,0,9,-120
191,0,11,-163
192,0,7,-164
193,0,15,-200
194,0,11,-131
195,0,11,-125
196,0,13,-229
197,0,6,-172
198,0,46,-407
199,0,11,-142
200,0,5,-151
201,0,9,-84
202,0,20,-277
203,0,6,-136
204,0,20,-351
205,0,16,-81
206,0,9,-151
207,0,6,-97
208,0,8,-118
209,0,17,-180
210,0,6,-132
211,0,23,-221
212,0,19,-193
213,0,15,-216
214,0,8,-157
215,0,7,-146
216,0,40,-311
217,0,18,-180
218,0,6,-97
219,0,4,-117
220,0,7,-98
221,0,13,-155
222,0,8,-138
223,0,10,-164
224,0,13,-117
225,0,30,-366
226,0,14,-210
227,0,21,-196
228,0,15,-115
229,0,14,-217
230,0,5,-45
231,0,48,-301
232,0,20,-229
233,0,29,-258
234,0,4,-112
235,0,6,-102
236,0,4,-73
237,0,11,-149
238,0,8,-148
239,0,13,-152
240,0,4,-112
241,0,20,-213
242,0,8,-162
243,0,5,-119
244,0,6,-147
245,0,7,-83
246,0,12,-62
247,0,9,-63
248,0,5,-111
249,0,22,-254
250,0,16,-228
251,0,31,-317
252,0,24,-283
253,0,15,-171
254,0,6,-110
255,0,11,-153
256,0,10,-114
257,0,6,-110
258,0,39,-324
259,0,6,-112
260,0,10,-132
261,1,20,-231
262,0,6,-156
263,0,4,-107
264,0,4,-107
265,0,4,-125
266,0,13,-155
267,0,5,-111
268,1,4,-51
269,0,6,-172
270,0,5,-121
271,0,8,-149
272,0,11,-101
273,0,10,-110
274,0,10,-122
275,0,11,-125
276,0,19,-153
277,0,18,-228
278,0,8,-202
279,0,4,-73
280,0,29,-244
281,0,6,-164
282,0,12,-140
283,0,19,-219
284,0,14,-206
285,0,29,-303
286,0,10,-148
287,0,5,-148
288,0,12,-122
289,0,8,-151
290,0,9,-112
291,0,12,-141
292,0,6,-164
293,0,13,-195
294,0,4,-117
295,0,5,-98
296,0,7,-103
297,0,4,-112
298,0,14,-160
299,0,12,-184
300,0,17,-231
301,0,5,-116
302,0,7,-153
303,0,16,-206
304,0,7,-172
305,0,4,-112
306,0,14,-134
307,0,9,-127
308,0,13,-153
309,0,5,-161
310,0,14,-207
311,0,6,-120
312,0,15,-171
313,0,31,-349
314,0,42,-325
315,0,7,-48
316,0,8,-142
317,0,5,-58
318,0,4,-115
319,0,4,-117
320,0,18,-142
321,0,9,-126
322,0,10,-118
323,0,6,-124
324,0,7,-147
325,0,9,-161
326,0,9,-112
327,0,7,-114
328,0,7,-104
329,0,20,-145
330,0,23,-395
331,0,19,-201
332,0,7,-43
333,0,5,-151
334,0,4,-107
335,0,8,-50
336,0,5,-169
337,0,4,-10
338,0,6,-95
339,0,10,-128
340,0,5,-151
341,0,11,-129
342,0,8,-99
343,0,7,-165
344,0,17,-234
345,0,10,-152
346,0,8,-126
347,0,14,-217
348,0,14,-189
349,0,6,-102
350,0,6,-153
351,0,17,-181
352,0,6,-160
353,0,6,-149
354,0,10,-127
355,0,17,-204
356,0,6,-153
357,0,15,-174
358,0,6,-86
359,0,25,-303
360,0,4,-64
361,0,8,-149
362,0,21,-241
363,0,10,-198
364,1,27,-376
365,0,13,-209
366,0,17,-235
367,0,5,-154
368,0,10,-107
369,0,32,-393
370,0,5,-156
371,0,10,-116
372,0,7,-45
373,0,14,-190
374,0,7,-147
375,0,29,-267
376,0,7,-141
377,0,19,-280
378,0,9,-118
379,0,4,-115
380,0,5,-109
381,0,21,-247
382,0,5,-161
383,0,8,-146
384,0,5,-61
385,0,12,-152
386,0,20,-204
387,0,7,-156
388,0,10,-145
389,0,6,-114
390,0,5,-99
391,0,4,-54
392,0,7,-107
393,0,11,-145
394,0,7,-139
395,0,12,-110
396,0,6,-145
397,0,21,-210
398,0,8,-177
399,0,21,-197
400,0,6,-86
401,0,8,-128
402,0,11,-119
403,0,5,-114
404,0,5,-66
405,0,9,-150
406,0,18,-178
407,0,12,-208
408,0,10,-148
409,0,7,-113
410,0,10,-69
411,0,22,-191
412,0,10,-118
413,0,7,-143
414,0,8,-109
415,0,6,-106
416,0,6,-152
417,0,14,-189
418,0,7,-170
419,0,8,-113
420,0,6,-114
421,0,11,-103
422,0,7,-155
423,0,7,-153
424,0,6,-95
425,0,12,-133
426,0,31,-387
427,0,18,-142
428,0,4,-125
429,0,8,-89
430,0,6,-94
431,0,5,-55
432,0,7,-183
433,0,7,-67
434,0,21,-194
435,0,5,-54
436,0,8,-120
437,0,19,-220
438,0,6,-34
439,0,8,-136
440,0,9,-125
441,1,28,-198
442,0,8,-115
443,0,6,-88
444,0,6,-180
445,0,17,-198
446,0,4,-125
447,0,17,-169
448,0,8,-124
449,0,18,-270
450,0,4,-70
451,0,4,-14
452,0,6,-102
453,0,13,-136
454,1,26,-181
455,0,7,-50
456,0,16,-192
457,0,6,-164
458,0,11,-163
459,0,9,-154
460,0,11,-122
461,0,18,-172
462,0,9,-175
463,0,9,-85
464,0,10,-226
465,0,7,-123
466,0,18,-216
467,0,7,-161
468,0,18,-180
469,0,7,-155
470,0,10,-125
471,0,4,-75
472,0,7,-145
473,0,13,-196
474,0,4,-75
475,0,27,-200
476,0,7,-130
477,1,27,-214
478,0,11,-74
479,0,4,-111
480,0,28,-249
481,0,21,-86
482,0,9,-167
483,0,5,-136
484,0,19,-142
485,0,6,-106
486,0,7,-175
487,0,8,-127
488,0,17,-155
489,0,6,-103
490,0,5,-111
491,0,11,-177
492,0,6,-152
493,0,9,-117
494,0,7,-99
495,0,17,-136
496,0,10,-178
497,0,8,-144
498,0,7,-155
499,0,24,-308
500,0,4,-112
501,0,17,-254
502,0,13,-147
503,0,9,-68
504,0,6,-172
505,0,8,-159
506,0,9,-52
507,0,9,-139
508,0,10,-100
509,0,6,-165
510,0,19,-168
511,0,22,-245
512,0,16,-161
513,0,7,-100
514,0,14,-218
515,0,4,-112
516,0,7,-111
517,0,4,-125
518,0,7,-77
519,0,20,-335
520,0,7,-138
521,0,4,-105
522,0,11,-137
523,0,20,-139
524,0,13,-185
525,0,25,-343
526,0,12,-206
527,0,14,-186
528,0,25,-107
529,0,4,-15
530,0,4,-120
531,0,23,-255
532,0,7,-69
533,0,9,-123
534,0,9,-168
535,0,10,-150
536,0,21,-199
537,0,4,-116
538,0,10,-196
539,0,4,-62
540,0,8,-101
541,0,19,-120
542,0,6,-102
543,0,6,-144
544,0,6,-126
545,0,18,-249
546,0,10,-188
547,0,7,-113
548,0,16,-192
549,0,6,-164
550,0,5,-154
551,0,4,-65
552,0,6,-110
553,0,21,-324
554,0,16,-100
555,0,12,-135
556,0,7,-107
557,0,5,-66
558,0,8,-148
559,0,8,-159
560,0,4,-75
561,0,6,-103
562,0,19,-274
563,0,11,-125
564,0,4,-64
565,0,4,-112
566,0,11,-173
567,0,9,-151
568,0,6,-150
569,0,22,-156
570,0,18,-156
571,0,12,-172
572,0,7,-57
573,0,5,-106
574,0,16,-172
575,0,5,-151
576,0,7,-49
577,0,11,-169
578,0,6,2
579,0,15,-200
580,0,5,-106
581,0,4,-123
582,0,8,-145
583,0,4,-85
584,0,8,-108
585,0,7,-118
586,0,9,-147
587,0,5,-146
588,0,7,-173
589,0,14,-158
590,0,6,-74
591,0,6,-145
592,0,6,-130
593,0,5,-56
594,0,5,-48
595,0,5,-94
596,0,8,-85
597,0,12,-204
598,0,7,-65
599,0,11,-136
600,0,6,-97
601,0,15,-191
602,0,10,-168
603,0,8,-39
604,0,15,-169
605,0,8,-96
606,0,8,-63
607,0,5,-66
608,0,10,-133
609,0,11,-112
610,0,13,-117
611,0,18,-162
612,0,6,-97
613,0,7,-171
614,0,4,-75
615,0,4,-69
616,0,6,-114
617,0,5,-165
618,0,8,-111
619,0,14,-186
620,0,6,-97
621,0,9,-165
622,0,5,-148
623,0,4,-117
624,0,5,-116
625,0,6,-104
626,0,6,-133
627,0,6,-84
628,0,7,-74
629,0,7,-82
630,0,10,-188
631,0,16,-183
632,0,16,-217
633,0,13,-149
634,0,7,-98
635,0,9,-115
636,0,5,-185
637,0,7,-75
638,0,6,-105
639,0,6,-146
640,0,7,-175
641,0,9,-110
642,0,9,-179
643,0,7,-191
644,0,11,-147
645,0,6,-72
646,0,6,-154
647,0,9,-139
648,0,18,-262
649,0,7,-133
650,0,35,-313
651,0,9,-167
652,0,6,-96
653,0,9,-144
654,0,7,-153
655,0,13,-151
656,0,5,-151
657,0,15,-81
658,0,9,-190
659,0,4,-133
660,0,6,-121
661,0,4,-123
662,0,10,-115
663,0,31,-412
664,0,8,-107
665,0,10,-144
666,0,6,-164
667,0,15,-167
668,0,5,-104
669,0,6,-136
670,0,8,-117
671,0,6,-120
672,0,5,-164
673,0,17,-205
674,0,9,-155
675,0,6,-160
676,0,11,-130
677,0,7,-121
678,0,12,-180
679,0,8,-111
680,0,10,-188
681,0,6,-116
682,0,8,-156
683,0,10,-110
684,0,13,-203
685,0,6,-136
686,0,7,-114
687,0,8,-110
688,0,12,-183
689,0,7,-95
690,0,11,-198
691,0,27,-212
692,0,13,-183
693,0,6,-160
694,0,5,-154
695,0,7,-105
696,0,13,-171
697,0,13,-153
698,0,6,-160
699,0,5,-156
700,0,6,-112
701,1,23,-294
702,0,6,-62
703,0,8,-150
704,0,7,-31
705,0,28,-226
706,0,5,-104
707,0,6,-143
708,0,7,-103
709,0,24,-383
710,0,4,-116
711,0,6,-154
712,0,6,-89
713,0,8,-164
714,0,12,-112
715,0,7,-132
716,0,8,-99
717,0,24,-294
718,0,19,-271
719,0,6,-95
720,1,9,-109
721,0,8,-109
722,0,6,-152
723,0,4,-25
724,0,5,-111
725,0,6,-134
726,0,13,-175
727,0,8,-104
728,0,12,-113
729,0,6,-87
730,0,4,-125
731,0,11,-166
732,0,7,-123
733,0,23,-239
734,0,6,-132
735,0,6,-85
736,0,5,-51
737,0,4,-25
738,0,12,-172
739,0,9,-186
740,0,4,-115
741,0,6,-54
742,0,19,-176
743,0,7,-111
744,0,9,-115
745,0,16,-298
746,0,9,-138
747,0,12,-165
748,0,8,-50
749,0,14,-179
750,0,17,-235
751,0,20,-149
752,0,33,-315
753,0,14,-92
754,0,6,-172
755,0,13,-137
756,0,6,-162
757,0,10,-154
758,0,12,-140
759,0,7,-105
760,0,6,-112
761,0,13,-158
762,0,29,-381
763,0,18,-259
764,0,7,-175
765,0,5,-114
766,0,6,-144
767,0,6,-112
768,0,20,-180
769,0,4,-78
770,0,25,-332
771,0,5,-69
772,0,6,-91
773,0,8,-134
774,0,4,-69
775,0,4,-125
776,0,6,-144
777,0,18,-313
778,0,8,-98
779,0,7,-123
780,0,10,-96
781,0,8,-115
782,0,13,-173
783,0,7,-91
784,0,7,-110
785,0,13,-193
786,0,6,-104
787,0,8,-126
788,0,10,-177
789,0,7,-145
790,0,8,-164
791,0,8,-128
792,0,22,-206
793,0,15,-195
794,0,6,-104
795,0,9,-177
796,0,5,-47
797,0,17,-132
798,0,5,-116
799,0,7,-77
800,0,7,-52
801,0,9,-118
802,0,4,-117
803,0,9,-135
804,0,10,-179
805,0,11,-156
806,0,8,-83
807,0,6,-66
808,0,5,-154
809,0,6,-72
810,0,7,-142
811,0,5,-96
812,0,15,-200
813,0,13,-75
814,0,9,-110
815,0,6,-132
816,0,7,-37
817,0,8,-130
818,0,4,-9
819,0,6,-145
820,0,7,-155
821,0,9,-81
822,0,16,-160
823,0,12,-190
824,0,13,-168
825,0,6,-97
826,0,6,-94
827,0,5,-161
828,0,8,-105
829,0,7,-135
830,0,13,-143
831,0,6,-94
832,0,5,-161
833,0,8,-174
834,0,16,-162
835,0,7,-88
836,0,5,-109
837,0,8,-136
838,0,6,-102
839,0,9,-117
840,0,5,-101
841,0,8,-138
842,0,4,-117
843,0,6,-172
844,0,6,-144
845,0,6,-47
846,0,16,-205
847,0,5,-161
848,0,7,-113
849,0,7,-163
850,0,6,-52
851,0,5,-159
852,0,10,-154
853,0,5,-93
854,0,6,-160
855,0,13,-103
856,0,15,-141
857,0,11,-153
858,0,9,-113
859,0,7,-155
860,0,7,-155
861,0,7,-76
862,0,4,-63
863,0,6,-144
864,0,16,-220
865,0,8,-103
866,0,8,-64
867,0,7,-138
868,0,7,-76
869,0,8,-124
870,0,4,-112
871,0,6,-110
872,0,8,-91
873,0,17,-215
874,0,4,-99
875,0,20,-285
876,0,17,-158
877,0,8,-157
878,0,5,-164
879,0,7,-113
880,0,16,-239
881,0,10,-111
882,0,5,-61
883,0,6,-94
884,0,8,-108
885,0,30,-234
886,0,7,-148
887,0,4,-75
888,0,7,-151
889,0,4,-94
890,0,10,-111
891,0,16,-254
892,0,4,-63
893,0,17,-201
894,0,7,-98
895,0,8,-158
896,0,10,-74
897,0,8,-118
898,0,4,-117
899,0,5,-94
900,0,6,-110
901,0,6,-84
902,0,5,-104
903,0,6,-96
904,0,4,-10
905,0,22,-284
906,0,7,-135
907,0,9,-157
908,0,8,-54
909,0,6,-92
910,0,6,-157
911,0,11,-70
912,0,8,-167
913,0,8,-125
914,0,7,-65
915,0,12,-189
916,0,15,-126
917,0,9,-83
918,0,10,-188
919,0,35,-388
920,0,8,-86
921,0,7,-141
922,0,8,-59
923,0,7,-165
924,0,10,-72
925,0,4,-125
926,0,7,-82
927,0,7,-105
928,0,6,-150
929,0,9,-127
930,0,9,-170
931,0,7,-181
932,0,9,-112
933,0,11,-114
934,0,4,-120
935,0,8,-151
936,0,6,-152
937,0,11,-97
938,0,5,-156
939,0,32,-387
940,0,7,-116
941,0,7,-40
942,0,6,-121
943,0,7,-171
944,0,6,-62
945,0,11,-133
946,0,18,-213
947,0,7,-95
948,0,5,-151
949,0,10,-200
950,0,12,-158
951,0,6,-172
952,1,47,-388
953,0,6,-137
954,0,7,-12
955,0,4,-64
956,0,6,-124
957,0,7,-117
958,0,6,-93
959,0,23,-221
960,0,6,11
961,0,6,-160
962,0,7,-105
963,0,11,-134
964,0,7,-65
965,0,6,-71
966,0,9,-128
967,0,8,-98
968,0,8,-41
969,0,16,-118
970,0,5,-48
971,0,10,-156
972,0,6,-153
973,0,9,-177
974,0,10,-88
975,0,12,-156
976,0,5,-119
977,0,7,-125
978,0,12,-133
979,0,16,-220
980,0,5,-96
981,0,7,-39
982,0,15,-112
983,0,8,-78
984,0,4,-22
985,0,5,-137
986,0,9,-164
987,0,4,-67
988,0,9,-132
989,0,5,-161
990,0,7,-156
991,0,6,-139
992,0,7,-114
993,0,8,-166
994,0,5,-56
995,0,6,-124
996,0,10,-178
997,0,7,-63
998,0,8,-126
999,0,7,-155
1000,0,10,-175
1001,0,5,-116
1002,0,35,-249
1003,0,7,-82
1004,0,4,-22
1005,0,6,-110
1006,0,6,-152
1007,0,6,-96
1008,0,9,-112
1009,0,9,-66
1010,0,13,-283
1011,0,8,-86
1012,0,8,-149
1013,0,6,-104
1014,0,7,-85
1015,0,8,-162
1016,0,15,-213
1017,0,29,-290
1018,0,17,-153
1019,0,13,-235
1020,0,12,-175
1021,0,6,-152
1022,0,14,-283
1023,0,6,-80
1024,0,5,-50
1025,0,7,-163
1026,0,20,-171
1027,0,7,-154
1028,0,11,-74
1029,0,9,-153
1030,0,9,-181
1031,0,17,-211
1032,0,16,-213
1033,0,17,-227
1034,0,11,-200
1035,0,6,-112
1036,0,6,-137
1037,0,23,-151
1038,0,21,-223
1039,0,7,-147
1040,0,4,-30
1041,0,6,-172
1042,0,10,-176
1043,0,15,-156
1044,0,8,-174
1045,0,6,-164
1046,0,6,-157
1047,0,4,-16
1048,0,12,-93
1049,0,32,-286
1050,0,18,-127
1051,0,6,-135
1052,0,10,-138
1053,0,34,-306
1054,0,5,-55
1055,0,6,-95
1056,0,7,-130
1057,0,10,-200
1058,0,24,-156
1059,0,10,-81
1060,0,7,-155
1061,0,9,-3
1062,0,19,-210
1063,0,15,-188
1064,0,9,-155
1065,0,6,-97
1066,0,9,-96
1067,0,5,-93
1068,0,10,-184
1069,0,7,-155
1070,0,18,-179
1071,0,9,-109
1072,0,6,-152
1073,0,10,-188
1074,0,9,-153
1075,0,6,-162
1076,0,8,-120
1077,0,7,-133
1078,0,6,-129
1079,0,10,-150
1080,0,6,-74
1081,0,15,-143
1082,0,9,-177
1083,0,18,-212
1084,0,7,-156
1085,0,7,-158
1086,0,14,-196
1087,0,15,-141
1088,0,7,-132
1089,0,5,-53
1090,0,8,-194
1091,0,7,-146
1092,0,8,-146
1093,0,6,-95
1094,0,10,-200
1095,0,12,-126
1096,0,8,-105
1097,0,10,-132
1098,0,6,-164
1099,0,9,-115
1100,0,4,-107
1101,0,10,-114
1102,0,45,-452
1103,0,4,-85
1104,0,4,-110
1105,0,9,-161
1106,0,6,-84
1107,0,11,-114
1108,0,6,-87
1109,0,8,-146
1110,0,9,-178
1111,0,8,-161
1112,0,6,-102
1113,0,6,-128
1114,0,6,-172
1115,1,23,-183
1116,0,7,-161
1117,0,7,-155
1118,0,13,-155
1119,0,6,-31
1120,0,17,-293
1121,0,6,-86
1122,0,9,-80
1123,0,6,-145
1124,0,5,-146
1125,0,11,-156
1126,0,6,-145
1127,0,12,-167
1128,0,8,-118
1129,0,8,-74
1130,0,9,-60
1131,0,4,-69
1132,0,5,-135
1133,0,4,-75
1134,0,6,-122
1135,0,6,-84
1136,0,6,-103
1137,0,7,-82
1138,0,6,-95
1139,0,11,-129
1140,0,12,-133
1141,0,6,-111
1142,0,6,-112
1143,0,14,-189
1144,0,9,-131
1145,0,6,-127
1146,0,7,-171
1147,0,5,-106
1148,0,9,-177
1149,0,8,-178
1150,0,6,-151
1151,0,11,-189
1152,0,7,-113
1153,0,7,-100
1154,0,15,-210
1155,0,4,-104
1156,0,6,-102
1157,0,6,-129
1158,0,6,-144
1159,0,12,-103
1160,0,5,-95
1161,0,8,-134
1162,0,9,-126
1163,0,10,-77
1164,0,7,-127
1165,0,7,-54
1166,0,6,-134
1167,0,15,-197
1168,0,5,-103
1169,0,7,-56
1170,0,18,-165
1171,0,18,-239
1172,0,7,-80
1173,0,6,-97
1174,0,7,-107
1175,0,10,-106
1176,0,7,-115
1177,0,18,-170
1178,0,10,-194
1179,0,7,-125
1180,0,6,-114
1181,0,6,-162
1182,0,6,-102
1183,0,7,-158
1184,0,4,-107
1185,0,6,-97
1186,0,8,-151
1187,0,11,-131
1188,0,6,-144
1189,0,9,-91
1190,0,6,-106
1191,0,6,-102
1192,0,6,-16
1193,0,8,-44
1194,0,8,-156
1195,0,6,-79
1196,0,5,-103
1197,0,7,-171
1198,0,7,-119
1199,0,7,-163
1200,0,14,-183
1201,0,12,-90
1202,0,12,-115
1203,0,6,-144
1204,0,11,-151
1205,0,12,-177
1206,0,9,-157
1207,0,6,-172
1208,0,4,-54
1209,0,6,-100
1210,0,6,-164
1211,0,6,-106
1212,0,7,-147
1213,0,7,-7
1214,0,9,-87
1215,0,16,-171
1216,0,4,-118
1217,0,4,-83
1218,0,14,-261
1219,0,6,-47
1220,0,18,-70
1221,0,8,-117
1222,0,6,-160
1223,0,11,-128
1224,0,6,-110
1225,0,7,-171
1226,0,6,-180
1227,0,5,-114
1228,0,7,-139
1229,0,6,-102
1230,0,7,-151
1231,0,45,-406
1232,0,6,-87
1233,0,5,-114
1234,0,5,-100
1235,0,6,-102
1236,0,9,-65
1237,0,5,-121
1238,0,6,-94
1239,0,6,-164
1240,0,7,-159
1241,0,6,-114
1242,0,7,-143
1243,0,21,-185
1244,0,16,-193
1245,0,16,-156
1246,0,8,-117
1247,0,10,-176
1248,0,6,-100
1249,0,9,-119
1250,0,8,-168
1251,0,13,-275
1252,0,4,-17
1253,0,8,-140
1254,0,6,-144
1255,0,6,-128
1256,0,10,-108
1257,0,7,-113
1258,0,9,-189
1259,0,8,-151
1260,0,8,-144
1261,0,20,-222
1262,0,25,-251
1263,0,4,-128
1264,0,19,-308
1265,0,14,-268
1266,0,7,-163
1267,0,6,-170
1268,0,10,-184
1269,0,5,-169
1270,0,12,-152
1271,0,6,-114
1272,0,6,-152
1273,0,4,-65
1274,0,6,-164
1275,0,10,-188
1276,0,6,-89
1277,0,9,-169
1278,0,12,-51
1279,0,7,-105
1280,0,6,-164
1281,0,7,-97
1282,0,7,-103
1283,0,6,-103
1284,0,7,-87
1285,0,12,-119
1286,0,4,-115
1287,0,16,-175
1288,0,10,-81
1289,0,8,-122
1290,0,6,-84
1291,0,4,-107
1292,0,6,-102
1293,0,11,-132
1294,0,8,-63
1295,0,11,-129
1296,0,9,-102
1297,0,6,-94
1298,0,8,-66
1299,1,17,-258
1300,0,18,-234
1301,0,8,-91
1302,0,26,-185
1303,0,9,-78
1304,0,5,-119
1305,0,16,-246
1306,0,33,-416
1307,0,4,-73
1308,0,5,-156
1309,0,4,-75
1310,0,10,-178
1311,0,7,-140
1312,0,4,-115
1313,0,21,-243
1314,0,10,-32
1315,0,6,-103
1316,0,10,-188
1317,0,12,-132
1318,0,6,-152
1319,0,6,-154
1320,0,5,-164
1321,0,5,-116
1322,0,27,-269
1323,0,6,-156
1324,0,10,-138
1325,0,10,-146
1326,0,8,-150
1327,0,6,-86
1328,0,5,-58
1329,0,15,-217
1330,0,5,-109
1331,0,8,-174
1332,0,6,-94
1333,0,4,-65
1334,0,6,-112
1335,0,6,-152
1336,0,5,-151
1337,0,7,-96
1338,0,17,-262
1339,0,11,-115
1340,0,6,-122
1341,0,5,-146
1342,0,6,-110
1343,0,7,-26
1344,0,6,-164
1345,0,10,-90
1346,0,4,-67
1347,0,9,-156
1348,0,8,-112
1349,0,9,-107
1350,0,6,-104
1351,0,29,-224
1352,0,7,-173
1353,0,8,-156
1354,0,6,-154
1355,0,8,-178
1356,0,5,-153
1357,0,7,-155
1358,0,16,-111
1359,0,12,-206
1360,0,6,-47
1361,0,8,-64
1362,0,6,-144
1363,0,13,-160
1364,0,7,-106
1365,0,12,-118
1366,0,6,-106
1367,0,6,-72
1368,0,7,-81
1369,0,9,-121
1370,0,4,32
1371,0,7,-147
1372,0,41,-560
1373,0,4,-117
1374,0,10,-79
1375,0,7,-66
1376,0,8,-99
1377,0,7,-103
1378,0,11,-207
1379,0,6,-102
1380,0,13,-140
1381,0,4,-75
1382,0,6,-103
1383,0,6,-142
1384,0,12,-88
1385,0,7,-97
1386,0,6,-92
1387,0,6,-56
1388,0,4,-118
1389,0,15,-205
1390,0,10,-87
1391,0,8,-162
1392,0,6,-136
1393,0,7,-103
1394,0,6,-96
1395,0,8,-156
1396,0,25,-241
1397,0,11,-124
1398,0,4,-30
1399,0,7,-154
1400,0,12,-161
1401,0,16,-210
1402,0,9,-49
1403,0,7,-123
1404,0,17,-221
1405,0,6,-160
1406,0,12,-191
1407,0,25,-212
1408,0,6,-64
1409,0,9,-87
1410,0,6,-92
1411,0,14,-118
1412,0,42,-550
1413,0,9,-113
1414,0,4,-71
1415,0,8,-48
1416,0,4,-64
1417,0,9,-20
1418,0,10,-130
1419,0,7,-155
1420,0,8,-114
1421,0,13,-99
1422,0,10,-160
1423,0,5,-111
1424,0,8,-156
1425,0,25,-345
1426,0,4,-70
1427,0,6,-76
1428,0,6,-114
1429,0,7,-50
1430,0,9,-163
1431,0,6,-46
1432,0,6,-94
1433,0,9,-118
1434,0,10,-131
1435,0,6,-31
1436,0,8,-99
1437,0,7,-125
1438,0,6,-142
1439,0,14,-302
1440,0,9,-147
1441,0,7,-106
1442,0,6,-144
1443,0,6,-144
1444,0,7,-171
1445,0,6,-164
1446,0,6,-162
1447,0,4,-30
1448,0,6,-153
1449,0,7,-120
1450,0,6,-116
1451,0,6,-92
1452,0,6,-102
1453,0,7,-175
1454,0,8,-124
1455,0,7,-147
1456,0,9,-118
1457,0,10,-186
1458,0,6,-144
1459,0,15,-117
1460,0,6,-31
1461,0,6,-129
1462,0,7,-156
1463,0,4,-130
1464,0,12,-184
1465,0,11,-127
1466,0,10,-85
1467,0,14,-246
1468,0,7,-106
1469,0,7,-105
1470,0,22,-204
1471,0,10,-169
1472,0,16,-209
1473,0,8,-162
1474,0,9,-197
1475,0,12,-206
1476,0,5,-98
1477,0,6,-77
1478,0,7,-163
1479,0,23,-289
1480,0,6,-134
1481,0,9,-160
1482,0,6,-36
1483,0,17,-64
1484,0,6,-104
1485,0,6,-108
1486,0,6,-111
1487,0,6,-104
1488,0,6,-79
1489,0,7,-113
1490,0,7,-175
1491,0,6,-43
1492,0,5,-103
1493,0,7,-98
1494,0,6,-65
1495,0,6,-160
1496,0,37,-466
1497,2,26,-348
1498,0,7,-98
1499,0,4,-125
1500,0,4,-67
1501,0,14,-190
1502,0,7,-183
1503,0,7,-145
1504,0,4,-60
1505,0,8,-107
1506,0,8,-136
1507,0,8,-144
1508,0,10,-196
1509,0,9,-158
1510,0,17,-133
1511,0,14,-189
1512,0,14,-142
1513,0,7,-145
1514,0,9,-179
1515,0,9,-176
1516,0,7,-183
1517,0,5,-161
1518,0,8,-71
1519,0,9,-179
1520,0,5,-151
1521,0,9,-109
1522,0,8,-52
1523,0,21,-296
1524,0,17,-221
1525,0,23,-342
1526,0,9,-104
1527,0,6,-162
1528,0,4,-117
1529,0,5,-164
1530,0,10,-64
1531,0,12,-176
1532,0,10,-113
1533,0,4,-25
1534,0,7,-59
1535,0,7,-93
1536,0,6,-135
1537,0,6,-145
1538,0,6,-164
1539,0,5,-142
1540,0,7,-104
1541,0,7,-117
1542,0,10,-180
1543,0,6,-153
1544,0,7,-96
1545,0,6,-102
1546,0,9,-77
1547,0,8,-114
1548,0,6,-145
1549,0,9,-84
1550,0,5,-100
1551,0,32,-338
1552,0,6,-140
1553,0,13,-140
1554,0,9,-129
1555,0,7,-107
1556,0,7,-104
1557,0,5,-58
1558,0,6,-157
1559,0,9,-111
1560,0,8,-86
1561,0,6,-74
1562,0,5,-114
1563,0,5,-152
1564,0,4,-63
1565,0,6,-44
1566,0,5,-69
1567,0,6,-110
1568,0,10,-142
1569,0,6,-64
1570,0,6,-64
1571,0,15,-253
1572,0,19,-215
1573,0,7,-154
1574,0,26,-265
1575,0,6,-157
1576,0,12,-108
1577,0,6,-10
1578,0,6,-102
1579,0,4,-65
1580,0,6,-160
1581,0,6,-87
1582,0,6,-102
1583,0,12,-228
1584,0,13,-215
1585,0,10,-123
1586,0,11,-163
1587,0,7,-57
1588,0,7,-40
1589,0,8,-154
1590,0,9,-102
1591,0,7,-91
1592,0,8,-51
1593,0,8,-68
1594,0,8,-50
1595,0,7,-78
1596,0,13,-185
1597,0,6,-112
1598,0,18,-294
1599,0,7,-133
1600,0,6,-95
1601,0,8,-101
1602,0,10,-100
1603,0,14,-113
1604,0,6,-94
1605,0,14,-110
1606,0,6,-145
1607,0,6,-164
1608,0,9,-116
1609,0,9,-123
1610,0,6,-124
1611,0,6,-99
1612,0,14,-73
1613,0,5,-161
1614,0,7,-161
1615,0,5,-114
1616,0,8,-118
1617,0,5,-8
1618,0,8,-89
1619,0,8,-76
1620,0,7,-48
1621,0,10,-120
1622,0,13,-149
1623,0,5,-95
1624,0,4,-72
1625,0,4,-69
1626,0,10,-155
1627,0,17,-167
1628,0,4,-120
1629,0,10,-120
1630,0,6,-129
1631,0,7,-155
1632,0,7,-137
1633,0,6,-164
1634,0,7,-146
1635,0,9,-168
1636,0,4,-110
1637,0,14,-180
1638,0,6,-130
1639,0,6,-113
1640,0,7,-77
1641,0,6,-53
1642,0,6,-51
1643,0,8,-114
1644,0,8,-158
1645,0,7,-105
1646,0,6,-79
1647,0,7,-161
1648,0,6,-128
1649,0,13,-103
1650,0,7,-95
1651,0,14,-74
1652,0,7,-106
1653,0,6,-62
1654,0,6,-112
1655,0,17,-208
1656,1,28,-167
1657,0,7,-63
1658,0,14,-196
1659,0,21,-270
1660,0,6,4
1661,0,6,-44
1662,0,6,-152
1663,0,15,-251
1664,0,9,-101
1665,0,7,-82
1666,0,4,-62
1667,0,33,-356
1668,0,7,-113
1669,0,6,-160
1670,0,4,-94
1671,0,8,-127
1672,0,9,-205
1673,0,6,-88
1674,0,9,-185
1675,0,7,-102
1676,0,4,-55
1677,0,18,-120
1678,0,10,-187
1679,0,6,-120
1680,0,6,-104
1681,0,6,-172
1682,0,7,-135
1683,0,7,-148
1684,0,6,-126
1685,0,6,-144
1686,0,8,-116
1687,0,6,-94
1688,0,26,-300
1689,0,12,-296
1690,0,8,-70
1691,0,8,-75
1692,0,7,-158
1693,0,6,-164
1694,0,6,-112
1695,0,6,-105
1696,0,7,-104
1697,0,6,-112
1698,0,17,-74
1699,0,16,-94
1700,0,8,-108
1701,0,27,-343
1702,0,8,-184
1703,0,6,-137
1704,0,8,-84
1705,0,6,-152
1706,0,6,-104
1707,0,6,-153
1708,0,6,-72
1709,0,9,-71
1710,0,9,-110
1711,0,4,-75
1712,0,6,-166
1713,0,6,-139
1714,0,7,-82
1715,0,5,-71
1716,0,4,-65
1717,0,6,-148
1718,0,7,-159
1719,0,16,-84
1720,0,7,-115
1721,0,5,-103
1722,0,7,-73
1723,0,4,-125
1724,0,6,12
1725,0,6,-91
1726,0,6,-129
1727,0,5,-159
1728,0,13,-92
1729,0,7,-39
1730,0,6,-96
1731,0,6,-127
1732,0,6,-39
1733,0,7,-59
1734,0,13,-203
1735,0,6,-95
1736,0,13,-275
1737,0,8,-150
1738,0,8,-170
1739,0,6,-145
1740,0,9,-181
1741,0,9,-101
1742,0,5,-109
1743,0,6,-103
1744,0,7,-153
1745,0,15,-168
1746,0,10,-186
1747,0,6,-54
1748,0,6,-124
1749,0,4,-70
1750,0,6,-85
1751,0,6,-145
1752,0,7,-139
1753,0,7,-85
1754,0,6,-95
1755,0,7,-114
1756,0,8,-171
1757,0,9,-118
1758,0,6,-114
1759,0,6,-150
1760,0,7,-94
1761,0,6,-44
1762,0,6,-102
1763,0,4,-104
1764,0,13,-82
1765,0,10,-194
1766,0,8,-174
1767,0,12,-170
1768,0,8,-111
1769,0,8,-158
1770,0,7,-149
1771,0,8,-105
1772,0,4,-107
1773,0,7,-117
1774,0,20,-256
1775,0,16,-207
1776,0,6,-144
1777,0,7,-113
1778,0,8,-184
1779,0,4,-72
1780,0,6,-51
1781,0,8,-10
1782,0,6,-164
1783,0,9,-181
1784,0,6,-87
1785,0,12,-128
1786,0,7,-125
1787,0,6,-164
1788,0,8,-108
1789,0,10,-114
1790,0,8,-176
1791,0,6,-105
1792,0,10,-118
1793,0,5,-116
1794,0,8,-148
1795,0,6,-142
1796,0,6,-130
1797,0,6,-153
1798,0,6,-87
1799,0,6,-138
1800,0,6,-172
1801,0,13,-54
1802,0,9,-107
1803,0,8,-107
1804,0,6,-162
1805,0,8,-162
1806,0,7,-121
1807,0,8,-158
1808,0,6,-86
1809,0,6,-103
1810,0,5,-164
1811,0,15,-143
1812,0,6,-144
1813,0,6,-160
1814,0,7,-171
1815,0,9,-150
1816,0,4,-70
1817,0,81,-986
1818,0,5,-51
1819,0,6,-94
1820,0,16,-255
1821,0,6,-105
1822,0,28,-291
1823,0,6,-44
1824,0,8,-149
1825,0,6,-157
1826,0,7,-117
1827,0,7,-104
1828,0,12,-212
1829,0,5,-151
1830,0,5,-96
1831,0,15,-252
1832,0,6,-46
1833,0,8,-159
1834,0,7,-163
1835,0,6,-180
1836,0,17,-280
1837,0,7,-163
1838,0,6,-136
1839,0,6,-87
1840,0,11,-163
1841,0,12,-152
1842,0,4,-125
1843,0,6,-64
1844,0,7,-65
1845,0,7,-30
1846,0,6,-104
1847,0,19,-249
1848,0,11,-207
1849,0,4,-73
1850,0,6,-79
1851,0,6,-112
1852,0,7,-151
1853,0,6,-106
1854,1,25,-232
1855,1,40,-370
1856,0,7,-156
1857,0,6,-96
1858,0,6,-87
1859,0,6,-164
1860,0,6,-78
1861,0,7,-97
1862,0,15,-158
1863,0,8,-93
1864,0,7,-115
1865,0,14,-77
1866,0,6,-54
1867,0,7,-121
1868,0,6,-54
1869,0,7,-139
1870,0,6,-45
1871,0,8,-157
1872,0,6,-137
1873,0,12,-144
1874,0,6,-152
1875,0,8,-149
1876,0,6,-100
1877,0,6,-145
1878,0,11,-74
1879,0,6,-82
1880,0,7,-80
1881,0,7,-47
1882,0,6,-45
1883,0,60,-574
1884,0,8,-176
1885,0,5,-151
1886,0,11,-127
1887,0,6,-151
1888,0,17,-188
1889,0,6,-145
1890,0,6,-105
1891,0,6,-39
1892,0,15,-212
1893,0,6,-87
1894,0,16,-158
1895,0,14,-222
1896,0,5,-143
1897,0,5,-159
1898,0,4,-54
1899,0,8,-116
1900,0,12,-84
1901,0,6,-95
1902,0,6,-94
1903,0,6,-136
1904,0,6,-152
1905,0,9,-131
1906,0,31,-233
1907,0,7,-112
1908,0,5,-145
1909,0,8,-159
1910,0,7,-138
1911,0,7,-114
1912,0,6,-136
1913,0,7,-68
1914,0,6,-30
1915,0,6,-147
1916,0,6,-21
1917,0,14,-187
1918,0,14,-202
1919,0,6,-103
1920,0,8,-161
1921,0,4,-21
1922,0,4,-116
1923,0,6,-86
1924,0,11,-174
1925,0,11,-193
1926,0,7,-57
1927,0,12,-140
1928,0,6,-95
1929,0,7,-65
1930,0,7,-143
1931,0,7,-167
1932,0,6,-97
1933,0,29,-295
1934,0,7,-95
1935,0,4,-125
1936,0,6,-128
1937,0,7,-139
1938,0,7,-161
1939,0,7,-61
1940,0,7,-121
1941,0,7,-88
1942,0,6,-69
1943,0,6,-110
1944,0,4,-30
1945,0,13,-177
1946,0,6,-144
1947,0,6,-54
1948,0,8,-146
1949,0,6,-127
1950,0,18,-180
1951,0,7,-117
1952,0,5,-156
1953,0,7,-107
1954,0,9,-97
1955,0,4,-72
1956,0,4,-109
1957,0,6,-144
1958,0,10,-130
1959,0,6,-102
1960,0,9,-4
1961,0,7,-113
1962,0,8,-43
1963,0,7,-57
1964,0,7,-156
1965,0,5,-98
1966,0,8,-118
1967,0,6,-128
1968,0,8,-159
1969,0,7,-183
1970,0,9,-95
1971,0,8,-154
1972,0,6,-142
1973,0,6,-95
1974,0,5,-56
1975,0,6,-160
1976,0,8,-156
1977,0,4,-23
1978,0,6,-99
1979,0,7,-90
1980,0,7,-156
1981,0,7,-175
1982,0,7,-147
1983,0,5,-159
1984,0,7,-154
1985,0,11,-169
1986,0,9,-168
1987,0,8,-174
1988,0,15,-130
1989,0,6,-103
1990,0,6,-100
1991,0,5,-183
1992,0,7,-156
1993,0,5,-102
1994,0,24,-131
1995,0,6,-56
1996,0,6,-96
1997,0,14,-95
1998,0,6,-149
1999,0,9,-37
2000,0,6,-23
2001,0,6,-102
2002,0,6,-110
2003,0,5,-109
2004,0,7,19
2005,0,10,-134
2006,0,6,4
2007,0,6,-112
2008,0,7,-105
2009,0,7,-52
2010,0,16,-115
2011,0,17,-228
2012,0,23,-332
2013,0,6,-144
2014,0,10,-163
2015,0,5,-151
2016,0,4,-120
2017,0,9,-157
2018,0,25,-372
2019,0,10,-159
2020,0,4,-64
2021,0,8,-61
2022,0,6,-42
2023,0,9,-112
2024,0,5,-121
2025,0,7,-88
2026,0,6,-136
2027,0,5,-46
2028,0,7,-89
2029,0,8,-133
2030,0,6,-152
2031,0,6,-46
2032,0,7,-38
2033,0,6,-46
2034,0,8,-122
2035,0,7,-117
2036,0,6,-152
2037,0,6,-144
2038,0,8,-182
2039,0,10,-171
2040,0,17,-127
2041,0,8,-165
2042,0,6,-144
2043,0,7,-125
2044,0,9,-157
2045,0,20,-171
2046,0,8,-99
2047,0,8,-148
2048,0,7,-64
2049,0,7,-140
2050,0,5,-146
2051,0,8,-168
2052,0,9,-185
2053,0,8,-124
2054,0,6,-95
2055,0,9,-118
2056,0,6,-120
2057,0,8,-172
2058,0,6,-164
2059,0,6,-77
2060,0,6,-152
2061,0,6,-46
2062,0,17,-185
2063,0,13,-199
2064,0,4,-125
2065,0,18,-219
2066,0,22,-155
2067,0,6,-100
2068,0,6,-152
2069,0,6,-152
2070,0,7,-104
2071,0,5,-116
2072,0,6,-114
2073,0,6,-136
2074,0,7,-95
2075,0,23,-327
2076,0,6,-142
2077,0,8,-120
2078,2,38,-333
2079,0,6,-4
2080,0,9,-112
2081,0,6,-70
2082,0,7,-109
2083,0,5,-13
2084,0,6,-102
2085,0,13,-264
2086,0,20,-261
2087,0,12,-84
2088,0,6,-104
2089,0,6,-156
2090,0,6,-51
2091,0,7,-97
2092,0,7,-57
2093,0,9,-63
2094,0,6,-121
2095,0,5,-48
2096,0,13,-139
2097,0,13,-68
2098,0,6,-88
2099,0,15,-286
2100,0,6,-106
2101,0,6,-156
2102,0,5,-146
2103,0,7,-47
2104,0,6,-95
2105,0,12,-103
2106,0,15,-220
2107,0,6,-39
2108,0,6,-104
2109,0,6,-43
2110,0,7,-189
2111,0,6,-95
2112,0,6,-126
2113,0,38,-401
2114,0,8,-134
2115,0,7,-80
2116,0,9,-134
2117,0,6,-120
2118,0,11,-145
2119,0,7,-48
2120,0,6,-94
2121,0,8,-117
2122,0,14,-263
2123,0,7,-121
2124,0,12,-224
2125,0,6,-39
2126,0,4,-16
2127,0,8,-40
2128,0,8,-89
2129,0,8,-105
2130,0,6,-160
2131,0,8,-174
2132,0,7,-85
2133,0,9,-177
2134,0,14,-127
2135,0,6,-54
2136,0,6,-94
2137,0,7,-121
2138,0,7,-155
2139,0,10,-178
2140,0,17,-251
2141,0,13,-141
2142,0,7,-173
2143,0,8,-149
2144,0,6,-110
2145,0,5,-135
2146,0,4,-35
2147,0,6,-121
2148,0,10,-176
2149,0,23,-201
2150,0,6,-110
2151,0,6,-86
2152,0,6,-55
2153,0,14,-175
2154,0,8,-76
2155,0,5,-5
2156,0,6,-134
2157,0,7,-183
2158,0,10,-95
2159,0,12,-114
2160,0,8,-156
2161,0,8,-109
2162,0,15,-246
2163,0,5,-52
2164,0,16,-227
2165,0,6,-104
2166,0,6,-137
2167,0,6,-4
2168,0,10,-128
2169,0,6,-64
2170,0,10,-168
2171,0,6,-159
2172,0,6,-89
2173,0,6,-54
2174,0,6,-145
2175,0,18,-238
2176,0,6,-154
2177,0,6,-110
2178,0,57,-728
2179,0,5,3
2180,0,14,-230
2181,0,6,-98
2182,0,6,-137
2183,0,6,-137
2184,0,7,-176
2185,0,9,-75
2186,0,7,-89
2187,0,9,-164
2188,0,18,-256
2189,0,6,-95
2190,0,6,-180
2191,0,7,-163
2192,0,9,-89
2193,0,12,-130
2194,0,6,-102
2195,0,8,-43
2196,0,6,-110
2197,0,6,-160
2198,0,6,-36
2199,0,7,-145
2200,0,14,-187
2201,0,8,-167
2202,0,13,-120
2203,0,4,-69
2204,0,6,-104
2205,0,9,-185
2206,0,6,-94
2207,0,7,-113
2208,0,8,-48
2209,0,6,-29
2210,0,6,-126
2211,0,5,-92
2212,0,6,-104
2213,0,8,-117
2214,0,9,-83
2215,0,6,-160
2216,0,9,-211
2217,0,8,-90
2218,0,8,-59
2219,0,6,-164
2220,0,7,-139
2221,0,7,-161
2222,0,6,-85
2223,0,16,-159
2224,0,7,-154
2225,0,6,-23
2226,0,7,-97
2227,0,9,-135
2228,0,10,-169
2229,0,16,-173
2230,0,10,-136
2231,0,4,-62
2232,0,7,-95
2233,0,57,-360
2234,0,8,-49
2235,0,6,5
2236,0,12,-200
2237,0,15,-207
2238,0,7,-46
2239,0,8,-143
2240,0,36,-523
2241,0,6,-128
2242,0,6,-42
2243,0,6,-142
2244,0,10,-168
2245,0,17,-213
2246,0,4,-67
2247,0,8,-154
2248,0,6,-100
2249,0,6,-86
2250,0,6,-64
2251,0,7,-114
2252,0,10,-163
2253,0,32,-384
2254,0,7,-127
2255,0,11,-181
2256,0,6,-103
2257,0,7,-167
2258,0,15,-97
2259,0,8,-56
2260,0,6,-78
2261,0,6,-132
2262,0,6,-31
2263,0,6,-152
2264,0,8,-174
2265,0,7,-137
2266,0,6,-180
2267,0,7,-106
2268,0,6,-190
2269,0,6,-148
2270,0,7,-148
2271,0,7,-87
2272,0,4,-73
2273,0,12,-190
2274,0,9,-119
2275,0,9,-43
2276,0,7,-62
2277,0,13,-227
2278,0,6,-130
2279,0,6,-21
2280,0,5,-151
2281,0,5,-69
2282,0,9,-149
2283,0,6,-100
2284,0,7,-165
2285,0,6,-152
2286,0,6,-85
2287,0,6,-39
2288,0,25,-205
2289,0,7,-104
2290,0,7,-159
2291,0,7,-103
2292,0,15,-212
2293,0,7,-106
2294,0,7,-96
2295,0,6,-104
2296,0,5,-169
2297,0,6,-128
2298,0,6,-104
2299,0,13,-217
2300,0,11,-55
2301,0,6,-71
2302,0,6,-72
2303,0,7,-76
2304,0,8,-111
2305,0,7,-30
2306,0,7,-47
2307,0,17,-143
2308,0,6,-92
2309,0,13,-150
2310,0,6,-78
2311,0,8,-174
2312,0,9,-167
2313,0,6,-156
2314,0,6,-128
2315,0,13,-186
2316,0,7,-104
2317,0,6,-153
2318,0,6,-142
2319,0,8,-124
2320,0,10,-56
2321,0,4,-99
2322,0,5,-148
2323,0,7,-97
2324,0,7,-96
2325,0,7,-4
2326,0,6,-120
2327,0,4,-120
2328,0,6,-46
2329,0,4,-70
2330,0,7,-139
2331,0,7,-114
2332,0,9,-115
2333,0,6,-164
2334,0,15,-250
2335,0,6,-110
2336,0,4,-67
2337,0,6,-114
2338,0,6,-146
2339,0,16,-179
2340,0,9,-107
2341,0,6,-35
2342,0,6,-180
2343,0,5,-153
2344,0,6,-151
2345,0,6,-74
2346,0,6,-81
2347,0,6,-31
2348,0,12,-134
2349,0,13,-131
2350,0,6,-121
2351,0,8,-132
2352,0,5,-104
2353,0,6,-46
2354,0,4,-120
2355,0,6,-110
2356,0,6,-46
2357,0,8,-50
2358,0,6,-52
2359,0,34,-452
2360,0,7,-57
2361,0,7,-50
2362,0,6,-31
2363,0,6,-145
2364,0,5,-164
2365,0,12,-110
2366,0,7,-123
2367,0,7,-94
2368,0,11,-101
2369,0,4,-59
2370,0,8,-116
2371,0,7,-183
2372,0,7,-129
2373,0,6,-145
2374,0,4,-123
2375,0,8,-157
2376,0,6,-73
2377,0,15,-164
2378,0,8,-143
2379,0,8,-124
2380,0,6,-162
2381,0,9,-119
2382,0,6,-128
2383,0,6,-44
2384,0,8,-174
2385,0,7,-49
2386,0,7,-98
2387,0,7,-104
2388,0,6,-79
2389,1,24,-204
2390,0,5,-159
2391,0,6,-6
2392,0,28,-226
2393,0,6,-118
2394,0,6,-31
2395,0,16,-219
2396,0,8,-124
2397,0,6,-95
2398,0,6,-87
2399,0,7,-45
2400,0,6,-78
2401,0,15,-95
2402,0,7,-114
2403,0,6,-3
2404,0,15,-149
2405,0,8,-154
2406,0,7,-83
2407,0,7,-183
2408,0,7,-155
2409,0,17,-166
2410,0,4,-16
2411,0,13,-123
2412,0,4,-17
2413,0,7,-96
2414,0,9,-171
2415,0,6,-153
2416,0,8,-51
2417,0,5,-161
2418,0,6,-13
2419,0,6,-129
2420,0,7,-113
2421,0,6,-126
2422,0,4,-62
2423,0,4,-80
2424,0,8,-56
2425,0,6,-54
2426,0,6,-145
2427,0,5,-159
2428,0,7,-82
2429,0,8,-133
2430,0,14,-222
2431,0,13,-95
2432,0,5,-93
2433,0,13,-154
2434,0,24,-237
2435,0,6,-142
2436,0,36,-485
2437,0,4,27
2438,0,6,-160
2439,0,7,-117
2440,0,6,-96
2441,0,8,-41
2442,0,6,-96
2443,0,6,-150
2444,0,6,-82
2445,0,8,-22
2446,0,7,-105
2447,0,30,-348
2448,0,6,-137
2449,0,7,-37
2450,0,6,-106
2451,0,6,-44
2452,0,15,-219
2453,0,7,-96
2454,0,6,-137
2455,0,4,-25
2456,0,10,-120
2457,0,6,-152
2458,0,7,-183
2459,0,12,-202
2460,0,7,-67
2461,0,6,-92
2462,0,7,-156
2463,0,6,-103
2464,0,6,-32
2465,0,8,-82
2466,0,4,-120
2467,0,6,-46
2468,0,6,-100
2469,0,6,-110
2470,0,6,-160
2471,0,7,-113
2472,0,8,16
2473,0,8,-59
2474,0,7,-186
2475,0,7,-113
2476,0,7,-45
2477,0,6,-153
2478,0,11,-85
2479,0,6,-74
2480,0,6,-164
2481,0,7,-58
2482,0,8,-101
2483,0,7,-106
2484,0,6,-152
2485,0,14,-202
2486,0,11,-173
2487,0,7,-168
2488,0,10,-108
2489,0,4,-25
2490,0,8,-122
2491,0,6,-95
2492,0,6,-143
2493,0,8,-170
2494,0,7,-167
2495,0,8,-128
2496,0,7,-89
2497,0,7,-153
2498,0,6,-81
2499,0,7,-103
2500,0,6,-86
2501,0,7,-155
2502,0,8,-158
2503,0,8,-156
2504,0,8,-38
2505,0,7,-67
2506,0,6,-160
2507,0,9,-185
2508,0,7,-121
2509,0,7,24
2510,0,11,-35
2511,0,5,-52
2512,0,7,-171
2513,0,9,-176
2514,0,6,-32
2515,0,6,-94
2516,0,6,-136
2517,0,26,-256
2518,0,6,-144
2519,0,6,-112
2520,0,9,-129
2521,0,7,-121
2522,0,6,-112
2523,0,7,-59
2524,0,7,-154
2525,0,6,-47
2526,0,7,-145
2527,0,5,-119
2528,0,7,-175
2529,0,7,-17
2530,0,10,-57
2531,0,8,-133
2532,0,7,-163
2533,0,6,-87
2534,0,4,-12
2535,0,6,-110
2536,0,6,-152
2537,0,7,-125
2538,0,18,-201
2539,0,15,-122
2540,1,19,-139
2541,0,7,-127
2542,0,6,-84
2543,0,7,-154
2544,0,6,-87
2545,0,9,-150
2546,0,6,-112
2547,0,8,-184
2548,0,9,-126
2549,0,6,-164
2550,0,6,-71
2551,0,6,-145
2552,0,4,-109
2553,0,7,-148
2554,0,6,-140
2555,0,6,-142
2556,0,6,-154
2557,0,6,-147
2558,0,7,-114
2559,0,6,-27
2560,0,7,-135
2561,0,6,-66
2562,0,8,-108
2563,0,6,-130
2564,0,6,-64
2565,0,6,-102
2566,0,8,-158
2567,0,9,-139
2568,0,7,-135
2569,0,22,-115
2570,0,7,-54
2571,0,6,-153
2572,0,6,-86
2573,0,5,-114
2574,0,8,-154
2575,0,7,-147
2576,0,4,-120
2577,0,6,4
2578,0,6,-144
2579,0,7,-154
2580,0,7,-125
2581,0,8,-139
2582,0,10,-112
2583,0,6,-87
2584,0,6,-145
2585,0,6,-88
2586,0,6,-107
2587,0,6,-157
2588,0,8,-122
2589,0,6,-145
2590,0,56,-678
2591,0,6,-164
2592,0,7,-67
2593,0,8,-124
2594,0,6,-160
2595,0,6,-162
2596,0,6,-164
2597,0,7,-151
2598,0,8,-134
2599,0,6,-95
2600,0,6,-129
2601,0,6,-123
2602,0,11,-153
2603,0,6,-69
2604,0,8,-189
2605,0,7,-159
2606,0,7,-125
2607,0,7,-161
2608,0,6,-101
2609,0,6,-46
2610,0,7,-121
2611,0,7,-163
2612,0,6,-164
2613,0,7,-181
2614,0,6,-136
2615,0,6,-39
2616,0,6,-54
2617,0,7,-75
2618,0,6,-160
2619,0,6,-160
2620,0,6,-74
2621,0,4,-70
2622,0,6,-47
2623,0,8,-150
2624,0,6,-110
2625,0,7,-96
2626,0,18,-184
2627,0,9,-103
2628,0,10,-121
2629,0,7,-95
2630,0,6,-31
2631,0,10,-150
2632,0,6,-6
2633,0,7,-167
2634,0,9,-118
2635,0,6,-110
2636,0,6,-110
2637,0,6,-82
2638,0,7,-45
2639,0,6,-102
2640,0,12,-109
2641,0,7,-114
2642,0,8,-174
2643,0,6,-79
2644,0,7,-107
2645,0,13,-155
2646,0,6,-143
2647,0,7,-117
2648,0,7,-105
2649,0,12,-191
2650,0,6,-153
2651,0,6,-129
2652,0,6,-152
2653,0,5,-58
2654,0,4,-115
2655,0,4,-21
2656,0,7,-125
2657,0,5,-145
2658,0,6,-137
2659,0,6,-162
2660,0,8,-125
2661,0,6,-29
2662,0,8,-118
2663,0,4,-72
2664,0,8,-156
2665,0,6,-144
2666,0,7,-97
2667,0,7,-63
2668,0,7,-149
2669,0,7,-163
2670,0,6,-153
2671,0,6,-94
2672,0,6,-153
2673,0,7,-128
2674,0,7,-117
2675,0,7,-67
2676,0,8,-151
2677,0,6,-145
2678,0,13,-85
2679,0,7,-107
2680,0,6,-102
2681,0,6,-87
2682,0,6,-124
2683,0,7,-41
2684,0,6,-110
2685,0,7,-147
2686,0,7,-129
2687,0,6,-160
2688,0,6,-51
2689,0,7,-115
2690,0,6,-89
2691,0,13,-163
2692,0,8,-103
2693,0,8,-154
2694,0,7,-127
2695,0,6,-100
2696,0,6,-95
2697,0,6,-136
2698,0,7,-154
2699,0,9,-125
2700,0,4,-123
2701,0,9,-113
2702,0,6,-103
2703,2,36,-372
2704,0,6,-27
2705,0,13,-197
2706,0,6,-134
2707,0,6,-102
2708,0,7,-146
2709,0,6,-160
2710,0,8,-106
2711,0,29,-230
2712,0,7,-155
2713,0,6,-46
2714,0,6,-103
2715,0,6,-79
2716,0,6,-153
2717,0,15,-197
2718,0,6,-112
2719,0,6,-103
2720,0,6,-104
2721,0,6,-79
2722,0,6,-103
2723,0,7,-181
2724,0,16,-78
2725,0,9,-160
2726,0,6,-160
2727,0,6,-102
2728,0,15,-169
2729,0,8,-194
2730,0,6,-120
2731,0,6,-165
2732,0,7,-105
2733,0,5,-61
2734,0,7,-125
2735,0,15,-203
2736,0,5,-103
2737,0,7,-113
2738,0,8,-82
2739,0,6,-31
2740,0,24,-331
2741,0,6,-150
2742,0,6,-152
2743,0,7,-145
2744,0,20,-155
2745,0,7,-105
2746,0,7,-103
2747,0,6,-152
2748,0,6,-86
2749,0,6,-110
2750,0,6,-160
2751,0,7,-19
2752,0,6,-31
2753,0,13,-268
2754,0,13,-37
2755,0,13,-173
2756,0,6,-94
2757,0,6,-156
2758,0,7,-96
2759,0,6,-141
2760,0,7,-59
2761,0,10,-120
2762,0,7,-96
2763,0,7,-161
2764,0,4,-63
2765,0,7,-100
2766,0,5,-95
2767,0,6,-102
2768,0,6,-88
2769,0,60,-626
2770,0,6,-94
2771,0,6,-96
2772,0,14,-119
2773,0,7,-117
2774,0,9,-165
2775,0,6,-130
2776,0,9,-100
2777,0,7,-102
2778,0,6,-54
2779,0,7,-38
2780,0,6,-104
2781,0,7,-98
2782,0,6,-153
2783,0,24,-193
2784,0,6,-45
2785,0,6,-128
2786,0,9,-85
2787,0,5,-156
2788,0,7,-121
2789,0,8,-118
2790,0,9,-117
2791,0,7,-153
2792,0,6,-142
2793,0,6,-106
2794,0,6,-160
2795,0,9,-109
2796,0,6,-92
2797,0,7,-57
2798,0,8,-61
2799,0,7,-167
2800,0,6,-164
2801,0,9,-162
2802,0,6,-97
2803,0,8,-130
2804,0,6,-58
2805,0,8,-102
2806,0,6,-142
2807,0,6,-160
2808,0,6,-160
2809,0,6,-95
2810,0,8,-165
2811,0,7,-186
2812,0,18,-255
2813,0,6,-118
2814,0,7,-57
2815,0,13,-147
2816,0,6,-45
2817,0,6,-164
2818,0,7,-106
2819,0,6,-160
2820,0,6,-31
2821,0,6,-45
2822,0,6,-116
2823,0,4,-133
2824,0,6,-85
2825,0,16,-196
2826,0,6,-46
2827,0,5,-154
2828,0,6,-74
2829,0,6,-112
2830,0,6,-110
2831,0,6,-42
2832,0,6,-152
2833,0,9,-157
2834,0,6,-164
2835,0,6,-39
2836,0,7,-103
2837,0,40,-503
2838,0,6,-102
2839,0,8,-156
2840,0,6,-87
2841,0,6,-98
2842,0,8,-60
2843,0,6,-124
2844,0,6,-74
2845,0,6,-165
2846,0,6,-46
2847,0,8,-147
2848,0,7,-106
2849,0,7,-108
2850,0,11,-118
2851,0,5,-116
2852,0,6,-170
2853,0,6,-102
2854,0,7,-103
2855,0,6,-80
2856,0,8,-134
2857,0,5,-153
2858,1,46,-403
2859,0,9,-15
2860,0,7,-45
2861,0,18,-266
2862,0,7,-163
2863,0,8,-140
2864,0,6,-86
2865,0,16,-215
2866,0,6,-54
2867,0,6,-136
2868,0,6,-64
2869,0,6,-151
2870,0,8,-175
2871,0,7,-95
2872,0,9,-158
2873,0,6,-103
2874,0,8,-142
2875,0,8,-148
2876,0,7,-107
2877,0,13,-109
2878,0,6,-56
2879,0,16,-136
2880,0,7,-133
2881,0,7,-71
2882,0,7,-175
2883,0,8,-83
2884,0,6,-37
2885,0,6,-137
2886,0,6,-126
2887,0,9,-59
2888,0,6,-102
2889,0,6,4
2890,0,13,-177
2891,0,6,-37
2892,0,6,-95
2893,0,6,1
2894,0,7,-163
2895,0,18,-269
2896,0,6,-104
2897,0,6,-94
2898,0,8,-146
2899,0,6,-172
2900,0,6,-104
2901,0,5,-135
2902,0,6,-76
2903,0,19,-102
2904,0,6,-144
2905,0,4,-15
2906,0,4,-123
2907,0,25,-241
2908,0,8,-86
2909,0,8,-92
2910,0,23,-230
2911,0,6,-51
2912,0,6,-3
2913,0,5,-161
2914,0,8,-83
2915,0,8,-182
2916,0,4,-125
2917,0,8,-116
2918,0,14,-281
2919,0,8,-96
2920,0,6,-54
2921,0,14,-292
2922,0,7,-146
2923,0,7,-125
2924,0,6,-87
2925,1,30,-219
2926,0,12,-114
2927,0,6,-152
2928,0,7,-167
2929,0,7,-105
2930,0,7,-115
2931,0,6,-144
2932,0,4,27
2933,0,7,-183
2934,0,6,-160
2935,0,22,-140
2936,0,6,-95
2937,0,8,-159
2938,0,14,-130
2939,0,7,-55
2940,0,7,-35
2941,0,6,-43
2942,0,10,-178
2943,0,7,-58
2944,0,6,-95
2945,0,7,-113
2946,0,6,-164
2947,0,10,-176
2948,0,6,-162
2949,0,6,-79
2950,0,13,-156
2951,0,8,-157
2952,0,6,-144
2953,0,6,-92
2954,0,7,-5
2955,0,6,-165
2956,0,7,-121
2957,0,5,-142
2958,0,7,-139
2959,0,5,-148
2960,0,7,-115
2961,0,6,-144
2962,0,6,-164
2963,0,8,-166
2964,0,4,-64
2965,0,5,-116
2966,0,6,-145
2967,0,22,-212
2968,0,7,-83
2969,0,7,-45
2970,0,4,-17
2971,0,7,-167
2972,0,8,-125
2973,0,9,-167
2974,0,6,-156
2975,0,7,-153
2976,0,8,-157
2977,0,6,-18
2978,0,13,-228
2979,0,6,-172
2980,0,6,-142
2981,0,6,-78
2982,0,8,-114
2983,0,6,-110
2984,0,6,-54
2985,0,7,-97
2986,0,7,-114
2987,0,6,-62
2988,0,6,-95
2989,0,7,-135
2990,0,6,-104
2991,0,10,-145
2992,0,8,-72
2993,0,6,-144
2994,0,6,-37
2995,0,9,-175
2996,0,7,-42
2997,0,6,-131
2998,0,6,20
2999,0,7,-183
3000,0,8,-108
3001,0,6,-152
3002,0,6,-102
3003,0,14,-140
3004,0,4,-125
3005,0,7,-57
3006,0,8,-90
3007,0,6,-54
3008,0,6,-152
3009,0,6,-104
3010,0,5,-53
3011,0,7,-155
3012,0,4,-69
3013,0,6,-152
3014,0,6,-62
3015,0,6,-23
3016,0,7,-113
3017,0,6,-144
3018,0,7,-97
3019,0,5,-58
3020,0,6,-170
3021,0,10,-162
3022,0,6,-153
3023,0,6,-55
3024,0,6,-162
3025,0,9,-167
3026,0,12,-186
3027,0,7,-46
3028,0,7,-102
3029,0,6,-160
3030,0,6,-45
3031,0,8,-74
3032,0,27,-362
3033,0,7,-155
3034,0,7,-25
3035,0,13,-167
3036,0,14,-68
3037,0,8,-174
3038,0,6,-95
3039,0,6,-78
3040,0,6,-103
3041,0,5,-56
3042,0,7,-101
3043,0,7,-95
3044,0,6,-87
3045,0,6,-160
3046,0,6,-54
3047,0,6,-95
3048,0,6,-112
3049,0,7,-145
3050,0,18,-214
3051,0,6,-144
3052,0,7,-161
3053,0,5,-164
3054,0,7,-147
3055,0,14,-123
3056,0,14,-22
3057,0,7,-6
3058,0,6,-2
3059,0,5,-2
3060,0,5,-161
3061,0,6,-47
3062,0,7,-105
3063,0,6,4
3064,0,7,-52
3065,0,4,-59
3066,0,6,-37
3067,0,7,9
3068,0,6,-86
3069,0,9,-105
3070,0,6,-87
3071,0,6,-58
3072,0,12,-126
3073,0,8,-158
3074,0,6,-45
3075,0,4,-109
3076,0,4,-120
3077,0,6,-87
3078,0,6,-102
3079,0,6,-36
3080,0,14,-191
3081,0,6,-102
3082,0,6,-110
3083,0,8,-125
3084,0,7,-97
3085,0,7,-163
3086,0,6,-94
3087,0,6,-144
3088,0,6,-103
3089,0,6,-142
3090,0,6,-110
3091,0,8,-155
3092,0,6,-110
3093,0,6,-47
3094,0,8,-142
3095,0,4,-65
3096,0,8,-109
3097,0,6,-160
3098,0,7,-98
3099,0,14,-158
3100,0,6,-46
3101,0,7,-48
3102,0,6,-137
3103,0,6,13
3104,0,6,-172
3105,0,7,-95
3106,0,7,-163
3107,0,8,-18
3108,0,8,-104
3109,0,7,1
3110,0,8,-155
3111,0,7,-82
3112,0,9,-126
3113,0,6,-31
3114,0,7,-114
3115,0,8,-125
3116,0,7,-37
3117,0,9,-110
3118,0,6,-23
3119,0,4,-120
3120,0,6,-107
3121,0,7,-164
3122,0,7,-52
3123,0,6,-145
3124,0,6,-160
3125,0,7,-47
3126,0,5,-143
3127,0,6,11
3128,0,10,-114
3129,0,6,-91
3130,0,7,-113
3131,0,12,-148
3132,0,7,-163
3133,0,6,-142
3134,0,7,-114
3135,0,4,-17
3136,1,23,-175
3137,0,6,-102
3138,0,12,-134
3139,0,8,-156
3140,0,6,-103
3141,0,8,-172
3142,0,6,-37
3143,0,13,-39
3144,0,6,-54
3145,0,9,-68
3146,0,6,-104
3147,0,7,-131
3148,0,14,-197
3149,0,6,-31
3150,0,6,-100
3151,0,8,-97
3152,0,8,-63
3153,0,6,-28
3154,0,6,-144
3155,0,6,-136
3156,0,6,-110
3157,0,6,-87
3158,0,8,-178
3159,0,7,1
3160,0,6,-76
3161,0,6,-140
3162,0,6,-110
3163,0,6,-95
3164,0,7,-42
3165,0,5,-109
3166,0,12,-132
3167,0,6,-29
3168,0,6,-114
3169,0,7,-148
3170,0,6,-54
3171,0,16,-136
3172,0,14,-32
3173,0,8,-136
3174,0,10,-110
3175,0,6,-53
3176,0,13,-52
3177,0,4,-75
3178,0,7,-87
3179,0,8,-2
3180,0,16,-218
3181,0,6,-78
3182,0,6,-71
3183,0,7,-115
3184,0,6,-95
3185,0,7,-57
3186,0,8,-40
3187,0,6,-52
3188,0,6,-87
3189,0,7,-90
3190,0,6,-104
3191,0,6,-47
3192,0,7,-75
3193,0,6,-162
3194,0,7,-164
3195,0,6,-44
3196,0,4,-68
3197,0,6,-100
3198,0,7,-115
3199,0,7,-163
3200,0,6,-175
3201,0,22,-207
3202,0,9,-89
3203,0,6,-39
3204,0,5,-51
3205,0,6,-112
3206,0,7,-129
3207,0,6,-79
3208,0,9,-135
3209,0,6,-110
3210,0,7,-117
3211,0,6,-170
3212,0,5,-104
3213,0,7,-163
3214,0,5,-108
3215,0,6,-95
3216,0,8,-167
3217,0,6,-58
3218,0,6,-54
3219,0,6,-46
3220,0,6,-97
3221,0,6,-100
3222,0,6,-34
3223,0,6,-54
3224,0,6,-37
3225,0,6,-175
3226,0,6,-68
3227,0,8,-98
3228,0,7,-98
3229,0,7,-123
3230,0,4,-128
3231,0,6,-145
3232,0,7,-27
3233,0,7,-146
3234,0,7,-73
3235,0,7,-163
3236,0,6,-160
3237,0,9,-125
3238,0,7,-46
3239,0,6,-56
3240,0,6,-54
3241,0,14,-253
3242,0,6,-4
3243,0,6,-114
3244,0,6,-126
3245,0,6,-36
3246,0,6,-78
3247,0,6,-122
3248,0,10,-120
3249,0,8,-139
3250,0,11,-50
3251,0,6,-47
3252,0,9,-60
3253,0,6,-94
3254,0,6,-38
3255,0,23,-177
3256,0,6,-162
3257,0,6,-103
3258,0,7,-113
3259,0,6,-87
3260,0,6,-87
3261,0,52,-665
3262,0,4,-118
3263,0,5,-2
3264,0,6,-78
3265,0,6,-72
3266,0,4,-100
3267,0,6,-145
3268,0,7,-23
3269,0,6,-114
3270,0,5,-63
3271,0,6,-152
3272,0,6,-172
3273,0,4,-59
3274,0,6,-153
3275,0,6,-110
3276,0,6,-160
3277,0,6,-76
3278,0,8,-147
3279,0,8,-124
3280,0,7,-167
3281,0,13,-144
3282,0,6,-136
3283,0,6,-112
3284,0,6,-95
3285,0,14,-83
3286,0,8,-178
3287,0,13,-158
3288,0,8,-103
3289,0,6,-112
3290,0,6,-110
3291,0,5,-109
3292,0,7,-121
3293,0,6,-102
3294,0,6,-56
3295,0,6,-66
3296,0,6,-112
3297,0,21,-147
3298,0,6,-180
3299,0,6,-95
3300,0,6,-102
3301,0,6,-145
3302,0,6,-110
3303,0,10,-104
3304,0,8,-165
3305,0,6,-44
3306,0,6,-104
3307,0,6,-95
3308,0,7,-55
3309,0,5,-55
3310,0,5,-55
3311,0,6,-102
3312,0,6,-164
3313,0,6,-124
3314,0,7,-5
3315,0,7,-121
3316,0,4,-25
3317,0,6,-40
3318,0,9,-109
3319,0,9,-121
3320,0,8,-174
3321,0,6,-152
3322,0,6,-103
3323,0,7,-65
3324,0,9,-99
3325,0,6,-144
3326,0,6,-103
3327,0,6,-31
3328,0,5,-156
3329,0,10,-200
3330,0,6,-6
3331,0,6,-172
3332,0,13,-232
3333,0,6,-175
3334,0,6,-164
3335,0,6,-131
3336,0,5,-53
3337,0,4,-70
3338,0,7,-52
3339,0,6,-47
3340,0,7,-105
3341,0,7,-48
3342,0,6,-68
3343,0,6,-145
3344,0,6,-137
3345,0,8,-111
3346,0,4,-64
3347,0,6,-95
3348,0,4,-102
3349,0,6,-102
3350,0,7,-106
3351,0,6,-84
3352,0,7,-124
3353,0,6,-160
3354,0,8,-108
3355,0,42,-445
3356,0,8,-115
3357,0,6,-144
3358,0,7,-167
3359,0,4,-17
3360,0,6,-80
3361,0,8,-156
3362,0,7,-121
3363,0,6,-151
3364,0,6,-78
3365,0,18,-143
3366,0,6,-102
3367,0,8,-130
3368,0,6,-78
3369,0,12,-134
3370,0,6,-129
3371,0,6,-129
3372,0,9,-54
3373,0,6,-120
3374,0,13,-186
3375,0,33,-194
3376,0,6,-86
3377,0,10,-30
3378,0,6,-13
3379,0,5,-51
3380,0,7,-45
3381,0,6,-144
3382,0,6,-160
3383,0,7,-48
3384,0,7,-98
3385,0,8,-45
3386,0,6,-110
3387,0,6,-144
3388,0,6,-132
3389,0,6,-46
3390,0,5,-145
3391,0,9,-145
3392,0,6,-52
3393,0,8,-26
3394,0,6,-92
3395,0,6,-156
3396,0,6,-100
3397,0,6,43
3398,0,6,-53
3399,0,6,-6
3400,0,6,-112
3401,0,7,-114
3402,0,6,-84
3403,0,113,-1286
3404,0,44,-443
3405,0,9,-58
3406,0,7,-155
3407,0,6,-39
3408,0,6,-103
3409,0,13,-145
3410,0,6,-180
3411,0,6,-100
3412,2,71,-566
3413,0,6,-95
3414,0,6,-92
3415,0,6,-102
3416,0,6,-122
3417,0,6,-120
3418,0,8,-98
3419,0,7,-165
3420,0,6,-112
3421,0,4,-22
3422,0,7,-69
3423,0,7,-115
3424,0,6,-24
3425,0,6,-145
3426,0,14,-176
3427,0,6,-137
3428,0,8,-172
3429,0,6,-95
3430,0,6,-94
3431,0,13,-220
3432,0,8,-186
3433,0,7,-121
3434,0,6,-136
3435,0,8,-111
3436,0,8,-86
3437,0,6,-94
3438,0,6,-21
3439,0,9,-59
3440,0,8,-89
3441,0,6,-145
3442,0,6,-102
3443,0,6,-56
3444,0,6,-103
3445,0,6,-110
3446,0,7,-100
3447,0,6,-54
3448,0,8,-166
3449,0,6,-103
3450,0,5,-56
3451,0,6,-145
3452,0,15,-143
3453,0,7,-57
3454,0,8,-159
3455,0,7,-121
3456,0,6,-95
3457,0,6,-84
3458,0,6,-79
3459,0,6,-37
3460,0,4,-65
3461,0,5,-118
3462,0,6,-87
3463,0,4,-67
3464,0,4,-115
3465,0,8,-44
3466,0,6,-110
3467,0,8,-109
3468,0,7,-91
3469,0,6,-37
3470,0,6,-172
3471,0,23,-281
3472,0,5,36
3473,0,7,-105
3474,0,8,-116
3475,0,4,-133
3476,0,6,-102
3477,0,5,-156
3478,0,7,-138
3479,0,7,-89
3480,0,6,-79
3481,0,14,-261
3482,0,7,-126
3483,0,13,-131
3484,0,7,-159
3485,0,6,-27
3486,0,9,-126
3487,0,8,-29
3488,0,6,-86
3489,0,6,-137
3490,0,6,-54
3491,0,6,-71
3492,0,6,-53
3493,0,6,-110
3494,0,6,-170
3495,0,7,-89
3496,0,15,-135
3497,0,6,-135
3498,0,13,-174
3499,0,7,-183
3500,0,17,-181
3501,0,6,-116
3502,0,6,-124
3503,0,7,-156
3504,0,6,-101
3505,0,6,-167
3506,0,7,-146
3507,0,14,-243
3508,0,5,-61
3509,0,6,-145
3510,0,14,-172
3511,0,6,-95
3512,0,7,-104
3513,0,6,-96
3514,0,6,-106
3515,0,7,-163
3516,0,7,-97
3517,0,7,-137
3518,0,5,-114
3519,0,6,18
3520,0,6,-110
3521,0,7,-65
3522,0,6,-102
3523,0,6,-23
3524,0,10,-113
3525,0,7,-113
3526,0,6,-103
3527,0,6,-84
3528,0,6,-152
3529,0,24,-194
3530,0,6,-172
3531,0,4,-65
3532,0,8,-86
3533,0,6,-172
3534,0,6,-172
3535,0,12,-116
3536,0,13,-179
3537,0,6,-132
3538,0,12,-190
3539,0,6,-74
3540,0,7,-82
3541,0,7,-123
3542,0,14,-141
3543,0,6,-110
3544,0,6,-103
3545,0,6,-153
3546,0,16,-123
3547,0,9,-73
3548,0,6,-61
3549,0,24,-321
3550,0,7,-154
3551,0,6,-14
3552,0,6,-91
3553,0,6,-39
3554,0,6,23
3555,0,6,-103
3556,0,6,-86
3557,0,6,-110
3558,0,5,-154
3559,0,6,-19
3560,0,7,-167
3561,0,7,-111
3562,0,4,-62
3563,0,6,-54
3564,0,9,-187
3565,0,6,-144
3566,0,6,-172
3567,0,6,-89
3568,0,7,-145
3569,0,6,-156
3570,0,15,-162
3571,0,6,-152
3572,0,6,-160
3573,0,8,-149
3574,0,7,-75
3575,0,6,-160
3576,0,14,-198
3577,0,7,-146
3578,0,6,-86
3579,0,6,-144
3580,0,7,-119
3581,0,6,-43
3582,0,6,-47
3583,0,6,-97
3584,0,6,-160
3585,0,14,-205
3586,0,6,-94
3587,0,8,-126
3588,0,7,-155
3589,0,5,-53
3590,0,6,-152
3591,0,31,-419
3592,0,6,-105
3593,0,6,-86
3594,0,6,-164
3595,0,4,-20
3596,0,7,-57
3597,0,6,-153
3598,0,7,-90
3599,0,14,-117
3600,0,6,-87
3601,0,8,-68
3602,0,4,20
3603,0,8,-144
3604,0,6,-181
3605,0,6,-79
3606,0,7,-103
3607,0,7,-171
3608,0,6,-84
3609,0,7,-4
3610,0,6,-145
3611,0,7,-87
3612,0,16,-105
3613,0,6,-10
3614,0,6,-60
3615,0,6,-94
3616,0,14,-104
3617,0,8,-170
3618,0,6,-180
3619,0,7,-167
3620,0,6,-103
3621,0,6,-78
3622,0,6,-52
3623,0,6,-170
3624,0,7,-105
3625,0,7,-183
3626,0,7,-154
3627,0,6,-110
3628,0,6,-92
3629,0,9,-149
3630,0,6,-97
3631,0,7,-67
3632,0,15,-173
3633,0,6,-160
3634,0,5,-111
3635,0,6,-172
3636,0,18,-143
3637,0,6,-160
3638,0,10,-63
3639,0,6,-93
3640,0,6,-164
3641,0,12,-172
3642,0,4,32
3643,0,6,-134
3644,0,6,-164
3645,0,6,-152
3646,0,5,-161
3647,0,7,-171
3648,0,6,-160
3649,0,8,-110
3650,0,6,-92
3651,0,6,-87
3652,0,6,-104
3653,0,6,-102
3654,0,7,-171
3655,0,6,-31
3656,0,6,-86
3657,0,5,-6
3658,0,6,-103
3659,0,7,-175
3660,0,6,-32
3661,0,75,-887
3662,0,6,-19
3663,0,15,-200
3664,0,6,-160
3665,0,7,-183
3666,0,6,-71
3667,0,6,-29
3668,0,7,-111
3669,0,26,-246
3670,0,6,-73
3671,0,7,-125
3672,0,7,-71
3673,0,6,-160
3674,0,6,-172
3675,0,6,-86
3676,0,6,-54
3677,0,9,-177
3678,0,20,-204
3679,0,6,-137
3680,0,6,-152
3681,0,6,-114
3682,0,4,-70
3683,0,10,-84
3684,0,5,-114
3685,0,6,-103
3686,0,6,-145
3687,0,6,-104
3688,0,6,20
3689,0,7,-111
3690,0,6,-145
3691,0,7,-33
3692,0,4,-107
3693,0,6,-32
3694,0,5,-116
3695,0,7,-146
3696,0,13,-205
3697,0,6,-45
3698,0,7,-167
3699,0,7,-163
3700,0,14,-171
3701,0,6,-3
3702,0,10,-170
3703,0,6,-95
3704,0,6,-110
3705,0,7,-114
3706,0,6,-137
3707,0,6,-144
3708,0,6,-134
3709,0,6,-22
3710,0,6,-87
3711,0,6,-161
3712,0,6,-93
3713,0,6,-88
3714,0,6,-87
3715,0,6,-129
3716,0,13,-104
3717,0,10,-132
3718,0,7,-161
3719,0,15,-247
3720,0,7,-163
3721,0,6,-103
3722,0,7,-103
3723,0,6,-92
3724,0,7,-167
3725,0,6,-54
3726,0,8,-172
3727,0,6,-126
3728,0,7,-7
3729,0,6,-106
3730,0,6,-54
3731,0,17,-332
3732,0,14,-153
3733,0,6,-51
3734,0,8,-118
3735,0,6,-92
3736,0,6,-165
3737,0,6,-132
3738,0,9,-150
3739,0,8,-174
3740,0,6,-165
3741,0,6,-4
3742,0,6,-160
3743,0,8,-102
3744,0,6,-95
3745,0,7,-42
3746,0,6,-92
3747,0,6,-94
3748,0,7,-6
3749,0,7,-156
3750,0,7,-175
3751,0,6,-106
3752,0,6,-66
3753,0,8,-192
3754,0,5,-161
3755,1,17,-156
3756,0,6,-104
3757,0,13,-36
3758,0,6,-86
3759,0,9,-167
3760,0,6,-71
3761,0,6,-133
3762,0,6,-99
3763,0,6,-78
3764,0,6,-114
3765,0,7,-45
3766,0,7,-156
3767,0,7,-156
3768,0,6,-112
3769,0,7,-105
3770,0,8,-165
3771,0,6,-102
3772,0,6,-110
3773,0,6,-164
3774,0,6,-35
3775,0,7,-162
3776,0,6,-124
3777,0,7,-106
3778,0,6,-102
3779,0,6,-164
3780,0,6,12
3781,0,6,-160
3782,0,6,-153
3783,0,6,-94
3784,0,6,-82
3785,0,6,-136
3786,0,7,-66
3787,0,15,-240
3788,0,6,-100
3789,0,14,-190
3790,0,4,-35
3791,0,8,-107
3792,0,8,-115
3793,0,7,-146
3794,0,6,-164
3795,0,7,-191
3796,0,7,1
3797,0,6,-92
3798,0,6,-172
3799,0,13,-113
3800,0,10,-152
3801,0,4,-63
3802,0,6,-103
3803,0,6,-77
3804,0,13,-66
3805,0,8,-174
3806,0,6,-36
3807,0,6,-144
3808,0,7,-45
3809,0,6,-54
3810,0,6,-94
3811,0,7,-147
3812,0,6,-172
3813,0,6,-103
3814,0,6,-112
3815,0,6,-144
3816,0,8,-118
3817,0,6,-101
3818,0,4,-27
3819,0,6,-153
3820,0,7,-153
3821,0,4,-112
3822,0,6,-152
3823,0,6,-54
3824,0,13,-99
3825,0,7,-132
3826,0,8,-120
3827,0,6,-102
3828,0,6,-3
3829,0,7,-147
3830,0,7,-65
3831,0,6,-152
3832,0,6,-36
3833,0,6,-136
3834,0,6,-31
3835,0,6,-142
3836,0,6,-172
3837,0,6,-97
3838,0,7,-75
3839,0,6,-94
3840,0,7,4
3841,0,7,-156
3842,0,8,-182
3843,0,6,-153
3844,0,7,-151
3845,0,16,-118
3846,0,6,-94
3847,0,6,-145
3848,0,6,-36
3849,0,7,-24
3850,0,8,-38
3851,0,7,-79
3852,0,6,-103
3853,0,8,-158
3854,0,8,-178
3855,0,6,-86
3856,0,6,-36
3857,0,7,-83
3858,0,6,-144
3859,0,7,-146
3860,0,6,-86
3861,0,6,-114
3862,0,5,-161
3863,0,8,-22
3864,0,6,-72
3865,0,6,-79
3866,0,6,-37
3867,0,21,-248
3868,0,6,-102
3869,0,6,-110
3870,0,4,-17
3871,0,6,-153
3872,0,6,-37
3873,0,13,-195
3874,0,11,-65
3875,0,7,-106
3876,0,6,-44
3877,0,6,-105
3878,0,13,-52
3879,0,6,-146
3880,0,7,-53
3881,0,6,-29
3882,0,6,-21
3883,0,5,-63
3884,0,6,-71
3885,0,7,-103
3886,0,7,-114
3887,0,8,-186
3888,0,6,-121
3889,0,9,-11
3890,0,15,-161
3891,0,22,-290
3892,0,7,-128
3893,0,6,-110
3894,0,6,-105
3895,0,7,-55
3896,0,10,-122
3897,0,6,-95
3898,0,7,-15
3899,0,6,9
3900,0,6,-4
3901,0,10,-34
3902,0,6,-103
3903,0,8,-168
3904,0,7,-147
3905,0,10,-16
3906,0,7,-171
3907,0,6,-164
3908,0,6,-104
3909,0,8,-58
3910,0,9,-41
3911,0,6,-85
3912,0,4,-77
3913,0,7,-147
3914,0,6,-150
3915,0,6,-170
3916,0,6,-76
3917,0,6,-94
3918,0,6,-100
3919,0,7,-7
3920,0,16,-242
3921,0,16,-109
3922,0,17,-152
3923,0,8,-111
3924,0,7,-103
3925,0,7,-181
3926,0,16,-144
3927,0,15,-233
3928,0,7,-163
3929,0,13,-241
3930,0,6,-88
3931,0,6,-152
3932,0,7,-147
3933,0,6,-95
3934,0,17,-242
3935,0,13,-43
3936,0,6,-105
3937,0,7,-167
3938,0,6,-39
3939,0,22,-86
3940,0,9,-60
3941,0,6,-39
3942,0,6,-104
3943,0,6,-95
3944,0,6,-71
3945,0,8,-166
3946,0,6,-81
3947,0,6,-95
3948,0,6,38
3949,0,6,-51
3950,0,10,-200
3951,0,6,-98
3952,0,8,-125
3953,0,6,-51
3954,0,6,-190
3955,0,11,-87
3956,0,7,-147
3957,0,4,-62
3958,0,13,-165
3959,0,6,-23
3960,0,6,-104
3961,0,6,-153
3962,0,6,-111
3963,0,8,-159
3964,0,7,-99
3965,0,9,-135
3966,0,6,-88
3967,0,6,-92
3968,0,6,-43
3969,0,7,-100
3970,0,14,-236
3971,0,7,-73
3972,0,6,-103
3973,0,6,-23
3974,0,8,-84
3975,0,7,-163
3976,0,6,-153
3977,0,6,-124
3978,0,7,-7
3979,0,15,-183
3980,0,13,-238
3981,0,6,-160
3982,0,7,-46
3983,0,6,-52
3984,0,6,-24
3985,0,7,-146
3986,0,6,-94
3987,0,6,-95
3988,0,13,-174
3989,0,7,-58
3990,0,6,-160
3991,0,8,-176
3992,0,6,-127
3993,0,4,-25
3994,0,7,-104
3995,0,6,5
3996,0,6,-95
3997,0,6,-141
3998,0,6,-160
3999,0,50,-631
4000,0,6,-95
4001,0,7,-39
4002,0,6,-86
4003,0,6,-23
4004,0,8,-144
4005,0,6,-78
4006,0,5,-116
4007,0,6,-62
4008,0,6,-72
4009,0,6,-103
4010,0,9,-168
4011,0,6,-79
4012,0,7,-121
4013,0,5,-101
4014,0,6,-172
4015,0,6,-104
4016,0,7,-154
4017,0,7,-147
4018,0,7,-165
4019,0,22,-267
4020,0,8,-115
4021,0,4,23
4022,0,6,-76
4023,0,6,-105
4024,0,7,-52
4025,0,6,-95
4026,0,7,-161
4027,0,7,-132
4028,0,13,-103
4029,0,6,-79
4030,0,6,-102
4031,0,6,-63
4032,0,6,-136
4033,0,6,-103
4034,0,6,-68
4035,0,6,-144
4036,0,20,-92
4037,0,13,-192
4038,0,6,-86
4039,0,6,-156
4040,0,6,-47
4041,0,10,-90
4042,0,8,-155
4043,0,14,-118
4044,0,6,-102
4045,0,6,-167
4046,0,5,-162
4047,0,6,-37
4048,0,6,-152
4049,0,7,-67
4050,0,4,-17
4051,0,6,-144
4052,0,6,-62
4053,0,6,-54
4054,0,8,-118
4055,0,6,-47
4056,0,7,24
4057,0,13,-115
4058,0,6,-160
4059,0,22,-323
4060,0,6,-103
4061,0,7,-167
4062,0,6,-164
4063,0,8,-173
4064,0,7,-27
4065,0,6,12
4066,0,6,-103
4067,0,7,-62
4068,0,6,-115
4069,0,6,-18
4070,0,6,-175
4071,0,6,-36
4072,0,6,-154
4073,0,6,-152
4074,0,6,-150
4075,0,7,-106
4076,0,6,-129
4077,0,13,-4
4078,0,7,-163
4079,0,7,-45
4080,0,7,-46
4081,0,6,-29
4082,0,8,-78
4083,0,6,-138
4084,0,7,-144
4085,0,8,-105
4086,0,8,-16
4087,0,6,-23
4088,0,6,-145
4089,0,6,-37
4090,0,8,-117
4091,0,31,-413
4092,0,6,-52
4093,0,6,-145
4094,0,6,-170
4095,0,6,-160
4096,0,6,-124
4097,0,6,-89
4098,0,6,-159
4099,0,8,-108
4100,0,7,-156
4101,0,6,-162
4102,0,6,-95
4103,0,6,-110
4104,0,4,-109
4105,0,6,-160
4106,0,7,-155
4107,0,6,-152
4108,0,6,-170
4109,0,6,-71
4110,0,6,-110
4111,0,7,-107
4112,0,6,-91
4113,0,6,-144
4114,0,23,-296
4115,0,6,-84
4116,0,6,-94
4117,0,8,-46
4118,0,7,-40
4119,0,6,-92
4120,0,6,-172
4121,0,6,-31
4122,0,6,-136
4123,0,6,-84
4124,0,7,-156
4125,0,6,6
4126,0,9,-149
4127,0,9,-149
4128,0,6,-36
4129,0,13,-276
4130,0,7,-107
4131,0,6,-103
4132,0,6,-32
4133,0,6,-62
4134,0,9,-67
4135,0,6,-102
4136,0,6,-95
4137,0,6,-137
4138,0,6,-153
4139,0,9,-167
4140,0,6,-131
4141,0,16,-184
4142,0,6,-38
4143,0,9,-150
4144,0,6,-84
4145,0,7,-128
4146,0,4,-138
4147,0,6,-43
4148,0,6,-122
4149,0,14,-115
4150,0,6,-164
4151,0,7,-155
4152,0,6,-110
4153,0,15,-154
4154,0,7,-153
4155,0,6,-44
4156,0,6,-23
4157,0,6,21
4158,0,6,-39
4159,0,6,-103
4160,0,7,-135
4161,0,6,-90
4162,0,6,-164
4163,0,6,-93
4164,0,7,-125
4165,0,6,-136
4166,0,7,-121
4167,0,7,-140
4168,0,4,-126
4169,0,6,-103
4170,0,8,-128
4171,0,13,-225
4172,0,6,-36
4173,0,14,-110
4174,0,5,-161
4175,0,27,-127
4176,0,20,-178
4177,0,15,-270
4178,0,6,-16
4179,0,6,-30
4180,0,21,-257
4181,0,19,-215
4182,0,7,-165
4183,0,6,-145
4184,0,14,-148
4185,0,6,-94
4186,0,13,-134
4187,0,6,-172
4188,0,6,-164
4189,0,7,-111
4190,0,6,-46
4191,0,6,-144
4192,0,17,-338
4193,0,7,-83
4194,0,6,-152
4195,0,6,-85
4196,0,5,-113
4197,0,6,-95
4198,0,7,-105
4199,0,7,-76
4200,0,6,-122
4201,0,22,-68
4202,0,6,-113
4203,0,7,-104
4204,0,6,-170
4205,0,7,-13
4206,0,6,-96
4207,0,7,-45
4208,0,9,-90
4209,0,7,-114
4210,0,7,-167
4211,0,6,-52
4212,0,4,28
4213,0,5,-56
4214,0,13,-278
4215,0,7,-175
4216,0,6,-3
4217,0,6,-52
4218,0,6,-91
4219,0,7,-133
4220,0,14,-144
4221,0,7,-42
4222,0,6,-46
4223,0,8,-114
4224,0,6,-152
4225,0,6,-145
4226,0,7,-151
4227,0,6,-44
4228,0,6,-95
4229,0,6,-102
4230,0,14,-162
4231,0,7,-167
4232,0,7,-102
4233,0,6,-106
4234,0,6,-54
4235,0,6,-102
4236,0,6,-104
4237,0,6,-153
4238,0,13,-124
4239,0,7,10
4240,0,7,-97
4241,0,7,-135
4242,0,5,-58
4243,0,7,-138
4244,0,6,3
4245,0,6,-137
4246,0,8,-58
4247,0,6,-38
4248,0,7,-30
4249,0,41,-606
4250,0,6,-88
4251,0,6,-39
4252,0,6,-45
4253,0,6,-77
4254,0,6,-102
4255,0,13,-158
4256,0,6,5
4257,0,6,-6
4258,0,7,-167
4259,0,5,-109
4260,0,16,-171
4261,0,8,-117
4262,0,7,-96
4263,0,6,-19
4264,0,6,11
4265,0,8,-55
4266,0,7,-137
4267,0,6,-113
4268,0,16,-98
4269,0,4,-68
4270,0,7,-154
4271,0,8,-31
4272,0,7,-43
4273,0,6,-92
4274,0,6,-47
4275,0,7,-20
4276,0,6,-145
4277,0,6,-84
4278,0,7,-148
4279,0,6,-106
4280,0,6,-110
4281,0,7,-105
4282,0,6,-76
4283,0,8,-166
4284,0,7,-122
4285,0,6,-108
4286,0,6,-105
4287,0,6,-160
4288,0,6,-160
4289,0,6,-51
4290,0,7,-167
4291,0,6,-94
4292,0,6,-54
4293,0,4,-62
4294,0,6,-160
4295,0,4,-65
4296,0,8,-132
4297,0,6,-51
4298,0,6,-84
4299,0,6,-94
4300,0,35,-419
4301,0,6,-137
4302,0,6,-144
4303,0,6,-47
4304,0,6,-144
4305,0,6,-128
4306,0,6,-151
4307,0,5,-145
4308,0,6,-95
4309,0,6,-34
4310,0,8,-10
4311,0,7,-71
4312,0,4,-102
4313,0,6,-170
4314,0,6,-124
4315,0,6,-129
4316,0,6,4
4317,0,6,-165
4318,0,6,-110
4319,0,8,-104
4320,0,5,-108
4321,0,7,-103
4322,0,6,-146
4323,0,7,-165
4324,0,14,-63
4325,0,7,-114
4326,0,7,-110
4327,0,6,-28
4328,0,7,-65
4329,0,7,-48
4330,0,7,-42
4331,0,6,-47
4332,0,6,-132
4333,0,21,-194
4334,0,6,-152
4335,0,7,-97
4336,0,5,-2
4337,0,6,-145
4338,0,6,-78
4339,0,6,-144
4340,0,6,-68
4341,0,6,-172
4342,0,6,-92
4343,0,6,-95
4344,0,6,-160
4345,0,6,-87
4346,0,6,-96
4347,0,6,-110
4348,0,6,-22
4349,0,7,-97
4350,0,6,-110
4351,0,6,-152
4352,0,7,-167
4353,0,6,-78
4354,0,6,-136
4355,0,30,-169
4356,0,6,-106
4357,0,6,-144
4358,0,6,-10
4359,0,7,-55
4360,0,7,-114
4361,0,8,-99
4362,0,6,-103
4363,0,8,-114
4364,0,8,-148
4365,0,6,-39
4366,0,7,-47
4367,0,6,-131
4368,0,8,-135
4369,0,6,-44
4370,0,10,-103
4371,0,6,-44
4372,0,8,-156
4373,0,6,-87
4374,0,7,-167
4375,0,7,-104
4376,0,7,-171
4377,0,8,-144
4378,0,6,-87
4379,0,6,-102
4380,0,6,-144
4381,0,6,-78
4382,0,7,-96
4383,0,6,-122
4384,0,6,-32
4385,0,7,-32
4386,0,9,-20
4387,0,7,-138
4388,0,7,-63
4389,0,6,-71
4390,0,6,3
4391,0,6,4
4392,0,6,-110
4393,0,4,-23
4394,0,6,-78
4395,0,6,-156
4396,0,6,-39
4397,0,6,3
4398,0,6,-105
4399,0,6,-23
4400,0,6,-79
4401,0,6,-110
4402,0,7,-38
4403,0,6,-81
4404,0,7,-115
4405,0,6,-108
4406,0,7,-173
4407,0,8,-18
4408,0,7,-59
4409,0,6,-54
4410,0,9,-173
4411,0,6,11
4412,0,6,-156
4413,0,7,-163
4414,0,7,-175
4415,0,8,-106
4416,0,5,-130
4417,0,6,-172
4418,0,6,-29
4419,0,6,-54
4420,0,7,-41
4421,0,6,-75
4422,0,6,-110
4423,0,6,-144
4424,0,98,-628
4425,0,6,-180
4426,0,8,0
4427,0,6,-152
4428,0,6,-103
4429,0,6,-131
4430,0,7,-53
4431,0,6,-150
4432,0,8,-49
4433,0,7,-120
4434,0,6,-153
4435,0,7,-138
4436,0,6,-164
4437,0,7,-55
4438,0,23,-349
4439,0,6,-88
4440,0,8,-147
4441,0,17,-183
4442,0,7,-113
4443,0,13,-178
4444,0,6,-79
4445,0,6,-84
4446,0,6,-106
4447,0,7,-87
4448,0,6,-160
4449,0,6,-43
4450,0,6,-100
4451,0,6,-87
4452,0,7,-114
4453,0,7,-93
4454,0,6,-108
4455,0,8,-154
4456,0,20,-322
4457,0,6,-110
4458,0,6,-170
4459,0,6,-110
4460,0,10,-122
4461,0,8,-115
4462,0,7,-59
4463,0,6,-21
4464,0,6,-62
4465,0,7,-49
4466,0,6,-129
4467,0,6,-46
4468,0,13,-179
4469,0,6,-95
4470,0,6,-145
4471,0,8,-124
4472,0,6,-16
4473,0,22,-424
4474,0,7,-156
4475,0,6,-92
4476,0,13,-99
4477,0,8,-164
4478,0,6,-52
4479,0,7,-175
4480,0,7,-127
4481,0,6,-103
4482,0,14,-93
4483,0,6,-122
4484,0,6,-160
4485,0,6,-180
4486,0,6,-71
4487,0,6,-29
4488,0,6,-134
4489,0,5,-156
4490,0,6,-94
4491,0,6,-144
4492,0,6,-86
4493,0,7,-153
4494,0,22,-258
4495,0,6,-165
4496,0,6,-39
4497,0,4,-133
4498,0,7,-99
4499,0,6,-95
4500,0,6,-160
4501,0,6,-180
4502,0,4,-107
4503,0,6,19
4504,0,14,-178
4505,0,27,-351
4506,0,4,33
4507,0,7,-155
4508,0,6,-124
4509,0,6,-110
4510,0,6,-164
4511,0,6,-137
4512,0,6,-78
4513,0,8,-56
4514,0,6,-95
4515,0,6,-160
4516,0,8,-149
4517,0,6,-103
4518,0,6,-103
4519,0,6,-145
4520,0,6,-86
4521,0,6,-92
4522,0,7,-91
4523,0,8,-117
4524,0,6,-151
4525,0,7,-6
4526,0,6,-95
4527,0,6,-58
4528,0,6,-110
4529,0,14,-259
4530,0,6,-22
4531,0,6,-180
4532,0,6,-47
4533,0,9,-127
4534,0,6,-142
4535,0,11,-155
4536,0,9,-159
4537,0,6,-87
4538,0,6,-156
4539,0,13,-170
4540,0,6,-128
4541,0,6,-92
4542,0,6,-32
4543,0,6,-36
4544,0,6,-3
4545,0,8,-182
4546,0,6,-36
4547,0,14,-170
4548,0,4,-133
4549,0,6,-86
4550,0,6,-142
4551,0,6,-144
4552,0,7,-106
4553,0,6,-78
4554,0,20,-276
4555,0,9,-89
4556,0,6,-137
4557,0,4,-125
4558,0,7,-113
4559,0,7,-38
4560,0,8,-148
4561,0,13,-21
4562,0,7,19
4563,0,6,-144
4564,0,6,-160
4565,0,7,-73
4566,0,6,-47
4567,0,6,-145
4568,0,6,-26
4569,0,7,-67
4570,0,6,-22
4571,0,6,-142
4572,0,7,-104
4573,0,7,-55
4574,0,13,-146
4575,0,6,-120
4576,0,6,-102
4577,0,6,-113
4578,0,6,-144
4579,0,14,-155
4580,0,6,-23
4581,0,6,-153
4582,0,6,-110
4583,0,4,25
4584,0,6,-103
4585,0,6,-66
4586,0,8,-65
4587,0,7,-111
4588,0,6,-26
4589,0,6,-152
4590,0,7,-121
4591,0,6,-37
4592,0,6,-112
4593,0,6,-102
4594,0,6,-102
4595,0,14,-154
4596,0,8,-112
4597,0,20,-294
4598,0,7,-106
4599,0,6,-24
4600,0,13,-130
4601,0,6,-110
4602,0,6,4
4603,0,13,-106
4604,0,7,-161
4605,0,6,12
4606,0,7,-65
4607,0,6,-110
4608,0,6,-172
4609,0,6,-152
4610,0,7,-114
4611,0,6,-110
4612,0,6,-108
4613,0,6,-92
4614,0,6,-95
4615,0,13,-177
4616,0,6,-31
4617,0,6,-137
4618,0,11,-181
4619,0,6,-39
4620,0,6,-76
4621,0,8,-18
4622,0,6,-23
4623,0,4,27
4624,0,10,-192
4625,0,6,-156
4626,0,6,-153
4627,0,32,-278
4628,0,6,-153
4629,0,6,-93
4630,0,7,-117
