1,1,20,-182
2,0,6,-317
3,5,49,-46
4,1,32,-353
5,1,16,-250
6,0,6,-248
7,0,13,-279
8,3,44,-319
9,3,25,-61
10,3,71,-489
11,1,21,-232
12,3,33,-252
13,0,71,-352
14,5,81,-216
15,0,6,-270
16,0,6,-194
17,0,7,-213
18,0,13,-200
19,1,22,-116
20,0,14,-138
21,0,14,-321
22,4,58,-218
23,4,39,-237
24,0,8,-268
25,0,8,-242
26,8,103,-116
27,0,14,-219
28,1,18,-231
29,1,65,-602
30,0,14,-200
31,17,194,-282
32,0,6,-317
33,0,15,-136
34,5,46,-96
35,1,24,-233
36,1,29,-244
37,2,54,-516
38,2,31,-36
39,2,18,-255
40,0,7,-211
41,4,65,-301
42,0,4,-277
43,3,55,-150
44,0,14,-222
45,6,72,-230
46,2,33,-87
47,1,31,-90
48,0,8,-303
49,4,62,-186
50,0,13,-315
51,1,26,-144
52,0,7,-225
53,0,6,-310
54,4,52,35
55,0,6,-317
56,0,6,-289
57,0,7,-165
58,0,6,-262
59,0,10,-312
60,0,14,-280
61,0,8,-266
62,1,18,-276
63,0,15,-233
64,4,79,-814
65,0,6,-311
66,0,12,-189
67,0,7,-263
68,0,15,-186
69,0,6,-204
70,1,30,-403
71,1,16,-282
72,0,6,-310
73,0,6,-224
74,0,6,-302
75,3,17,-137
76,0,15,-279
77,0,6,-302
78,0,14,-255
79,3,33,-230
80,0,6,-310
81,0,6,-303
82,1,23,-314
83,5,53,-210
84,2,42,-511
85,1,17,-163
86,0,16,-262
87,1,14,-171
88,6,57,-56
89,0,9,-229
90,3,82,-59
91,2,22,-27
92,8,115,103
93,0,15,-313
94,0,8,-321
95,0,15,-218
96,2,33,-135
97,0,15,-274
98,0,13,-201
99,0,26,-294
100,0,18,-220
101,2,40,-373
102,3,49,-375
103,13,129,245
104,0,6,-317
105,0,8,-321
106,2,36,-386
107,9,197,-554
108,2,35,-200
109,3,52,-233
110,0,4,-193
111,0,17,-216
112,8,101,-121
113,1,48,-298
114,2,34,-70
115,0,7,-190
116,0,34,-515
117,0,13,-220
118,14,199,37
119,0,17,-185
120,0,16,-284
121,0,8,-247
122,1,50,-198
123,0,6,-237
124,0,14,-324
125,0,4,-145
126,0,24,-345
127,1,59,-599
128,1,18,-253
129,4,34,-7
130,0,16,-320
131,2,33,-379
132,1,32,-243
133,0,13,-174
134,3,45,-66
135,1,29,-220
136,1,16,-242
137,0,6,-165
138,21,192,449
139,6,138,-451
140,0,9,-323
141,0,6,-213
142,6,72,-303
143,0,16,-191
144,5,42,76
145,0,8,-315
146,10,136,-687
147,2,35,-556
148,0,9,-265
149,0,6,-252
150,1,16,-226
151,2,43,-263
152,1,22,-159
153,2,33,-240
154,0,4,-287
155,2,53,-464
156,4,111,-738
157,14,164,-85
158,0,6,-225
159,9,90,-296
160,0,13,-338
161,1,24,-342
162,4,40,-128
163,4,77,-54
164,18,200,586
165,0,13,-261
166,9,111,169
167,2,30,-260
168,11,159,-381
169,0,8,-255
170,1,23,-270
171,0,7,-156
172,4,62,-2
173,0,7,-221
174,0,6,-151
175,0,6,-257
176,3,37,-329
177,7,74,29
178,0,6,-225
179,0,6,-311
180,3,90,-565
181,5,170,-1305
182,0,6,-304
183,0,6,-302
184,4,34,-323
185,1,25,-268
186,4,53,12
187,0,13,-204
188,3,39,-231
189,2,27,-212
190,1,19,-234
191,0,22,-153
192,6,82,-125
193,2,24,-86
194,1,20,-194
195,0,24,-282
196,0,6,-244
197,0,4,-182
198,0,8,-306
199,1,27,-178
200,0,6,-302
201,0,6,-302
202,0,28,-260
203,1,45,-168
204,1,16,-304
205,1,29,-324
206,2,16,-170
207,0,6,-204
208,22,200,633
209,1,26,-208
210,7,156,-878
211,9,141,-130
212,3,59,-122
213,0,22,-224
214,1,15,-164
215,0,6,-215
216,3,35,-324
217,0,6,-197
218,14,124,349
219,0,6,-309
220,2,44,-507
221,0,6,-215
222,6,104,-213
223,0,5,-183
224,0,14,-142
225,0,14,-306
226,0,13,-268
227,5,53,-245
228,2,42,-392
229,6,61,-85
230,2,20,-204
231,15,174,-60
232,2,33,-226
233,0,8,-225
234,0,28,-244
235,0,7,-263
236,10,111,125
237,3,26,-181
238,0,6,-261
239,11,152,50
240,0,10,-228
241,0,6,-196
242,0,13,-344
243,5,63,-187
244,0,6,-237
245,6,52,-46
246,2,31,-170
247,0,12,-330
248,6,46,-205
249,6,54,-27
250,0,4,-243
251,0,7,-211
252,0,56,-483
253,5,76,-297
254,9,108,-134
255,1,8,-136
256,0,6,-302
257,2,54,-738
258,6,54,67
259,0,8,-271
260,1,23,-182
261,0,15,-330
262,0,6,-215
263,3,64,-207
264,0,8,-312
265,2,25,-252
266,4,52,-108
267,5,58,-52
268,1,18,-164
269,9,103,-8
270,1,16,-267
271,0,6,-207
272,3,38,-363
273,1,32,-313
274,0,6,-270
275,0,11,-204
276,6,46,1
277,1,13,-139
278,0,14,-184
279,0,7,-305
280,5,57,-237
281,15,109,-271
282,0,8,-174
283,0,70,-518
284,0,9,-314
285,3,43,-159
286,18,179,-180
287,4,26,-37
288,2,23,-132
289,2,30,-233
290,8,125,-643
291,4,45,-296
292,2,52,-175
293,0,14,-208
294,1,17,-160
295,8,115,87
296,0,7,-211
297,5,85,-138
298,2,30,-263
299,0,7,-208
300,2,35,-143
301,0,6,-209
302,4,48,-35
303,21,200,514
304,0,6,-254
305,1,22,-83
306,3,78,-364
307,1,24,-314
308,5,102,-283
309,1,32,-416
310,0,9,-187
311,7,45,-89
312,0,13,-274
313,3,38,-248
314,0,6,-302
315,0,8,-314
316,0,7,-275
317,6,54,87
318,0,7,-239
319,1,15,-172
320,0,24,-265
321,0,6,-197
322,2,17,-122
323,0,6,-261
324,0,5,-316
325,0,10,-221
326,3,129,-509
327,2,72,-764
328,2,35,-275
329,0,7,-214
330,0,9,-268
331,5,53,-387
332,1,42,-464
333,1,112,-287
334,1,28,-481
335,3,97,-484
336,15,134,145
337,0,9,-257
338,2,41,6
339,6,200,-962
340,4,32,-102
341,9,200,-33
342,0,6,-294
343,3,54,-121
344,2,19,-227
345,16,200,171
346,5,30,-64
347,1,104,-797
348,1,18,-202
349,0,6,-249
350,5,37,-47
351,2,25,-291
352,1,25,-281
353,0,9,-203
354,2,33,-180
355,4,75,-101
356,2,54,-520
357,9,101,-377
358,0,6,-310
359,3,19,-52
360,1,93,-357
361,2,36,-269
362,20,200,403
363,0,6,-253
364,18,200,-286
365,0,16,-349
366,2,33,-140
367,0,9,-317
368,0,6,-225
369,4,64,-261
370,0,8,-306
371,16,200,-231
372,0,13,-152
373,2,8,-186
374,1,16,-76
375,4,51,-96
376,0,14,-303
377,10,75,12
378,3,29,-106
379,0,7,-261
380,1,23,-147
381,0,8,-306
382,0,28,-191
383,4,65,-371
384,0,6,-220
385,2,27,-153
386,3,22,-233
387,7,81,-78
388,3,45,-111
389,2,81,-445
390,6,64,-305
391,0,58,-350
392,7,70,-158
393,0,20,-219
394,2,25,-218
395,4,39,-137
396,6,68,-10
397,0,6,-162
398,0,8,-215
399,2,36,-85
400,3,34,-257
401,12,200,214
402,1,82,-243
403,3,19,-114
404,1,42,-579
405,0,4,-272
406,0,5,-171
407,0,7,-177
408,2,45,-387
409,3,38,-253
410,15,177,-136
411,3,36,-138
412,2,28,-149
413,0,5,-214
414,0,11,-229
415,0,6,-307
416,7,54,-114
417,7,80,-185
418,4,49,-178
419,17,197,-132
420,0,7,-213
421,0,7,-303
422,0,7,-257
423,0,7,-198
424,0,10,-252
425,0,14,-147
426,0,16,-191
427,1,25,-174
428,2,27,-18
429,3,47,-135
430,0,6,-262
431,24,200,795
432,0,7,-253
433,0,13,-214
434,23,177,392
435,0,8,-301
436,8,200,126
437,1,55,-215
438,1,20,-187
439,0,8,-207
440,0,18,-305
441,0,7,-328
442,4,92,-349
443,0,13,-138
444,0,13,-205
445,8,76,44
446,3,103,-499
447,0,18,-350
448,0,8,-161
449,1,23,-252
450,0,9,-314
451,0,4,-286
452,2,29,-210
453,0,24,-328
454,2,32,-171
455,1,36,-13
456,2,18,-263
457,2,68,-415
458,2,33,-124
459,0,9,-240
460,1,59,-288
461,2,46,-306
462,4,187,-808
463,15,134,-106
464,0,71,-352
465,1,37,-227
466,1,98,-457
467,0,10,-335
468,0,13,-296
469,0,7,-216
470,0,16,-297
471,4,81,-543
472,3,51,-396
473,0,6,-204
474,0,8,-272
475,0,45,-271
476,3,36,-273
477,0,8,-199
478,0,8,-224
479,0,6,-165
480,3,28,-122
481,2,100,-460
482,0,4,-175
483,10,65,166
484,3,31,-286
485,0,7,-218
486,0,6,-317
487,0,5,-311
488,3,25,-50
489,0,9,-267
490,3,34,-191
491,2,31,-219
492,3,21,-123
493,0,20,-261
494,5,103,-322
495,6,63,-181
496,1,16,-225
497,0,6,-194
498,1,17,-202
499,0,8,-314
500,0,6,-252
501,8,69,130
502,0,15,-174
503,2,23,-165
504,0,4,-180
505,0,9,-218
506,0,6,-255
507,0,6,-207
508,1,97,-830
509,5,200,-524
510,1,22,-232
511,1,22,-197
512,6,53,-127
513,2,29,-140
514,0,11,-195
515,0,22,-260
516,2,22,-282
517,1,13,-207
518,0,15,-243
519,2,77,-636
520,10,105,-164
521,1,16,-244
522,7,141,-909
523,3,30,-218
524,0,6,-203
525,3,33,-193
526,16,164,-340
527,12,200,59
528,0,6,-259
529,20,200,251
530,2,25,-316
531,13,135,37
532,2,31,-119
533,0,9,-317
534,3,42,-241
535,1,37,-343
536,1,30,-103
537,0,11,-166
538,2,24,-203
539,3,38,-196
540,0,62,-215
541,0,8,-197
542,3,31,-242
543,0,6,-144
544,0,7,-244
545,11,126,-501
546,15,200,-151
547,2,40,-237
548,2,34,-440
549,6,158,-433
550,1,26,-265
551,0,6,-232
552,2,31,-195
553,0,6,-302
554,0,6,-198
555,0,4,-238
556,15,142,114
557,0,8,-150
558,0,9,-350
559,2,23,-174
560,6,80,-45
561,0,6,-163
562,0,9,-217
563,3,29,-44
564,3,58,-287
565,0,15,-237
566,2,24,-134
567,3,40,-122
568,1,20,-131
569,5,82,-519
570,2,19,-287
571,0,23,-370
572,3,65,-199
573,6,62,-31
574,0,9,-160
575,2,30,-249
576,0,6,-302
577,0,6,-302
578,9,69,33
579,0,8,-177
580,5,40,-37
581,0,9,-245
582,0,26,-160
583,0,21,-250
584,0,11,-324
585,0,8,-312
586,0,13,-185
587,0,44,-514
588,0,10,-171
589,1,13,-173
590,2,29,-92
591,0,6,-255
592,1,23,-323
593,10,101,-270
594,8,122,-273
595,2,17,-211
596,0,7,-206
597,3,24,-128
598,1,13,-126
599,0,7,-281
600,20,140,273
601,12,125,-332
602,3,18,-225
603,1,30,-324
604,9,101,-35
605,10,95,-219
606,0,6,-309
607,0,10,-227
608,4,73,-246
609,0,18,-183
610,0,5,-214
611,0,8,-263
612,0,7,-321
613,0,6,-151
614,0,7,-213
615,8,83,-50
616,2,33,-122
617,0,6,-185
618,1,16,-109
619,9,105,-182
620,1,24,-143
621,12,200,29
622,1,58,-111
623,13,133,323
624,0,13,-386
625,0,6,-165
626,8,69,14
627,0,6,-239
628,0,17,-243
629,10,105,-422
630,0,6,-147
631,8,200,-1390
632,7,53,-101
633,0,6,-157
634,1,28,-206
635,0,9,-325
636,2,19,-149
637,0,6,-294
638,3,27,-54
639,0,7,-281
640,0,8,-203
641,0,6,-279
642,4,37,-78
643,0,14,-354
644,0,7,-305
645,0,20,-96
646,2,31,-131
647,0,8,-304
648,2,27,-132
649,0,9,-190
650,1,18,-269
651,1,37,-199
652,5,79,-351
653,1,19,-206
654,0,4,-229
655,0,21,-140
656,0,6,-309
657,0,8,-161
658,1,18,-234
659,0,6,-289
660,0,13,-236
661,0,102,-1079
662,2,38,-143
663,2,56,-519
664,4,42,19
665,1,33,-172
666,0,75,-494
667,12,82,-15
668,1,25,-391
669,0,10,-221
670,0,22,-339
671,0,15,-157
672,0,6,-230
673,0,6,-257
674,0,7,-213
675,2,24,-155
676,0,8,-312
677,2,30,-331
678,3,22,-98
679,9,183,-211
680,0,14,-293
681,7,46,-102
682,0,9,-269
683,6,122,-521
684,0,8,-304
685,10,146,-374
686,3,35,-115
687,9,95,65
688,0,8,-253
689,0,8,-203
690,2,28,-246
691,0,6,-311
692,1,40,-191
693,0,13,-185
694,0,7,-315
695,4,42,-382
696,14,200,-72
697,0,13,-354
698,1,27,-299
699,7,71,-169
700,4,47,-320
701,3,55,-175
702,0,6,-224
703,0,6,-151
704,2,37,-269
705,0,18,-245
706,3,31,-328
707,0,6,-317
708,11,88,-107
709,0,6,-165
710,3,62,-38
711,0,7,-231
712,0,19,-256
713,0,7,-219
714,6,75,-69
715,4,45,-315
716,8,106,-384
717,1,16,-138
718,0,9,-243
719,0,6,-207
720,1,25,-221
721,11,149,-353
722,2,29,-127
723,0,7,-216
724,0,6,-165
725,3,106,-450
726,8,52,-63
727,0,6,-241
728,1,21,-144
729,3,36,-124
730,3,18,-218
731,1,24,-123
732,8,104,-184
733,1,23,-195
734,3,51,-157
735,7,69,28
736,5,37,-124
737,0,6,-210
738,0,9,-250
739,0,6,-204
740,0,6,-201
741,0,8,-288
742,5,78,-116
743,0,6,-310
744,0,8,-178
745,0,9,-221
746,0,9,-217
747,1,23,-210
748,0,15,-290
749,1,23,-277
750,4,55,-153
751,14,150,35
752,2,21,-113
753,0,12,-200
754,0,6,-159
755,3,29,-102
756,18,147,-256
757,2,25,-178
758,0,7,-182
759,0,6,-310
760,8,109,-306
761,0,17,-266
762,3,25,-40
763,7,53,-38
764,0,6,-165
765,0,16,-391
766,0,6,-210
767,0,7,-256
768,0,16,-226
769,0,16,-315
770,0,6,-309
771,1,29,-246
772,1,32,-186
773,0,8,-304
774,0,17,-137
775,0,25,-137
776,0,14,-145
777,1,12,-310
778,0,7,-223
779,6,54,-329
780,3,66,-312
781,0,6,-144
782,0,14,-125
783,0,8,-148
784,1,18,-145
785,0,14,-379
786,1,88,-1164
787,0,34,-401
788,0,6,-213
789,0,6,-157
790,7,87,120
791,4,41,-272
792,0,8,-195
793,2,28,-206
794,4,37,-90
795,0,9,-323
796,1,20,-170
797,2,54,-252
798,2,24,-157
799,3,32,102
800,1,40,-365
801,0,6,-202
802,1,15,-360
803,0,25,-239
804,1,16,-119
805,2,85,-308
806,9,85,-39
807,0,7,-225
808,0,17,-308
809,2,35,-66
810,1,14,-223
811,0,13,-209
812,2,24,-234
813,1,16,-188
814,3,29,-38
815,0,13,-368
816,8,60,-46
817,0,4,-187
818,0,31,-331
819,0,6,-317
820,0,6,-317
821,0,8,-307
822,0,6,-206
823,0,14,-270
824,0,21,-151
825,5,64,-118
826,0,12,-211
827,4,64,-406
828,17,135,-29
829,3,44,-318
830,0,6,-299
831,2,49,-60
832,7,86,-353
833,0,13,-192
834,11,121,-101
835,0,6,-207
836,0,8,-280
837,11,200,335
838,1,104,-581
839,1,18,-257
840,2,22,-79
841,3,30,-313
842,0,21,-312
843,0,18,-173
844,0,41,-313
845,1,18,-213
846,1,22,-176
847,3,45,-376
848,0,11,-230
849,1,23,-195
850,7,69,-89
851,0,6,-172
852,2,48,-174
853,3,31,-138
854,1,19,-259
855,1,38,-200
856,0,6,-190
857,7,128,-158
858,1,31,-189
859,0,10,-252
860,12,96,6
861,0,6,-139
862,5,71,-222
863,0,6,-224
864,2,17,-311
865,4,42,-78
866,0,7,-223
867,2,48,-529
868,0,6,-255
869,4,39,-120
870,16,195,22
871,0,17,-117
872,1,12,-120
873,3,41,-40
874,4,45,-13
875,0,11,-345
876,0,8,-227
877,0,6,-294
878,6,49,-146
879,0,6,-166
880,0,6,-174
881,0,6,-320
882,0,6,-310
883,0,88,-772
884,6,41,-207
885,0,15,-218
886,0,8,-201
887,2,27,-133
888,0,6,-194
889,0,6,-317
890,0,66,-441
891,0,6,-157
892,1,17,-176
893,2,21,-187
894,0,14,-186
895,1,17,-142
896,0,7,-258
897,12,122,-159
898,1,60,-383
899,5,43,18
900,0,9,-196
901,0,6,-265
902,1,22,-176
903,3,33,-242
904,0,6,-222
905,3,42,-160
906,7,72,-365
907,3,30,-145
908,0,6,-155
909,0,8,-207
910,0,14,-288
911,0,15,-256
912,2,30,-120
913,0,15,-242
914,1,17,-146
915,5,127,-736
916,3,30,-157
917,4,45,9
918,0,6,-166
919,0,6,-313
920,1,35,-466
921,4,76,-255
922,2,30,-80
923,0,14,-250
924,0,8,-304
925,0,7,-223
926,2,90,-509
927,1,16,-231
928,10,99,-368
929,0,8,-255
930,2,22,-84
931,0,6,-149
932,4,64,-185
933,1,18,-245
934,2,42,-198
935,0,6,-168
936,2,30,-190
937,0,13,-145
938,0,6,-214
939,3,60,-333
940,2,38,-157
941,12,200,-960
942,0,6,-204
943,2,31,-155
944,0,6,-210
945,3,27,-117
946,0,6,-269
947,14,162,-79
948,0,6,-174
949,0,15,-320
950,0,6,-302
951,0,7,-303
952,0,6,-212
953,0,7,-303
954,1,19,-266
955,3,58,-247
956,6,53,-54
957,3,74,-593
958,4,59,-320
959,0,10,-210
960,0,8,-306
961,0,6,-157
962,9,89,-204
963,0,5,-279
964,15,200,-34
965,1,19,-133
966,0,7,-303
967,0,6,-310
968,0,8,-209
969,0,5,-316
970,0,9,-178
971,1,18,-293
972,0,16,-391
973,4,61,2
974,2,21,-257
975,0,14,-199
976,1,73,-494
977,3,24,-73
978,13,200,-408
979,1,14,-265
980,2,35,-263
981,8,99,153
982,0,14,-291
983,5,56,-104
984,2,18,-193
985,0,6,-294
986,0,6,-205
987,3,43,-309
988,0,15,-258
989,0,28,-296
990,0,7,-311
991,1,15,-175
992,0,38,-368
993,3,63,-79
994,0,6,-165
995,10,98,-76
996,3,25,-218
997,0,13,-135
998,0,13,-166
999,5,111,-130
1000,0,14,-182
1001,1,16,-183
1002,1,21,-298
1003,2,78,-378
1004,0,14,-239
1005,5,69,-544
1006,0,8,-313
1007,0,7,-214
1008,2,25,-269
1009,0,7,-305
1010,0,8,-312
1011,2,24,-327
1012,0,10,-310
1013,0,13,-327
1014,8,85,-134
1015,0,10,-318
1016,0,13,-329
1017,0,11,-318
1018,3,22,-214
1019,0,9,-247
1020,0,10,-278
1021,0,38,-250
1022,0,17,-225
1023,2,28,-253
1024,1,26,-186
1025,3,62,-120
1026,0,8,-245
1027,0,6,-194
1028,0,13,-254
1029,0,7,-311
1030,4,41,100
1031,0,14,-298
1032,1,36,-260
1033,2,95,-304
1034,2,19,-246
1035,5,52,-62
1036,1,22,-156
1037,2,21,-231
1038,0,74,-519
1039,0,13,-240
1040,0,10,-211
1041,7,52,-4
1042,0,8,-257
1043,3,53,-14
1044,4,43,-122
1045,0,8,-202
1046,2,29,-211
1047,0,6,-195
1048,9,78,-33
1049,0,9,-209
1050,0,6,-167
1051,0,6,-146
1052,3,42,-204
1053,0,8,-218
1054,3,49,-160
1055,5,73,8
1056,0,6,-213
1057,6,33,-173
1058,1,19,-234
1059,1,16,-280
1060,4,47,-172
1061,0,8,-209
1062,0,10,-218
1063,0,6,-146
1064,0,11,-190
1065,3,46,-178
1066,2,34,-277
1067,0,7,-224
1068,0,9,-179
1069,1,29,-185
1070,4,56,-29
1071,11,156,-488
1072,0,6,-317
1073,0,38,-341
1074,3,19,-203
1075,24,200,640
1076,9,200,55
1077,1,21,-159
1078,1,42,-199
1079,5,35,-189
1080,0,29,-276
1081,0,6,-309
1082,0,6,-203
1083,0,6,-209
1084,2,21,-29
1085,2,20,-139
1086,0,7,-303
1087,2,92,-290
1088,0,6,-303
1089,3,79,-414
1090,0,12,-350
1091,1,72,-779
1092,3,37,-113
1093,0,13,-215
1094,0,8,-274
1095,0,6,-309
1096,4,45,-148
1097,0,13,-325
1098,7,148,-289
1099,3,53,-191
1100,5,48,-60
1101,10,75,179
1102,0,6,-206
1103,6,200,-127
1104,1,13,-262
1105,0,7,-219
1106,0,6,-189
1107,17,139,23
1108,0,6,-147
1109,0,6,-204
1110,0,16,-232
1111,7,63,-132
1112,5,88,-39
1113,0,6,-205
1114,0,6,-204
1115,1,17,-183
1116,5,43,112
1117,1,24,-330
1118,0,16,-275
1119,0,7,-221
1120,2,102,-410
1121,2,21,-181
1122,2,33,-141
1123,2,25,-262
1124,2,20,-257
1125,0,8,-299
1126,4,51,-125
1127,0,8,-224
1128,0,6,-202
1129,1,34,-152
1130,1,38,-287
1131,0,21,-226
1132,2,37,-110
1133,5,111,-274
1134,18,200,205
1135,13,168,152
1136,2,45,23
1137,0,15,-279
1138,0,7,-320
1139,0,33,-226
1140,0,6,-204
1141,0,8,-314
1142,4,81,-302
1143,2,23,-114
1144,4,68,-349
1145,1,18,-200
1146,2,66,-283
1147,0,7,-206
1148,0,13,-76
1149,0,13,-206
1150,18,144,138
1151,0,8,-251
1152,1,22,-267
1153,0,8,-304
1154,1,66,-316
1155,0,16,-253
1156,1,16,-299
1157,0,15,-243
1158,11,113,-5
1159,0,6,-220
1160,0,7,-304
1161,7,71,-261
1162,0,6,-172
1163,2,20,-168
1164,18,200,30
1165,2,42,-182
1166,5,31,-92
1167,2,22,-190
1168,2,34,-197
1169,2,40,-232
1170,3,43,-105
1171,3,16,-166
1172,1,18,-244
1173,0,6,-310
1174,0,6,-217
1175,2,19,-173
1176,2,24,-211
1177,15,183,-484
1178,0,7,-305
1179,0,6,-188
1180,1,32,-151
1181,5,121,-528
1182,0,7,-258
1183,16,200,269
1184,1,22,-267
1185,0,6,-167
1186,11,128,197
1187,0,6,-208
1188,0,6,-194
1189,0,6,-309
1190,4,53,-281
1191,3,18,-238
1192,6,64,121
1193,3,27,-146
1194,0,6,-310
1195,2,42,-158
1196,0,21,-61
1197,12,106,-235
1198,6,76,-109
1199,1,30,-274
1200,0,7,-223
1201,0,10,-198
1202,2,102,-402
1203,0,8,-258
1204,3,45,-137
1205,0,6,-151
1206,0,8,-199
1207,2,32,-220
1208,1,16,-196
1209,0,25,-320
1210,0,8,-251
1211,1,14,-166
1212,2,28,-244
1213,0,6,-244
1214,0,6,-317
1215,3,17,-166
1216,0,6,-317
1217,3,35,58
1218,0,8,-204
1219,2,43,-197
1220,0,6,-165
1221,0,7,-243
1222,0,16,-292
1223,1,17,-273
1224,4,39,-230
1225,0,15,-175
1226,0,10,-153
1227,0,9,-202
1228,1,13,-262
1229,0,6,-141
1230,1,21,-160
1231,3,27,-226
1232,0,15,-294
1233,2,52,-438
1234,2,27,-134
1235,10,72,-52
1236,0,14,-226
1237,2,21,-246
1238,0,15,-281
1239,0,6,-223
1240,8,165,-515
1241,7,127,-386
1242,4,58,-165
1243,12,200,-721
1244,0,14,-142
1245,0,13,-158
1246,2,26,-310
1247,0,8,-304
1248,3,31,-166
1249,0,5,-316
1250,0,6,-260
1251,11,68,68
1252,0,17,-175
1253,1,24,-274
1254,0,7,-206
1255,2,32,-141
1256,0,6,-165
1257,0,7,-320
1258,0,13,-233
1259,1,14,-313
1260,0,31,-251
1261,2,36,-288
1262,0,15,-207
1263,1,15,-265
1264,0,9,-202
1265,0,8,-149
1266,0,15,-217
1267,0,6,-204
1268,0,6,-256
1269,0,13,-134
1270,1,20,-162
1271,1,64,-529
1272,10,64,104
1273,1,53,-451
1274,1,22,-63
1275,2,20,-263
1276,0,13,-273
1277,0,17,-286
1278,0,6,-153
1279,0,6,-311
1280,0,6,-264
1281,6,84,-153
1282,1,18,-146
1283,7,57,-22
1284,5,49,-14
1285,0,8,-301
1286,0,15,-230
1287,2,16,-102
1288,1,41,-322
1289,4,64,-342
1290,0,6,-310
1291,0,11,-281
1292,0,6,-310
1293,0,7,-313
1294,1,19,-169
1295,0,8,-312
1296,0,8,-210
1297,0,10,-220
1298,0,7,-211
1299,3,55,-277
1300,0,15,-283
1301,3,49,-344
1302,1,26,-167
1303,1,19,-362
1304,1,18,-168
1305,0,20,-188
1306,5,71,-118
1307,0,14,-91
1308,0,30,-484
1309,2,30,-340
1310,12,106,-275
1311,0,9,-320
1312,7,73,13
1313,1,28,-266
1314,1,15,-222
1315,2,82,-292
1316,0,6,-302
1317,0,55,-483
1318,2,39,-253
1319,3,30,6
1320,0,6,-257
1321,0,4,-287
1322,0,7,-220
1323,2,20,-228
1324,0,6,-206
1325,11,109,-355
1326,2,8,-218
1327,4,51,17
1328,4,51,-56
1329,0,7,-257
1330,0,9,-237
1331,0,6,-162
1332,0,19,-297
1333,7,102,-82
1334,1,18,-134
1335,4,46,-33
1336,2,53,-264
1337,1,19,-279
1338,1,17,-311
1339,5,81,-79
1340,0,6,-204
1341,1,26,-203
1342,0,16,-245
1343,0,6,-220
1344,5,55,-127
1345,2,56,-340
1346,1,31,-274
1347,0,7,-211
1348,1,15,-214
1349,5,41,-107
1350,19,200,733
1351,4,35,-51
1352,12,200,24
1353,0,18,-275
1354,0,15,-291
1355,5,99,-338
1356,2,47,-229
1357,0,8,-304
1358,6,59,-17
1359,2,36,-455
1360,1,25,-100
1361,0,21,-182
1362,9,89,-284
1363,0,12,-282
1364,13,133,99
1365,3,25,-170
1366,1,29,-131
1367,2,21,-180
1368,10,116,104
1369,5,53,-78
1370,0,6,-273
1371,3,37,-188
1372,2,39,-267
1373,0,9,-230
1374,1,40,-222
1375,5,75,-274
1376,3,45,-149
1377,0,6,-294
1378,0,6,-214
1379,2,33,-301
1380,0,93,-595
1381,7,95,-86
1382,2,28,-267
1383,2,104,-467
1384,6,149,-207
1385,0,6,-151
1386,8,69,-67
1387,2,31,-246
1388,0,8,-251
1389,0,7,-216
1390,7,82,-107
1391,0,6,-294
1392,0,14,-212
1393,0,6,-302
1394,1,20,-260
1395,2,37,-307
1396,0,14,-207
1397,3,48,-391
1398,0,200,-527
1399,0,6,-159
1400,1,24,-296
1401,0,13,-249
1402,13,105,-351
1403,7,104,-65
1404,0,6,-254
1405,5,42,-188
1406,3,70,-255
1407,2,17,-119
1408,2,20,-113
1409,1,25,-226
1410,0,6,-305
1411,5,90,-313
1412,0,6,-310
1413,15,153,38
1414,1,17,-234
1415,0,5,-214
1416,0,15,-281
1417,10,72,-56
1418,0,15,-158
1419,0,7,-198
1420,0,45,-420
1421,2,18,-154
1422,0,9,-267
1423,2,38,-335
1424,4,43,-419
1425,4,36,-51
1426,8,95,-214
1427,0,13,-253
1428,1,23,-253
1429,2,31,-281
1430,0,8,-188
1431,5,47,-27
1432,5,89,-175
1433,1,17,-169
1434,1,22,-78
1435,0,6,-149
1436,1,17,-160
1437,1,21,-239
1438,0,8,-296
1439,1,25,-212
1440,0,8,-234
1441,0,15,-125
1442,0,8,-301
1443,9,133,-36
1444,8,74,67
1445,0,7,-164
1446,5,60,-376
1447,0,4,-190
1448,2,26,-323
1449,0,6,-317
1450,0,9,-217
1451,0,19,-225
1452,1,14,-232
1453,0,15,-355
1454,3,30,-99
1455,4,83,-333
1456,0,8,-205
1457,7,70,10
1458,0,8,-225
1459,8,98,-359
1460,2,67,-260
1461,0,6,-172
1462,0,6,-237
1463,0,13,-286
1464,8,77,73
1465,0,7,-211
1466,20,190,135
1467,17,161,297
1468,19,200,588
1469,0,10,-323
1470,0,7,-237
1471,0,10,-232
1472,1,16,-137
1473,2,40,-167
1474,2,56,-429
1475,0,7,-213
1476,0,6,-309
1477,0,15,-204
1478,1,17,-141
1479,0,6,-149
1480,4,33,-98
1481,17,178,-14
1482,0,4,-282
1483,3,37,-148
1484,1,37,-179
1485,0,8,-304
1486,1,21,-246
1487,8,133,-271
1488,0,6,-199
1489,0,16,-218
1490,1,13,-178
1491,1,17,-154
1492,0,9,-200
1493,10,152,-449
1494,11,127,-6
1495,1,24,-100
1496,1,24,-149
1497,2,43,-238
1498,3,39,-307
1499,0,6,-191
1500,0,4,-286
1501,10,96,175
1502,16,151,-521
1503,4,74,-262
1504,0,14,-181
1505,0,7,-311
1506,0,14,-273
1507,5,72,-140
1508,0,6,-317
1509,0,31,-374
1510,0,6,-157
1511,0,6,-164
1512,2,24,-157
1513,2,45,-201
1514,2,20,-176
1515,18,161,29
1516,1,17,-180
1517,1,21,-357
1518,0,16,-223
1519,2,43,-178
1520,2,42,-191
1521,2,19,-196
1522,0,45,-422
1523,0,8,-282
1524,2,18,-246
1525,0,6,-262
1526,16,200,418
1527,0,7,-173
1528,0,19,-237
1529,3,90,-341
1530,2,46,-305
1531,0,8,-218
1532,6,123,-382
1533,1,50,-644
1534,2,29,-253
1535,0,7,-160
1536,3,19,-161
1537,0,7,-321
1538,0,7,-215
1539,3,35,-140
1540,5,75,-6
1541,4,73,-201
1542,0,14,-291
1543,4,40,-179
1544,3,29,-116
1545,0,22,-143
1546,7,123,-145
1547,1,38,-161
1548,0,6,-214
1549,0,8,-293
1550,0,8,-163
1551,6,78,-78
1552,1,52,-289
1553,0,6,-157
1554,5,94,-36
1555,1,34,-74
1556,0,17,-291
1557,0,13,-274
1558,1,18,-107
1559,0,11,-222
1560,4,58,-279
1561,0,8,-191
1562,0,6,-195
1563,1,21,-246
1564,0,9,-196
1565,12,168,-60
1566,6,54,-22
1567,4,71,-130
1568,0,13,-152
1569,0,8,-178
1570,0,25,-235
1571,0,8,-214
1572,10,90,-436
1573,0,8,-306
1574,11,129,-338
1575,0,19,-318
1576,0,10,-302
1577,0,9,-325
1578,0,14,-361
1579,6,62,94
1580,0,6,-224
1581,3,33,-132
1582,2,34,-14
1583,0,44,-457
1584,0,7,-202
1585,5,31,-203
1586,1,18,-208
1587,3,29,-144
1588,2,45,-119
1589,0,9,-307
1590,0,6,-157
1591,3,30,-336
1592,0,13,-134
1593,0,7,-165
1594,3,29,-99
1595,8,96,51
1596,0,6,-289
1597,0,6,-192
1598,0,9,-267
1599,0,6,-222
1600,0,6,-317
1601,0,9,-317
1602,7,116,14
1603,0,7,-320
1604,3,30,-203
1605,3,25,-218
1606,1,83,-466
1607,0,35,-273
1608,4,37,-53
1609,3,34,-277
1610,0,6,-318
1611,0,10,-162
1612,0,14,-243
1613,4,26,-255
1614,3,46,-147
1615,3,59,-222
1616,2,21,-196
1617,1,37,-357
1618,0,13,-146
1619,1,17,-303
1620,11,102,48
1621,8,70,50
1622,10,83,-207
1623,9,79,21
1624,0,20,-240
1625,0,8,-259
1626,7,97,-421
1627,0,10,-220
1628,1,27,-242
1629,4,65,-628
1630,2,32,-147
1631,7,70,-44
1632,0,8,-218
1633,0,7,-310
1634,0,7,-311
1635,0,6,-220
1636,0,14,-258
1637,0,6,-225
1638,1,27,-217
1639,2,29,-296
1640,2,29,-234
1641,0,6,-163
1642,2,16,-130
1643,0,6,-232
1644,3,30,-118
1645,0,9,-276
1646,3,24,-234
1647,0,15,-181
1648,0,10,-210
1649,0,4,-277
1650,7,200,39
1651,3,66,-280
1652,2,19,-95
1653,10,125,14
1654,3,56,-275
1655,0,14,-168
1656,2,13,-263
1657,9,128,12
1658,0,7,-318
1659,10,53,11
1660,0,13,-128
1661,0,6,-302
1662,1,15,-187
1663,0,37,-312
1664,1,24,-240
1665,4,25,-110
1666,1,20,-272
1667,3,57,-262
1668,0,72,-459
1669,0,21,-204
1670,0,19,-396
1671,0,18,-252
1672,0,18,-208
1673,0,6,-213
1674,0,7,-198
1675,0,8,-304
1676,1,21,-320
1677,1,17,-166
1678,0,13,-286
1679,3,37,-130
1680,0,8,-323
1681,0,9,-178
1682,0,35,-315
1683,0,14,-306
1684,1,14,-181
1685,1,21,-114
1686,2,32,-154
1687,1,20,-174
1688,0,16,-325
1689,4,46,-286
1690,6,61,-169
1691,0,9,-323
1692,0,7,-213
1693,0,15,-149
1694,0,6,-310
1695,0,8,-307
1696,0,8,-215
1697,0,5,-221
1698,0,13,-296
1699,0,15,-328
1700,0,6,-318
1701,0,13,-278
1702,0,6,-317
1703,3,28,-185
1704,5,50,-179
1705,6,61,-66
1706,0,12,-258
1707,1,21,-134
1708,13,102,-263
1709,10,104,-206
1710,1,27,-143
1711,0,6,-197
1712,2,35,-178
1713,9,88,-307
1714,1,31,-134
1715,6,185,-995
1716,4,32,-49
1717,20,168,76
1718,11,170,-228
1719,3,25,-187
1720,0,8,-315
1721,0,18,-286
1722,13,92,268
1723,0,6,-289
1724,1,13,-318
1725,2,27,-251
1726,1,17,-267
1727,0,10,-227
1728,1,72,-271
1729,1,20,-184
1730,0,6,-149
1731,4,49,-77
1732,2,30,-192
1733,7,66,-128
1734,0,8,-251
1735,6,57,-23
1736,8,97,163
1737,0,5,-216
1738,6,71,-232
1739,14,192,-32
1740,3,31,-262
1741,0,6,-294
1742,0,11,-333
1743,0,9,-330
1744,0,6,-194
1745,2,27,-52
1746,1,16,-230
1747,0,4,-185
1748,0,9,-235
1749,6,73,-137
1750,0,6,-220
1751,9,110,-35
1752,0,17,-182
1753,0,19,-289
1754,2,36,-88
1755,5,70,-123
1756,7,82,-89
1757,0,18,-227
1758,1,17,-133
1759,0,6,-248
1760,0,8,-219
1761,10,108,22
1762,7,55,-99
1763,1,20,-211
1764,1,30,-233
1765,0,6,-144
1766,0,8,-191
1767,0,14,-317
1768,1,12,-146
1769,2,21,-256
1770,6,76,-241
1771,8,96,-341
1772,9,104,-164
1773,0,14,-277
1774,1,30,-220
1775,3,40,-76
1776,3,30,-83
1777,4,50,-33
1778,0,14,-148
1779,6,69,-130
1780,0,8,-208
1781,1,18,-204
1782,5,108,-234
1783,1,53,-272
1784,0,6,-302
1785,0,6,-317
1786,5,69,-79
1787,0,7,-234
1788,13,100,-132
1789,10,67,85
1790,2,17,-130
1791,8,200,171
1792,1,33,-133
1793,0,9,-157
1794,0,32,-199
1795,0,6,-303
1796,0,7,-311
1797,19,176,678
1798,0,28,-458
1799,1,18,-147
1800,0,6,-204
1801,0,9,-197
1802,0,6,-318
1803,0,8,-220
1804,5,46,-193
1805,1,18,-67
1806,1,23,-352
1807,0,4,-281
1808,0,7,-205
1809,0,6,-318
1810,0,12,-324
1811,11,148,-40
1812,2,45,-284
1813,0,9,-164
1814,0,5,-219
1815,1,18,-224
1816,2,75,-333
1817,0,24,-227
1818,2,20,-306
1819,1,13,-279
1820,0,6,-294
1821,1,17,-248
1822,2,16,-177
1823,2,22,-81
1824,0,6,-206
1825,1,17,-123
1826,0,6,-213
1827,0,6,-215
1828,8,74,8
1829,1,16,-211
1830,0,27,-330
1831,1,16,-194
1832,1,31,-541
1833,0,6,-294
1834,5,40,-91
1835,0,7,-303
1836,0,13,-203
1837,1,16,-146
1838,4,36,-51
1839,0,26,-235
1840,0,14,-325
1841,1,28,-122
1842,4,51,-23
1843,4,48,-243
1844,2,27,-190
1845,6,48,-184
1846,4,79,-286
1847,0,6,-187
1848,8,157,-587
1849,0,6,-317
1850,0,17,-231
1851,0,6,-142
1852,0,8,-226
1853,0,6,-310
1854,0,6,-294
1855,0,10,-305
1856,0,4,-180
1857,0,20,-209
1858,2,83,-454
1859,2,24,-220
1860,2,31,-189
1861,12,106,-214
1862,4,35,-99
1863,0,7,-187
1864,2,38,-157
1865,8,116,-585
1866,6,104,-402
1867,0,83,-412
1868,1,17,-233
1869,0,14,-271
1870,7,89,-331
1871,13,200,-408
1872,6,66,-238
1873,0,8,-297
1874,4,27,-117
1875,0,7,-216
1876,2,36,-395
1877,5,67,104
1878,0,6,-210
1879,0,12,-332
1880,5,37,-91
1881,0,16,-297
1882,1,17,-229
1883,5,35,-76
1884,13,92,188
1885,4,65,-106
1886,0,8,-302
1887,2,26,-291
1888,9,61,71
1889,6,44,-87
1890,0,8,-151
1891,1,40,-151
1892,0,7,-185
1893,0,13,-221
1894,6,89,-152
1895,1,24,-233
1896,5,59,-106
1897,0,5,-178
1898,2,17,-239
1899,2,21,-127
1900,1,22,-269
1901,0,8,-194
1902,11,118,-98
1903,1,39,-204
1904,9,66,7
1905,2,25,-181
1906,3,30,-285
1907,0,6,-220
1908,0,8,-154
1909,5,58,-1
1910,0,7,-215
1911,1,21,-188
1912,0,13,-162
1913,0,23,-121
1914,7,76,57
1915,19,169,516
1916,7,62,-291
1917,1,26,-301
1918,0,7,-318
1919,3,24,-167
1920,0,6,-262
1921,4,51,-135
1922,0,6,-198
1923,4,41,-303
1924,2,22,-280
1925,1,24,-201
1926,0,7,-306
1927,4,39,-96
1928,1,30,-64
1929,2,26,-193
1930,0,6,-202
1931,0,7,-165
1932,0,13,-183
1933,7,92,-316
1934,0,27,-370
1935,18,200,504
1936,0,12,-333
1937,0,17,-292
1938,0,6,-254
1939,2,55,-431
1940,21,200,72
1941,4,41,-120
1942,0,15,-253
1943,0,9,-312
1944,2,39,-200
1945,1,27,-249
1946,0,15,-331
1947,2,28,-96
1948,3,33,-131
1949,0,6,-309
1950,10,117,63
1951,10,85,-54
1952,0,7,-196
1953,0,14,-255
1954,4,69,-384
1955,0,15,-220
1956,0,6,-167
1957,1,18,-150
1958,0,25,-315
1959,3,26,-18
1960,0,7,-158
1961,0,15,-164
1962,0,9,-217
1963,0,6,-157
1964,0,6,-159
1965,2,22,-102
1966,3,55,-241
1967,0,6,-310
1968,0,6,-302
1969,5,60,111
1970,2,36,-230
1971,0,6,-204
1972,0,6,-232
1973,2,19,-189
1974,2,30,-199
1975,0,6,-199
1976,4,40,-170
1977,4,62,-230
1978,0,16,-134
1979,1,16,-87
1980,0,6,-223
1981,3,59,-340
1982,6,58,-157
1983,0,6,-311
1984,8,56,72
1985,0,6,-212
1986,5,45,-279
1987,5,57,-105
1988,0,14,-253
1989,2,27,-153
1990,0,14,-149
1991,0,8,-193
1992,2,27,-156
1993,13,200,-84
1994,2,28,-192
1995,0,13,-253
1996,0,6,-194
1997,2,25,-238
1998,8,76,75
1999,0,4,-295
2000,2,27,-209
2001,0,63,-318
2002,4,160,-289
2003,6,51,-52
2004,1,31,-249
2005,4,28,-108
2006,0,7,-208
2007,3,36,-134
2008,0,7,-231
2009,4,34,-285
2010,0,7,-213
2011,0,15,-216
2012,5,69,-97
2013,3,39,-187
2014,0,7,-310
2015,6,50,-160
2016,0,8,-205
2017,5,72,-137
2018,0,6,-195
2019,0,7,-273
2020,5,39,109
2021,0,76,-401
2022,0,7,-205
2023,0,8,-207
2024,1,16,-131
2025,2,26,-237
2026,0,6,-329
2027,0,6,-294
2028,9,86,99
2029,4,56,-188
2030,0,6,-232
2031,0,7,-156
2032,2,33,-287
2033,0,6,-302
2034,0,8,-186
2035,0,9,-209
2036,22,200,511
2037,0,15,-205
2038,0,20,-289
2039,0,8,-199
2040,0,6,-265
2041,2,15,-252
2042,0,15,-217
2043,2,42,-154
2044,5,49,-12
2045,0,9,-171
2046,0,6,-201
2047,1,35,-256
2048,0,14,-270
2049,0,6,-310
2050,0,20,-216
2051,0,30,-156
2052,0,7,-223
2053,2,24,-94
2054,4,36,-20
2055,0,6,-206
2056,0,13,-208
2057,4,30,-154
2058,0,33,-274
2059,1,13,-206
2060,0,6,-317
2061,0,9,-228
2062,0,6,-262
2063,1,19,-167
2064,1,28,-253
2065,3,31,-238
2066,7,84,-31
2067,0,6,-139
2068,0,6,-302
2069,0,10,-211
2070,3,68,-224
2071,8,92,165
2072,4,49,-38
2073,0,8,-159
2074,0,9,-220
2075,6,122,-293
2076,0,7,-300
2077,0,6,-257
2078,3,33,-245
2079,0,13,-283
2080,0,6,-289
2081,1,18,-228
2082,1,16,-174
2083,0,9,-232
2084,1,22,-357
2085,0,7,-321
2086,3,19,-320
2087,5,40,-25
2088,0,6,-306
2089,0,8,-213
2090,2,28,-113
2091,3,48,-248
2092,0,19,-132
2093,0,4,-287
2094,0,4,-193
2095,0,7,-195
2096,1,18,-286
2097,0,14,-144
2098,5,68,-229
2099,3,33,-58
2100,0,6,-159
2101,11,94,196
2102,0,7,-208
2103,0,17,-156
2104,0,6,-203
2105,3,29,-102
2106,0,8,-304
2107,0,4,-287
2108,0,8,-330
2109,3,55,-143
2110,0,6,-294
2111,0,7,-266
2112,3,54,-193
2113,0,5,-214
2114,0,6,-206
2115,2,18,-310
2116,0,5,-311
2117,14,135,168
2118,0,6,-210
2119,0,7,-176
2120,0,6,-310
2121,0,6,-249
2122,4,33,-216
2123,0,17,-286
2124,0,5,-169
2125,0,7,-270
2126,0,6,-309
2127,0,10,-313
2128,0,7,-310
2129,0,6,-223
2130,0,6,-324
2131,0,16,-207
2132,8,69,30
2133,0,8,-222
2134,0,9,-276
2135,0,16,-170
2136,7,59,-37
2137,0,6,-204
2138,5,40,-154
2139,1,19,-232
2140,0,13,-313
2141,0,7,-266
2142,0,7,-320
2143,0,8,-254
2144,0,6,-209
2145,0,6,-217
2146,0,8,-154
2147,1,24,-223
2148,3,22,-91
2149,4,34,-130
2150,1,17,-194
2151,9,64,69
2152,0,8,-249
2153,0,7,-221
2154,0,6,-294
2155,2,27,-167
2156,2,18,-194
2157,0,6,-270
2158,3,30,-167
2159,1,17,-180
2160,0,6,-166
2161,0,6,-310
2162,0,6,-217
2163,0,6,-224
2164,0,7,-258
2165,1,48,-209
2166,0,9,-294
2167,0,14,-88
2168,0,8,-200
2169,7,112,-334
2170,0,7,-177
2171,0,9,-235
2172,0,7,-206
2173,0,8,-278
2174,1,19,-168
2175,1,75,-304
2176,5,92,13
2177,0,15,-258
2178,2,50,-263
2179,0,6,-317
2180,2,26,-98
2181,1,19,-212
2182,1,30,-424
2183,20,200,779
2184,4,39,-169
2185,4,26,-123
2186,0,6,-245
2187,8,96,-233
2188,0,6,-302
2189,0,8,-214
2190,0,21,-176
2191,0,6,-302
2192,0,6,-206
2193,0,6,-153
2194,1,21,-284
2195,0,7,-236
2196,1,25,-256
2197,2,24,-164
2198,9,69,-193
2199,4,63,-356
2200,0,6,-232
2201,2,27,-88
2202,0,13,-281
2203,0,58,-398
2204,0,9,-205
2205,0,6,-194
2206,0,23,-309
2207,10,152,-9
2208,2,24,-188
2209,25,200,737
2210,2,40,-254
2211,0,12,-256
2212,0,39,-246
2213,0,32,-293
2214,0,6,-302
2215,0,18,-222
2216,13,120,-32
2217,11,129,-40
2218,0,6,-302
2219,3,63,-366
2220,1,105,-492
2221,0,13,-130
2222,0,7,-254
2223,0,8,-256
2224,2,30,-165
2225,4,53,-269
2226,0,15,-292
2227,0,27,-205
2228,1,14,-252
2229,2,29,-173
2230,2,17,-162
2231,4,126,-186
2232,0,6,-270
2233,4,46,-100
2234,0,30,-234
2235,0,7,-225
2236,4,49,49
2237,0,8,-222
2238,0,6,-294
2239,8,79,-150
2240,5,48,69
2241,14,109,11
2242,9,70,94
2243,4,30,-134
2244,1,21,-214
2245,9,91,65
2246,6,51,-164
2247,1,35,-187
2248,0,15,-230
2249,12,169,-92
2250,0,7,-196
2251,2,44,-28
2252,0,7,-215
2253,10,103,45
2254,1,71,-404
2255,7,65,-156
2256,0,6,-207
2257,0,5,-229
2258,1,26,-19
2259,6,60,-74
2260,1,16,-121
2261,0,16,-338
2262,2,36,-98
2263,2,43,-9
2264,7,70,-152
2265,9,124,-164
2266,0,60,-371
2267,0,34,-559
2268,0,6,-210
2269,6,63,-44
2270,2,28,-292
2271,2,21,-139
2272,0,6,-324
2273,5,51,38
2274,0,8,-239
2275,1,23,-187
2276,1,24,-288
2277,0,21,-113
2278,0,9,-315
2279,0,8,-276
2280,3,27,-86
2281,1,46,-328
2282,0,6,-262
2283,2,58,-185
2284,1,27,-297
2285,0,6,-222
2286,1,20,-224
2287,0,6,-155
2288,5,41,-178
2289,1,20,-206
2290,3,44,-207
2291,0,6,-189
2292,0,6,-172
2293,0,8,-267
2294,7,62,185
2295,21,200,802
2296,4,50,-250
2297,2,91,-289
2298,8,94,-18
2299,0,13,-166
2300,0,6,-269
2301,2,29,-69
2302,1,24,-54
2303,6,98,-270
2304,2,20,-109
2305,0,10,-239
2306,0,10,-307
2307,3,48,-232
2308,2,25,-92
2309,4,70,-70
2310,0,6,-213
2311,6,77,-72
2312,2,36,-179
2313,4,33,-11
2314,2,35,-268
2315,5,63,-192
2316,0,11,-233
2317,0,6,-309
2318,13,174,-149
2319,0,10,-228
2320,0,25,-32
2321,1,21,-222
2322,0,30,-355
2323,4,36,-336
2324,1,24,-261
2325,4,33,-229
2326,0,8,-146
2327,1,25,-297
2328,1,16,-175
2329,0,6,-289
2330,0,16,-210
2331,9,157,-316
2332,0,7,-281
2333,0,8,-298
2334,2,27,-158
2335,0,21,-319
2336,0,7,-196
2337,0,6,-280
2338,2,56,-451
2339,0,14,-272
2340,0,14,-261
2341,0,21,-245
2342,0,36,-254
2343,0,14,-217
2344,1,17,-142
2345,1,16,-219
2346,1,22,-213
2347,1,18,-346
2348,0,10,-319
2349,0,6,-159
2350,1,21,-268
2351,0,6,-157
2352,0,6,-302
2353,2,26,-270
2354,5,50,-316
2355,0,6,-204
2356,11,104,249
2357,1,35,-182
2358,4,72,-376
2359,0,6,-310
2360,1,33,-237
2361,11,110,284
2362,2,24,25
2363,4,34,-22
2364,1,26,-192
2365,0,14,-257
2366,6,132,-130
2367,10,146,-217
2368,5,89,-140
2369,0,8,-304
2370,0,6,-302
2371,2,45,-103
2372,0,18,-241
2373,2,23,-237
2374,8,130,-358
2375,0,29,-237
2376,0,9,-227
2377,0,8,-205
2378,0,6,-310
2379,0,6,-310
2380,0,7,-148
2381,1,47,-168
2382,4,28,-298
2383,4,45,-195
2384,3,48,-96
2385,2,18,-151
2386,0,8,-210
2387,5,50,-109
2388,0,6,-310
2389,2,21,-181
2390,0,22,-361
2391,2,19,-292
2392,0,8,-157
2393,2,20,-220
2394,0,17,-214
2395,8,94,-428
2396,2,27,-323
2397,0,5,-316
2398,0,7,-311
2399,1,28,-45
2400,10,200,-110
2401,0,6,-203
2402,0,6,-309
2403,0,6,-317
2404,1,19,-186
2405,5,67,-3
2406,0,9,-187
2407,1,15,-199
2408,0,8,-214
2409,3,33,-79
2410,0,6,-214
2411,0,9,-323
2412,0,6,-165
2413,0,9,-167
2414,0,8,-251
2415,3,82,-370
2416,5,51,141
2417,3,48,-86
2418,0,7,-158
2419,0,6,-202
2420,0,8,-220
2421,3,39,-219
2422,0,6,-197
2423,5,80,-327
2424,1,10,-202
2425,1,15,-151
2426,3,31,-279
2427,8,129,-150
2428,6,45,-80
2429,0,6,-172
2430,4,60,-187
2431,0,14,-173
2432,0,6,-194
2433,0,16,-201
2434,0,8,-312
2435,0,10,-242
2436,0,6,-294
2437,0,6,-224
2438,0,8,-193
2439,0,6,-317
2440,0,7,-246
2441,0,10,-214
2442,0,6,-310
2443,0,7,-303
2444,0,7,-233
2445,0,13,-274
2446,1,19,-282
2447,1,25,-233
2448,0,8,-217
2449,8,88,-111
2450,1,34,-337
2451,5,44,-311
2452,0,10,-175
2453,1,27,-322
2454,5,71,28
2455,0,8,-308
2456,18,200,201
2457,3,21,-193
2458,9,86,-222
2459,2,41,-348
2460,3,32,-158
2461,1,20,-305
2462,0,16,-218
2463,6,44,-63
2464,1,38,-73
2465,0,4,-281
2466,1,25,-253
2467,0,6,-149
2468,2,31,-76
2469,6,69,142
2470,0,6,-302
2471,0,11,-176
2472,0,20,-378
2473,4,43,-91
2474,3,48,-112
2475,0,8,-304
2476,0,6,-309
2477,0,10,-207
2478,2,18,-210
2479,0,7,-211
2480,10,97,-334
2481,0,15,-205
2482,0,8,-207
2483,0,8,-264
2484,2,30,-216
2485,1,21,-194
2486,0,6,-303
2487,0,6,-305
2488,0,10,-266
2489,0,9,-189
2490,0,6,-206
2491,15,91,-98
2492,1,17,-250
2493,3,40,-132
2494,2,22,-260
2495,0,7,-225
2496,6,60,-130
2497,1,18,-161
2498,0,4,-277
2499,7,103,-389
2500,1,20,-217
2501,3,29,-361
2502,0,8,-304
2503,0,12,-173
2504,0,6,-256
2505,6,80,-6
2506,1,25,-240
2507,2,35,-91
2508,11,133,-235
2509,0,13,-232
2510,0,14,-188
2511,0,8,-212
2512,2,43,-258
2513,0,7,-181
2514,0,13,-269
2515,0,8,-224
2516,0,4,-193
2517,2,35,-261
2518,6,81,-257
2519,1,15,-249
2520,0,8,-234
2521,1,20,-145
2522,0,6,-294
2523,8,76,-335
2524,1,18,-235
2525,1,26,-60
2526,2,26,-240
2527,0,6,-205
2528,14,200,342
2529,0,17,-272
2530,0,6,-317
2531,16,137,387
2532,0,6,-146
2533,0,6,-302
2534,3,37,-177
2535,4,48,-149
2536,2,17,-319
2537,0,8,-154
2538,9,88,123
2539,3,189,-882
2540,0,6,-310
2541,0,7,-164
2542,0,8,-264
2543,1,22,-136
2544,0,6,-151
2545,0,8,-205
2546,0,6,-285
2547,3,31,-109
2548,0,7,-311
2549,2,20,-307
2550,0,8,-206
2551,0,16,-230
2552,1,17,-293
2553,1,18,-90
2554,2,35,-152
2555,0,6,-317
2556,1,24,-258
2557,0,10,-160
2558,1,17,-76
2559,2,17,-207
2560,1,18,-219
2561,2,76,-460
2562,0,15,-300
2563,8,87,-39
2564,1,22,-80
2565,0,6,-165
2566,1,19,-209
2567,0,7,-203
2568,2,25,-173
2569,7,52,52
2570,0,14,-256
2571,1,15,-122
2572,0,11,-221
2573,0,6,-210
2574,5,39,-80
2575,1,17,-128
2576,6,52,-169
2577,5,51,-42
2578,0,7,-311
2579,2,33,-269
2580,0,6,-217
2581,0,15,-198
2582,2,34,-206
2583,1,28,-333
2584,1,23,-105
2585,0,6,-332
2586,5,81,-272
2587,0,6,-203
2588,0,10,-325
2589,4,43,-130
2590,0,14,-293
2591,0,13,-214
2592,5,38,-155
2593,0,6,-317
2594,2,16,-76
2595,1,37,-190
2596,0,8,-199
2597,0,6,-165
2598,0,7,-281
2599,0,21,-229
2600,0,7,-207
2601,0,6,-147
2602,2,48,-344
2603,6,59,-48
2604,0,8,-186
2605,0,11,-231
2606,2,29,-325
2607,0,10,-303
2608,0,7,-320
2609,0,6,-302
2610,0,18,-296
2611,2,31,-220
2612,0,8,-148
2613,1,26,-226
2614,2,19,-180
2615,0,20,-285
2616,7,73,31
2617,0,6,-210
2618,5,53,61
2619,0,15,-223
2620,5,40,-25
2621,10,100,-230
2622,0,40,-296
2623,1,22,-73
2624,1,19,-97
2625,0,6,-206
2626,2,28,-133
2627,5,56,-153
2628,3,103,-415
2629,3,46,-207
2630,5,59,-21
2631,3,40,-183
2632,7,76,-86
2633,0,6,-310
2634,0,4,-228
2635,5,46,-87
2636,0,6,-309
2637,12,87,125
2638,4,30,-51
2639,2,25,-190
2640,5,61,-51
2641,0,6,-302
2642,0,19,-251
2643,0,6,-317
2644,1,18,-221
2645,3,41,-154
2646,1,29,-341
2647,0,13,-306
2648,6,88,-420
2649,0,28,-155
2650,11,115,32
2651,8,86,-127
2652,0,8,-220
2653,9,101,-209
2654,0,6,-202
2655,0,6,-309
2656,2,30,-369
2657,6,94,-356
2658,0,6,-212
2659,5,58,-251
2660,4,72,-88
2661,2,19,-199
2662,0,22,-344
2663,0,15,-198
2664,1,20,-217
2665,0,6,-164
2666,0,6,-317
2667,3,43,-311
2668,2,24,-317
2669,0,6,-302
2670,0,9,-215
2671,1,16,-240
2672,0,11,-231
2673,3,24,-144
2674,0,8,-324
2675,0,8,-299
2676,1,16,-109
2677,6,45,-31
2678,0,6,-214
2679,9,105,-111
2680,2,28,-195
2681,0,15,-330
2682,4,54,-318
2683,10,118,-155
2684,0,14,-244
2685,1,18,-195
2686,1,38,-91
2687,2,18,-107
2688,0,8,-313
2689,0,21,-208
2690,0,7,-164
2691,8,84,12
2692,4,28,-105
2693,7,113,-106
2694,0,6,-310
2695,2,31,-229
2696,0,6,-302
2697,0,9,-315
2698,8,62,73
2699,0,9,-235
2700,8,83,180
2701,1,13,-92
2702,4,60,64
2703,0,15,-103
2704,0,6,-206
2705,0,6,-252
2706,9,195,-362
2707,0,6,-296
2708,0,6,-206
2709,0,8,-195
2710,2,29,-91
2711,9,88,35
2712,0,14,-93
2713,1,27,-183
2714,0,9,-157
2715,0,8,-296
2716,4,35,-28
2717,1,14,-126
2718,2,39,-281
2719,0,5,-171
2720,16,200,-408
2721,0,8,-219
2722,4,50,-230
2723,1,23,-159
2724,0,9,-187
2725,0,22,-239
2726,0,6,-157
2727,0,8,-205
2728,3,26,-138
2729,1,23,-131
2730,4,56,-70
2731,3,44,-231
2732,0,6,-257
2733,0,9,-297
2734,0,6,-287
2735,2,18,-141
2736,5,68,-133
2737,3,44,-233
2738,0,6,-294
2739,0,6,-164
2740,2,60,-294
2741,4,40,-139
2742,0,6,-309
2743,0,8,-301
2744,4,53,-326
2745,2,19,-237
2746,0,7,-214
2747,0,6,-207
2748,0,17,-194
2749,4,37,-213
2750,3,44,-316
2751,8,66,74
2752,0,6,-204
2753,2,26,-109
2754,15,174,-8
2755,1,21,-228
2756,0,6,-294
2757,18,192,77
2758,2,33,-285
2759,12,82,159
2760,1,17,-245
2761,4,44,-160
2762,0,7,-178
2763,0,8,-255
2764,6,82,-349
2765,1,9,-154
2766,0,8,-205
2767,0,6,-289
2768,8,104,37
2769,0,14,-163
2770,2,28,-282
2771,6,64,-18
2772,14,106,-69
2773,6,67,-188
2774,0,8,-322
2775,0,14,-221
2776,0,7,-305
2777,2,25,-146
2778,0,6,-232
2779,1,17,-191
2780,11,112,77
2781,1,26,-229
2782,1,23,-133
2783,0,6,-312
2784,11,108,-207
2785,0,6,-302
2786,3,27,-189
2787,0,6,-260
2788,1,27,-199
2789,3,21,-209
2790,0,10,-228
2791,0,6,-302
2792,0,6,-154
2793,1,47,-322
2794,0,6,-187
2795,3,27,-168
2796,2,25,-101
2797,1,18,-191
2798,0,21,-82
2799,0,6,-210
2800,0,7,-173
2801,2,85,-250
2802,2,17,-288
2803,0,6,-304
2804,0,13,-238
2805,0,6,-222
2806,0,6,-294
2807,0,6,-269
2808,2,19,-226
2809,12,113,106
2810,0,10,-172
2811,0,14,-250
2812,3,35,-150
2813,0,6,-270
2814,2,21,-269
2815,0,20,-245
2816,0,5,-224
2817,5,39,-106
2818,0,6,-202
2819,14,136,-36
2820,11,113,-229
2821,5,45,-135
2822,4,55,-143
2823,0,6,-187
2824,2,34,-103
2825,0,15,-310
2826,8,66,-49
2827,0,21,-214
2828,1,24,-266
2829,0,6,-294
2830,6,50,-168
2831,2,89,-384
2832,0,6,-312
2833,0,10,-171
2834,0,8,-199
2835,0,8,-178
2836,2,18,-145
2837,2,105,-312
2838,22,200,780
2839,2,15,-86
2840,0,16,-154
2841,0,8,-285
2842,2,23,-298
2843,1,22,-232
2844,0,6,-194
2845,0,21,-292
2846,5,51,14
2847,12,105,94
2848,6,65,-246
2849,0,6,-306
2850,3,77,-446
2851,0,6,-317
2852,2,27,-350
2853,0,6,-262
2854,0,46,-464
2855,0,7,-295
2856,11,101,21
2857,2,38,-274
2858,0,6,-154
2859,1,26,-193
2860,0,15,-205
2861,16,175,-3
2862,8,89,-256
2863,0,10,-319
2864,4,51,-144
2865,0,15,-240
2866,6,84,27
2867,11,104,159
2868,0,7,-322
2869,1,33,-408
2870,0,13,-219
2871,0,23,-203
2872,0,10,-229
2873,0,13,-332
2874,4,34,-209
2875,0,5,-209
2876,4,29,-183
2877,2,26,-136
2878,7,68,33
2879,0,6,-260
2880,11,119,-107
2881,0,14,-358
2882,0,8,-226
2883,0,8,-174
2884,2,26,-191
2885,7,76,12
2886,0,8,-221
2887,8,73,-175
2888,2,19,-117
2889,0,8,-217
2890,0,4,-180
2891,11,135,243
2892,1,20,-247
2893,0,6,-205
2894,2,37,-220
2895,5,60,-40
2896,0,17,-344
2897,4,53,-99
2898,6,48,-189
2899,9,84,-353
2900,6,82,-110
2901,4,108,-443
2902,2,18,-328
2903,4,49,-179
2904,0,6,-241
2905,6,50,-44
2906,0,7,-318
2907,4,39,-245
2908,8,119,-22
2909,6,60,105
2910,0,7,-207
2911,4,45,-158
2912,1,19,-259
2913,0,6,-309
2914,1,37,-194
2915,2,45,-161
2916,1,27,-126
2917,0,13,-236
2918,0,6,-246
2919,0,14,-227
2920,3,41,-244
2921,5,46,42
2922,5,33,-48
2923,2,38,-122
2924,3,35,10
2925,1,28,-51
2926,0,6,-252
2927,13,140,68
2928,0,6,-304
2929,1,18,-168
2930,0,8,-256
2931,2,36,32
2932,0,26,-166
2933,0,6,-213
2934,5,52,-133
2935,2,19,-162
2936,0,7,-273
2937,3,44,-114
2938,7,58,-117
2939,2,18,-240
2940,0,13,-219
2941,1,29,-254
2942,0,8,-149
2943,4,49,-47
2944,5,37,-209
2945,0,13,-176
2946,0,13,-174
2947,7,127,-8
2948,1,18,-240
2949,0,13,-173
2950,5,58,-177
2951,5,55,-126
2952,6,74,-187
2953,19,200,335
2954,0,9,-270
2955,3,23,-101
2956,0,6,-231
2957,9,97,-48
2958,2,37,-209
2959,1,41,-284
2960,0,6,-210
2961,0,7,-160
2962,2,26,-114
2963,0,6,-311
2964,2,25,-224
2965,4,68,-49
2966,5,33,-63
2967,2,28,-159
2968,5,56,67
2969,0,13,-198
2970,0,8,-258
2971,3,29,-161
2972,5,66,-196
2973,0,8,-209
2974,3,60,-242
2975,1,21,-143
2976,1,16,-240
2977,2,26,-286
2978,3,33,-166
2979,0,8,-315
2980,2,26,-171
2981,0,6,-264
2982,0,8,-174
2983,0,7,-267
2984,4,32,-176
2985,7,113,-151
2986,19,200,336
2987,0,6,-230
2988,4,39,14
2989,10,103,206
2990,3,33,-102
2991,1,19,-163
2992,18,135,334
2993,0,13,-173
2994,0,24,-134
2995,0,5,-316
2996,2,17,-161
2997,0,5,-210
2998,3,57,-188
2999,6,81,-289
3000,0,15,-337
3001,0,11,-249
3002,0,8,-246
3003,2,26,-77
3004,0,17,-312
3005,1,34,-260
3006,0,6,-167
3007,4,28,-96
3008,0,6,-317
3009,0,7,-320
3010,4,27,-2
3011,6,59,-364
3012,8,80,-67
3013,4,49,-75
3014,0,6,-302
3015,2,38,-335
3016,1,20,-283
3017,0,41,-331
3018,0,6,-217
3019,0,20,-254
3020,3,49,-79
3021,2,23,-127
3022,1,16,-246
3023,0,14,-213
3024,6,62,-97
3025,2,34,-206
3026,0,7,-305
3027,0,6,-157
3028,0,6,-262
3029,0,18,-255
3030,0,5,-176
3031,4,43,-9
3032,3,24,-128
3033,1,16,-228
3034,0,6,-302
3035,0,6,-210
3036,0,13,-265
3037,0,6,-161
3038,1,19,-201
3039,0,33,-327
3040,13,113,-7
3041,0,19,-279
3042,2,57,-98
3043,4,35,-227
3044,0,8,-310
3045,12,183,-434
3046,0,6,-224
3047,0,16,-237
3048,5,50,-48
3049,3,29,-306
3050,4,46,-137
3051,8,138,-331
3052,3,83,-301
3053,1,15,-279
3054,0,14,-161
3055,4,43,-142
3056,0,10,-182
3057,18,153,167
3058,0,6,-294
3059,9,118,74
3060,3,38,-216
3061,1,26,-59
3062,2,77,-278
3063,1,28,-350
3064,5,44,-104
3065,0,6,-222
3066,1,25,-344
3067,0,11,-313
3068,0,6,-212
3069,0,6,-155
3070,0,14,-170
3071,0,14,-291
3072,0,6,-309
3073,1,29,-164
3074,0,16,-325
3075,2,30,-430
3076,2,18,-227
3077,0,6,-195
3078,7,78,-96
3079,4,41,-185
3080,0,13,-184
3081,0,9,-228
3082,2,28,-404
3083,0,7,-163
3084,5,54,52
3085,0,6,-240
3086,9,89,20
3087,1,15,-344
3088,1,17,-364
3089,0,7,-175
3090,1,37,-362
3091,1,19,-261
3092,14,146,-135
3093,5,41,25
3094,3,46,-176
3095,0,7,-318
3096,0,17,-246
3097,4,54,-67
3098,8,54,-25
3099,0,6,-317
3100,0,6,-302
3101,1,26,-229
3102,7,104,172
3103,3,33,-37
3104,1,17,-305
3105,9,56,124
3106,1,26,-371
3107,4,57,-99
3108,2,21,-250
3109,0,6,-159
3110,4,66,-334
3111,2,27,-220
3112,3,20,-174
3113,3,26,-112
3114,6,64,-19
3115,2,133,-1033
3116,2,20,-169
3117,0,7,-193
3118,0,14,-260
3119,0,6,-220
3120,0,5,-271
3121,0,8,-198
3122,1,30,-226
3123,2,33,-268
3124,5,147,-416
3125,3,46,-44
3126,1,21,-254
3127,2,21,-253
3128,2,40,-221
3129,1,21,-270
3130,5,66,-222
3131,8,112,-146
3132,5,57,-376
3133,1,20,-269
3134,1,18,-155
3135,0,5,-236
3136,8,137,-274
3137,0,6,-302
3138,0,13,-128
3139,4,36,-150
3140,1,24,-208
3141,12,146,-87
3142,0,7,-207
3143,0,6,-222
3144,0,17,-352
3145,0,20,-180
3146,0,7,-245
3147,2,17,-165
3148,20,143,128
3149,0,6,-317
3150,3,50,-219
3151,12,134,-340
3152,0,9,-315
3153,0,9,-210
3154,0,10,-307
3155,4,50,-49
3156,0,12,-115
3157,2,25,-22
3158,10,72,148
3159,0,7,-241
3160,5,54,-191
3161,15,178,-146
3162,0,6,-157
3163,2,26,-140
3164,0,7,-181
3165,2,22,-120
3166,1,18,-197
3167,12,116,30
3168,9,102,66
3169,1,29,-293
3170,0,9,-222
3171,1,41,-496
3172,0,7,-266
3173,0,6,-202
3174,0,8,-224
3175,5,49,-231
3176,1,18,-151
3177,1,15,-134
3178,1,17,-181
3179,2,32,-156
3180,0,6,-213
3181,2,30,-80
3182,1,16,-212
3183,1,19,-140
3184,0,4,-195
3185,0,8,-176
3186,8,77,-201
3187,4,42,-6
3188,0,4,-276
3189,0,8,-314
3190,7,60,-250
3191,20,161,103
3192,1,18,-238
3193,0,6,-201
3194,0,10,-319
3195,0,7,-281
3196,0,6,-298
3197,0,6,-245
3198,0,26,-143
3199,0,5,-321
3200,2,29,-336
3201,0,12,-218
3202,0,10,-278
3203,6,52,-322
3204,0,8,-167
3205,0,4,-290
3206,0,14,-371
3207,0,25,-264
3208,0,6,-234
3209,11,107,-65
3210,2,22,-165
3211,4,76,-197
3212,1,29,-200
3213,2,17,-222
3214,0,31,-459
3215,2,19,-135
3216,0,8,-155
3217,0,6,-310
3218,1,32,-162
3219,0,8,-271
3220,1,36,-387
3221,2,28,-133
3222,0,6,-205
3223,0,6,-327
3224,0,7,-225
3225,3,32,-50
3226,0,9,-186
3227,2,17,-206
3228,0,6,-294
3229,0,6,-224
3230,0,8,-225
3231,0,7,-307
3232,3,49,-342
3233,0,9,-249
3234,2,33,-333
3235,2,46,-230
3236,0,14,-260
3237,10,88,3
3238,1,23,-275
3239,0,8,-304
3240,20,160,95
3241,2,32,-347
3242,8,74,-117
3243,7,40,-92
3244,0,6,-142
3245,3,35,-90
3246,0,8,-298
3247,15,200,131
3248,0,15,-272
3249,1,18,-185
3250,2,21,-235
3251,4,67,-296
3252,4,98,-293
3253,2,16,-149
3254,8,69,19
3255,0,7,-320
3256,0,4,-286
3257,2,24,-294
3258,0,6,-302
3259,1,19,-287
3260,0,8,-194
3261,0,22,-260
3262,0,6,-222
3263,0,4,-277
3264,18,162,53
3265,0,8,-298
3266,8,104,-89
3267,0,6,-302
3268,4,32,-178
3269,0,11,-291
3270,0,7,-255
3271,5,68,-55
3272,11,104,-216
3273,1,28,-283
3274,3,52,-99
3275,3,35,-282
3276,3,32,-80
3277,2,83,-423
3278,0,22,-203
3279,0,8,-224
3280,1,19,-253
3281,0,9,-325
3282,1,20,-197
3283,0,14,-213
3284,0,6,-151
3285,0,13,-257
3286,12,129,23
3287,6,51,54
3288,0,6,-191
3289,3,55,-235
3290,4,45,-221
3291,5,66,85
3292,0,6,-199
3293,0,30,-250
3294,0,8,-306
3295,6,60,-228
3296,4,32,-94
3297,3,35,-76
3298,0,6,-317
3299,1,18,-214
3300,0,9,-315
3301,0,8,-312
3302,2,27,-113
3303,2,19,-106
3304,2,37,-136
3305,5,45,105
3306,5,39,4
3307,0,11,-243
3308,3,42,-150
3309,3,39,-141
3310,3,43,-271
3311,0,29,-367
3312,4,61,-250
3313,0,28,-336
3314,2,30,-227
3315,0,6,-195
3316,1,14,-127
3317,4,72,-144
3318,1,19,-360
3319,0,16,-212
3320,0,6,-261
3321,5,77,-274
3322,0,8,-323
3323,2,23,-218
3324,0,9,-197
3325,0,8,-306
3326,3,54,-80
3327,1,21,-184
3328,0,6,-317
3329,4,40,-99
3330,1,25,-332
3331,3,43,-105
3332,0,8,-305
3333,0,10,-212
3334,0,13,-205
3335,7,70,-62
3336,1,32,-202
3337,0,6,-309
3338,2,23,-199
3339,3,46,-60
3340,2,29,-195
3341,0,20,-341
3342,1,16,-234
3343,1,18,-179
3344,3,50,-489
3345,1,33,-94
3346,0,6,-309
3347,0,15,-152
3348,2,16,-130
3349,1,16,-226
3350,2,28,-144
3351,10,79,171
3352,0,9,-287
3353,0,15,-193
3354,11,85,232
3355,1,28,-161
3356,1,21,-90
3357,2,20,-268
3358,3,37,-112
3359,2,25,-215
3360,0,6,-215
3361,0,8,-254
3362,5,37,-144
3363,0,9,-259
3364,0,8,-207
3365,17,161,190
3366,0,13,-198
3367,2,66,-345
3368,0,6,-209
3369,0,15,-179
3370,0,9,-225
3371,0,6,-302
3372,2,48,-62
3373,0,13,-311
3374,1,29,-90
3375,0,12,-220
3376,0,4,-236
3377,6,70,-126
3378,0,14,-260
3379,3,33,-274
3380,6,94,-229
3381,0,6,-302
3382,3,41,-213
3383,0,6,-149
3384,0,7,-250
3385,0,15,-280
3386,0,8,-303
3387,0,8,-190
3388,2,33,-120
3389,0,7,-261
3390,0,6,-205
3391,0,6,-312
3392,3,43,-136
3393,5,41,15
3394,0,29,-462
3395,0,8,-296
3396,0,6,-254
3397,4,38,-234
3398,0,15,-168
3399,2,32,-193
3400,0,9,-180
3401,3,38,-255
3402,2,19,-76
3403,0,8,-304
3404,1,22,-332
3405,4,39,-49
3406,1,23,-272
3407,0,7,-189
3408,2,32,-108
3409,3,31,-228
3410,4,76,-377
3411,2,20,-319
3412,7,54,69
3413,0,5,-321
3414,0,6,-217
3415,2,26,-212
3416,3,28,-168
3417,3,33,-89
3418,3,51,-210
3419,0,6,-310
3420,8,61,21
3421,0,9,-194
3422,0,5,-273
3423,3,26,-119
3424,0,6,-294
3425,5,49,-54
3426,6,108,-401
3427,1,35,-37
3428,2,19,-232
3429,2,22,-348
3430,5,80,-169
3431,0,6,-214
3432,0,6,-218
3433,8,91,39
3434,7,88,-222
3435,10,77,423
3436,0,29,-318
3437,0,7,-303
3438,0,21,-344
3439,0,6,-163
3440,0,5,-177
3441,2,18,-258
3442,6,112,-595
3443,2,46,-218
3444,3,31,-118
3445,1,11,-244
3446,0,7,-211
3447,0,7,-311
3448,0,15,-167
3449,0,7,-246
3450,1,20,-148
3451,2,31,-207
3452,1,22,-214
3453,0,13,-402
3454,0,8,-304
3455,0,6,-204
3456,2,30,-215
3457,3,27,-161
3458,1,26,-187
3459,0,6,-142
3460,0,10,-245
3461,0,14,-252
3462,2,18,-159
3463,0,7,-205
3464,3,32,-116
3465,0,13,-152
3466,6,66,-64
3467,0,6,-294
3468,2,33,-207
3469,5,46,35
3470,4,63,-22
3471,1,14,-280
3472,7,72,74
3473,0,6,-310
3474,1,20,-112
3475,2,22,-183
3476,1,14,-131
3477,0,6,-310
3478,0,7,-178
3479,4,60,-16
3480,1,24,-176
3481,7,79,-251
3482,7,57,66
3483,0,13,-157
3484,0,6,-187
3485,0,6,-257
3486,1,22,-117
3487,3,46,-86
3488,0,18,-332
3489,2,23,-261
3490,0,50,-317
3491,0,5,-229
3492,0,10,-263
3493,2,29,-297
3494,5,45,-145
3495,0,6,-302
3496,0,7,-265
3497,3,30,-122
3498,0,6,-261
3499,2,35,-233
3500,2,30,-307
3501,5,50,43
3502,5,53,-7
3503,0,14,-205
3504,3,41,-139
3505,0,6,-302
3506,2,22,-261
3507,2,22,-195
3508,1,18,-151
3509,2,22,-103
3510,0,15,-268
3511,0,9,-160
3512,5,60,104
3513,3,26,-146
3514,0,8,-204
3515,2,25,-134
3516,0,6,-294
3517,0,6,-309
3518,4,38,-122
3519,0,6,-165
3520,0,6,-151
3521,0,17,-282
3522,4,35,-216
3523,4,38,-222
3524,0,13,-87
3525,3,29,-181
3526,3,25,-141
3527,3,53,-95
3528,0,6,-232
3529,3,17,-181
3530,1,16,-197
3531,0,7,-221
3532,3,38,-302
3533,0,14,-275
3534,3,36,-175
3535,0,6,-164
3536,0,13,-295
3537,0,6,-222
3538,0,21,-241
3539,3,45,-202
3540,0,6,-215
3541,0,7,-213
3542,2,18,-118
3543,14,129,278
3544,2,38,-357
3545,0,6,-310
3546,1,18,-125
3547,7,122,-568
3548,0,6,-207
3549,0,14,-139
3550,0,8,-214
3551,3,42,-178
3552,0,9,-227
3553,3,21,-145
3554,0,6,-206
3555,0,6,-294
3556,3,31,-136
3557,0,8,-266
3558,15,200,497
3559,5,59,-129
3560,2,29,-289
3561,0,7,-153
3562,0,24,-215
3563,0,6,-162
3564,12,105,141
3565,2,24,-89
3566,0,9,-307
3567,1,26,-137
3568,0,6,-311
3569,1,20,-207
3570,3,41,-285
3571,9,83,196
3572,0,6,-206
3573,6,71,-365
3574,0,9,-323
3575,8,82,-166
3576,0,6,-213
3577,0,6,-192
3578,2,22,-162
3579,3,28,-229
3580,3,35,-186
3581,0,6,-164
3582,2,21,-91
3583,3,41,-171
3584,0,6,-215
3585,0,6,-174
3586,0,7,-227
3587,3,52,52
3588,2,33,-176
3589,0,7,-227
3590,0,6,-302
3591,0,6,-302
3592,0,7,-200
3593,1,15,-175
3594,0,8,-271
3595,3,35,22
3596,7,63,-319
3597,6,53,68
3598,0,6,-215
3599,2,27,-232
3600,13,103,1
3601,5,45,-96
3602,0,13,-162
3603,3,28,-132
3604,0,7,-203
3605,0,25,-365
3606,5,66,-245
3607,2,16,-266
3608,11,138,-98
3609,0,7,-223
3610,2,51,-171
3611,0,9,-217
3612,2,17,-274
3613,0,8,-299
3614,0,13,-232
3615,6,96,-234
3616,0,15,-259
3617,1,16,-155
3618,2,22,-197
3619,0,6,-291
3620,0,7,-223
3621,2,20,-90
3622,0,13,-118
3623,0,5,-319
3624,0,8,-291
3625,3,30,-204
3626,5,51,-97
3627,7,38,114
3628,0,6,-310
3629,0,6,-317
3630,0,6,-261
3631,0,13,-246
3632,1,11,-226
3633,1,27,-228
3634,1,17,-219
3635,4,48,-283
3636,0,6,-213
3637,0,8,-322
3638,0,6,-209
3639,0,13,-169
3640,0,7,-295
3641,11,102,253
3642,7,83,137
3643,0,8,-234
3644,0,8,-312
3645,0,13,-234
3646,1,73,-409
3647,0,7,-185
3648,0,6,-237
3649,3,19,-166
3650,0,33,-202
3651,0,8,-217
3652,0,6,-310
3653,0,8,-192
3654,0,9,-325
3655,9,119,-115
3656,0,6,-222
3657,0,6,-157
3658,0,6,-302
3659,3,39,-165
3660,0,14,-274
3661,13,184,-58
3662,2,32,-105
3663,0,9,-236
3664,0,6,-206
3665,0,6,-317
3666,0,6,-197
3667,14,97,92
3668,2,27,-175
3669,5,44,82
3670,0,6,-164
3671,0,6,-309
3672,3,34,-235
3673,2,31,-220
3674,2,27,-243
3675,1,16,-246
3676,1,19,-225
3677,1,36,-204
3678,2,33,-171
3679,8,65,-194
3680,0,6,-172
3681,2,35,-107
3682,0,6,-213
3683,0,7,-203
3684,0,7,-206
3685,4,44,-149
3686,18,134,220
3687,0,5,-216
3688,0,6,-197
3689,0,8,-228
3690,0,6,-204
3691,0,10,-233
3692,15,168,-98
3693,4,37,22
3694,2,30,-223
3695,1,18,-167
3696,0,13,-200
3697,0,12,-207
3698,3,22,-184
3699,0,12,-225
3700,0,11,-297
3701,0,6,-174
3702,11,87,184
3703,10,103,162
3704,4,58,-107
3705,0,8,-217
3706,3,18,-201
3707,0,10,-235
3708,0,6,-294
3709,0,13,-198
3710,3,45,-150
3711,9,109,-190
3712,2,18,-107
3713,0,7,-214
3714,0,19,-205
3715,1,18,-356
3716,0,15,-99
3717,0,14,-276
3718,1,8,-194
3719,0,8,-224
3720,5,56,-130
3721,0,8,-301
3722,0,8,-226
3723,0,6,-164
3724,2,47,-167
3725,0,8,-307
3726,9,71,143
3727,0,53,-430
3728,0,6,-272
3729,3,37,-127
3730,5,78,-53
3731,0,10,-248
3732,0,6,-215
3733,3,29,-291
3734,4,40,-132
3735,4,51,27
3736,0,6,-269
3737,1,19,-269
3738,0,6,-270
3739,1,13,-196
3740,0,6,-209
3741,4,60,-151
3742,1,22,-141
3743,0,7,-223
3744,0,7,-244
3745,6,67,-8
3746,0,14,-136
3747,1,17,-189
3748,1,20,-161
3749,5,45,-144
3750,0,6,-165
3751,7,70,-53
3752,2,16,-166
3753,0,7,-206
3754,2,28,-191
3755,16,188,-57
3756,0,12,-200
3757,9,82,-195
3758,0,8,-306
3759,0,7,-320
3760,0,4,-276
3761,0,59,-328
3762,10,60,-91
3763,7,66,-19
3764,3,35,99
3765,12,93,-10
3766,0,6,-166
3767,4,69,-118
3768,2,36,-338
3769,8,80,43
3770,0,6,-241
3771,0,8,-211
3772,1,27,-239
3773,0,16,-299
3774,12,123,-196
3775,5,79,-300
3776,1,31,-258
3777,6,80,-234
3778,0,14,-291
3779,1,28,-283
3780,1,28,-321
3781,0,14,-216
3782,2,29,-104
3783,3,55,-179
3784,0,6,-215
3785,0,6,-206
3786,0,8,-214
3787,0,6,-206
3788,0,7,-242
3789,0,6,-329
3790,0,8,-312
3791,1,5,-319
3792,0,7,-223
3793,7,88,-71
3794,0,6,-294
3795,0,6,-294
3796,1,20,-237
3797,0,8,-249
3798,0,7,-312
3799,6,56,-159
3800,14,120,-250
3801,0,6,-167
3802,1,29,-280
3803,0,7,-276
3804,5,119,-174
3805,8,58,-3
3806,0,34,-262
3807,0,7,-214
3808,1,48,-276
3809,0,8,-222
3810,6,30,-33
3811,1,22,-258
3812,0,7,-257
3813,2,30,-50
3814,0,8,-204
3815,0,9,-317
3816,0,6,-312
3817,2,41,-173
3818,0,8,-259
3819,6,80,-440
3820,1,24,-172
3821,11,126,-398
3822,0,6,-252
3823,1,17,-224
3824,8,127,-455
3825,0,6,-139
3826,1,25,-348
3827,12,143,-165
3828,1,18,-230
3829,0,8,-292
3830,2,29,-225
3831,0,9,-316
3832,6,65,-2
3833,3,39,-395
3834,0,7,-305
3835,2,32,-226
3836,7,66,-128
3837,6,58,-76
3838,0,6,-303
3839,0,7,-305
3840,4,40,-122
3841,0,13,-250
3842,3,33,-115
3843,0,6,-289
3844,1,16,-121
3845,3,26,-170
3846,0,24,-274
3847,7,63,60
3848,3,51,-135
3849,0,14,-265
3850,10,95,133
3851,0,13,-185
3852,3,43,-29
3853,1,25,-289
3854,0,43,-315
3855,0,6,-317
3856,1,18,-338
3857,0,6,-294
3858,0,6,-309
3859,0,6,-166
3860,0,6,-302
3861,2,29,-224
3862,2,31,-181
3863,2,24,-204
3864,7,98,196
3865,3,46,-195
3866,0,13,-368
3867,0,6,-302
3868,8,92,-253
3869,4,46,-145
3870,2,24,-146
3871,2,28,-102
3872,1,15,-244
3873,1,15,-150
3874,2,36,-314
3875,0,10,-318
3876,8,80,-24
3877,12,107,-255
3878,0,56,-293
3879,9,69,126
3880,3,40,-76
3881,1,15,-230
3882,4,41,-158
3883,15,175,-258
3884,2,25,-139
3885,1,19,-143
3886,0,5,-274
3887,2,24,-204
3888,0,6,-263
3889,0,7,-231
3890,1,18,-238
3891,3,41,-97
3892,1,42,-246
3893,4,36,-78
3894,9,89,-120
3895,7,68,-253
3896,0,8,-321
3897,0,17,-247
3898,2,32,-161
3899,1,19,-218
3900,0,7,-176
3901,1,19,-136
3902,7,64,-58
3903,0,6,-317
3904,4,50,-333
3905,0,6,-217
3906,0,9,-219
3907,0,6,-309
3908,3,45,-42
3909,0,6,-260
3910,7,76,-135
3911,3,31,-100
3912,2,25,-57
3913,0,6,-224
3914,3,37,-8
3915,0,9,-219
3916,1,66,-782
3917,2,35,-89
3918,0,9,-164
3919,10,145,-223
3920,8,110,-279
3921,1,19,-212
3922,1,21,-226
3923,2,22,-140
3924,0,6,-302
3925,9,91,-13
3926,3,39,-115
3927,3,40,-133
3928,0,6,-210
3929,0,6,-204
3930,0,6,-244
3931,5,52,-273
3932,1,25,-94
3933,3,54,-67
3934,4,57,-61
3935,3,53,39
3936,4,50,-364
3937,0,4,-282
3938,19,199,-292
3939,0,6,-192
3940,9,69,-146
3941,0,6,-311
3942,1,19,-242
3943,0,8,-312
3944,1,19,-208
3945,0,5,-311
3946,3,27,-232
3947,5,63,106
3948,2,34,-199
3949,5,87,-122
3950,1,15,-219
3951,0,6,-159
3952,2,38,-253
3953,8,88,2
3954,0,6,-317
3955,8,79,85
3956,0,6,-254
3957,0,7,-290
3958,0,8,-254
3959,0,8,-321
3960,0,30,-257
3961,3,32,-292
3962,0,6,-202
3963,0,6,-224
3964,0,16,-129
3965,6,36,-1
3966,0,8,-256
3967,1,16,-354
3968,0,8,-209
3969,3,33,-94
3970,6,46,75
3971,1,20,-276
3972,19,200,586
3973,2,20,-275
3974,5,71,111
3975,0,8,-265
3976,0,30,-373
3977,1,18,-145
3978,5,49,-12
3979,4,109,-478
3980,4,32,-146
3981,0,8,-214
3982,5,48,46
3983,0,17,-333
3984,0,14,-302
3985,0,6,-302
3986,17,200,87
3987,1,50,-192
3988,3,33,-250
3989,2,40,-323
3990,0,8,-161
3991,0,7,-263
3992,0,6,-214
3993,0,8,-232
3994,0,4,-185
3995,2,23,-234
3996,2,41,-109
3997,11,104,-110
3998,0,7,-200
3999,0,6,-208
4000,16,172,47
4001,4,31,-197
4002,10,138,79
4003,0,6,-225
4004,0,7,-311
4005,1,14,-227
4006,14,131,91
4007,0,7,-209
4008,5,53,-38
4009,0,13,-282
4010,6,78,-88
4011,0,7,-303
4012,5,46,-34
4013,7,91,20
4014,0,8,-172
4015,4,59,-43
4016,10,90,14
4017,8,106,147
4018,1,15,-158
4019,0,6,-262
4020,0,5,-316
4021,4,41,-89
4022,0,6,-149
4023,8,57,-61
4024,1,20,-248
4025,0,6,-294
4026,9,113,-175
4027,0,17,-286
4028,0,10,-300
4029,1,16,-347
4030,4,49,-44
4031,5,53,-80
4032,12,110,-249
4033,0,7,-328
4034,1,18,-255
4035,11,119,207
4036,3,54,-284
4037,4,44,-76
4038,4,105,-502
4039,1,17,-145
4040,1,25,-315
4041,0,6,-172
4042,0,8,-264
4043,3,32,-15
4044,0,8,-293
4045,0,6,-309
4046,1,20,-198
4047,0,15,-223
4048,0,21,-254
4049,3,42,-414
4050,4,43,-245
4051,2,19,-219
4052,2,26,-227
4053,0,5,-236
4054,0,14,-262
4055,1,20,-256
4056,0,6,-261
4057,0,44,-317
4058,3,37,-126
4059,1,22,-224
4060,9,64,-148
4061,0,47,-450
4062,0,13,-128
4063,0,8,-207
4064,0,16,-246
4065,0,6,-310
4066,1,24,-276
4067,1,16,-293
4068,0,6,-302
4069,2,33,-169
4070,0,19,-138
4071,0,6,-306
4072,0,6,-203
4073,8,75,36
4074,12,87,-26
4075,1,16,-262
4076,0,6,-302
4077,0,9,-220
4078,0,8,-246
4079,2,34,-328
4080,1,26,-257
4081,0,9,-187
4082,0,6,-302
4083,1,34,-104
4084,5,44,-111
4085,3,45,-145
4086,0,14,-163
4087,0,7,-215
4088,0,6,-202
4089,7,62,-178
4090,2,28,-293
4091,0,6,-197
4092,0,6,-311
4093,0,10,-234
4094,0,8,-321
4095,7,60,45
4096,5,69,-149
4097,4,36,-73
4098,0,8,-161
4099,4,36,-77
4100,6,76,-443
4101,1,28,-147
4102,1,19,-285
4103,12,130,139
4104,0,8,-329
4105,0,22,-373
4106,12,124,-78
4107,3,56,-373
4108,0,8,-198
4109,0,6,-213
4110,0,6,-310
4111,0,6,-309
4112,0,6,-205
4113,1,15,-286
4114,2,30,-114
4115,1,20,-279
4116,0,6,-310
4117,4,55,-85
4118,0,7,-215
4119,0,8,-314
4120,10,149,-224
4121,5,38,-3
4122,0,6,-212
4123,0,4,-190
4124,0,6,-302
4125,0,6,-216
4126,0,8,-148
4127,0,10,-180
4128,0,8,-161
4129,2,16,-200
4130,0,8,-159
4131,0,6,-204
4132,1,18,-214
4133,2,31,-95
4134,0,7,-216
4135,0,8,-167
4136,15,93,158
4137,2,27,-102
4138,0,8,-321
4139,0,8,-174
4140,0,6,-215
4141,0,6,-317
4142,0,8,-306
4143,3,29,-21
4144,0,14,-174
4145,12,103,118
4146,0,60,-324
4147,7,55,-75
4148,0,9,-323
4149,0,7,-224
4150,1,14,-276
4151,4,29,-174
4152,2,35,-44
4153,0,6,-289
4154,2,22,-365
4155,0,6,-172
4156,4,50,-142
4157,15,123,-108
4158,2,26,-296
4159,4,33,-125
4160,0,6,-247
4161,3,51,-49
4162,0,24,-262
4163,0,9,-205
4164,13,111,-32
4165,0,25,-248
4166,2,104,-179
4167,1,20,-179
4168,0,4,-203
4169,2,32,-136
4170,1,18,-264
4171,0,8,-298
4172,1,40,-151
4173,0,6,-309
4174,0,6,-199
4175,5,34,-75
4176,0,8,-259
4177,0,8,-224
4178,6,46,-46
4179,0,6,-249
4180,0,9,-307
4181,1,25,-177
4182,1,20,-249
4183,2,25,-206
4184,9,93,-218
4185,0,7,-245
4186,17,146,350
4187,0,23,-123
4188,0,5,-276
4189,7,62,-199
4190,3,33,-203
4191,0,6,-262
4192,18,152,-219
4193,13,87,227
4194,2,99,-236
4195,0,15,-241
4196,9,159,-141
4197,7,60,-279
4198,1,23,-127
4199,0,7,-249
4200,1,28,-261
4201,2,35,-51
4202,0,6,-212
4203,1,23,-215
4204,0,8,-218
4205,9,98,-134
4206,8,130,-260
4207,0,8,-227
4208,0,6,-146
4209,7,93,-22
4210,3,33,-175
4211,10,135,-98
4212,1,23,-192
4213,8,80,-67
4214,2,31,-100
4215,2,18,-225
4216,0,6,-317
4217,0,6,-309
4218,5,123,-535
4219,0,6,-157
4220,1,23,-198
4221,6,89,-52
4222,0,6,-165
4223,0,7,-305
4224,0,7,-221
4225,0,6,-309
4226,0,9,-155
4227,5,60,38
4228,6,113,-102
4229,0,100,-1077
4230,1,18,-215
4231,0,8,-217
4232,3,38,-47
4233,0,7,-315
4234,5,36,-48
4235,0,9,-189
4236,0,4,-282
4237,0,9,-178
4238,0,6,-225
4239,0,6,-302
4240,5,61,-139
4241,0,7,-188
4242,0,15,-272
4243,0,6,-166
4244,0,7,-311
4245,2,25,-154
4246,7,64,-111
4247,0,7,-221
4248,0,6,-157
4249,2,20,-217
4250,0,10,-165
4251,0,6,-199
4252,0,6,-204
4253,1,22,-264
4254,0,7,-312
4255,0,6,-310
4256,0,10,-323
4257,11,98,59
4258,4,37,-85
4259,0,14,-262
4260,0,18,-361
4261,2,20,-220
4262,14,143,483
4263,10,136,133
4264,0,8,-313
4265,1,21,-248
4266,2,26,-258
4267,2,31,-100
4268,4,33,-138
4269,1,23,-286
4270,0,6,-167
4271,7,65,-44
4272,2,21,-97
4273,1,16,-247
4274,1,24,-130
4275,7,43,-148
4276,0,15,-261
4277,3,30,-154
4278,0,6,-260
4279,0,7,-221
4280,0,9,-275
4281,7,72,12
4282,0,12,-240
4283,0,7,-263
4284,1,19,-139
4285,9,63,-74
4286,1,30,-421
4287,0,9,-227
4288,0,6,-224
4289,2,28,-219
4290,0,14,-301
4291,5,75,125
4292,0,6,-311
4293,0,6,-216
4294,0,7,-158
4295,0,6,-302
4296,2,30,-281
4297,0,20,-252
4298,0,7,-305
4299,5,62,-208
4300,0,6,-303
4301,0,6,-260
4302,0,10,-190
4303,0,6,-310
4304,0,10,-228
4305,0,26,-211
4306,3,63,-44
4307,1,22,-400
4308,3,33,-261
4309,2,22,-139
4310,4,51,-15
4311,1,27,-195
4312,0,6,-161
4313,9,128,49
4314,0,6,-141
4315,0,8,-205
4316,2,46,-189
4317,8,102,-291
4318,0,6,-309
4319,8,76,-66
4320,0,12,-246
4321,0,6,-206
4322,1,20,-254
4323,0,7,-164
4324,4,66,-85
4325,0,8,-298
4326,1,19,-275
4327,0,6,-208
4328,2,18,-165
4329,2,21,-127
4330,0,14,-145
4331,1,27,-234
4332,0,6,-194
4333,2,21,-59
4334,0,17,-177
4335,0,6,-202
4336,1,70,-366
4337,0,13,-143
4338,0,8,-224
4339,2,24,-93
4340,0,7,-156
4341,1,22,-77
4342,0,8,-306
4343,0,6,-165
4344,6,53,5
4345,8,89,-217
4346,3,43,-224
4347,3,21,-117
4348,3,22,-158
4349,0,6,-205
4350,14,133,20
4351,0,14,-176
4352,1,23,-26
4353,0,14,-291
4354,9,115,-12
4355,1,17,-358
4356,0,6,-225
4357,9,105,211
4358,0,15,-125
4359,1,18,-93
4360,5,77,-353
4361,10,83,33
4362,1,19,-220
4363,0,9,-325
4364,2,23,-292
4365,2,26,-190
4366,8,95,-424
4367,3,21,-198
4368,0,13,-252
4369,0,21,-363
4370,0,7,-310
4371,1,17,-138
4372,0,6,-202
4373,0,8,-314
4374,1,19,-265
4375,0,6,-294
4376,0,14,-312
4377,0,5,-176
4378,0,7,-298
4379,2,23,-209
4380,0,16,-246
4381,6,105,198
4382,12,125,-187
4383,0,7,-189
4384,0,8,-253
4385,0,13,-325
4386,3,29,-183
4387,11,91,15
4388,0,18,-316
4389,1,18,-209
4390,1,19,-64
4391,4,54,-378
4392,2,14,-196
4393,1,34,-34
4394,1,18,-245
4395,1,33,-355
4396,0,7,-215
4397,0,6,-153
4398,3,30,-269
4399,5,56,-501
4400,0,6,-254
4401,0,6,-206
4402,4,38,-162
4403,0,8,-156
4404,0,6,-230
4405,5,52,-222
4406,4,27,-11
4407,0,7,-297
4408,0,6,-317
4409,2,18,-220
4410,0,8,-217
4411,0,7,-216
4412,0,14,-275
4413,7,64,89
4414,5,57,-325
4415,5,41,-112
4416,1,32,-228
4417,13,108,259
4418,0,9,-210
4419,0,8,-192
4420,0,13,-271
4421,1,16,-218
4422,0,6,-310
4423,1,15,-128
4424,4,33,-177
4425,2,152,-402
4426,2,31,-85
4427,0,12,-215
4428,0,14,-124
4429,0,6,-187
4430,3,44,-237
4431,10,88,-218
4432,0,4,-177
4433,3,40,-210
4434,0,6,-310
4435,0,14,-364
4436,0,8,-161
4437,0,8,-314
4438,0,7,-224
4439,0,13,-223
4440,3,44,-191
4441,0,24,-327
4442,5,62,-101
4443,1,15,-130
4444,0,15,-182
4445,0,6,-204
4446,7,60,-80
4447,16,147,121
4448,0,6,-167
4449,0,13,-268
4450,2,21,-178
4451,3,36,-283
4452,1,25,-131
4453,0,11,-159
4454,8,91,-217
4455,2,20,-139
4456,3,33,-161
4457,5,91,-102
4458,3,41,-71
4459,0,9,-317
4460,1,15,-366
4461,0,8,-166
4462,2,19,-296
4463,1,35,-228
4464,2,55,-633
4465,0,6,-202
4466,6,70,-211
4467,11,95,239
4468,1,17,-185
4469,0,6,-261
4470,0,6,-204
4471,0,6,-212
4472,0,15,-233
4473,5,60,-279
4474,0,8,-203
4475,2,25,-371
4476,7,51,-52
4477,0,23,-153
4478,0,6,-289
4479,6,57,-64
4480,0,6,-210
4481,0,9,-209
4482,1,47,-355
4483,0,17,-150
4484,0,8,-159
4485,5,57,-77
4486,0,4,-180
4487,0,7,-305
4488,1,19,-248
4489,3,31,-23
4490,1,18,-174
4491,0,7,-250
4492,1,19,-244
4493,2,20,-253
4494,6,72,-5
4495,2,109,-484
4496,0,6,-317
4497,4,57,-36
4498,0,21,-290
4499,16,169,253
4500,0,6,-154
4501,0,6,-302
4502,0,6,-149
4503,0,13,-149
4504,10,119,-63
4505,3,22,-213
4506,3,33,-179
4507,0,6,-147
4508,5,50,-266
4509,0,8,-312
4510,5,38,117
4511,1,48,-429
4512,11,109,200
4513,3,42,-188
4514,1,17,-194
4515,1,29,-80
4516,1,15,-314
4517,0,8,-188
4518,2,20,-161
4519,0,6,-222
4520,0,102,-484
4521,1,17,-226
4522,0,8,-264
4523,0,8,-284
4524,2,20,-252
4525,0,6,-153
4526,2,26,-136
4527,3,36,-132
4528,3,38,-128
4529,0,10,-259
4530,4,73,-498
4531,4,41,-85
4532,1,15,-193
4533,0,7,-265
4534,0,6,-202
4535,1,23,-306
4536,4,56,-104
4537,6,36,-118
4538,12,119,3
4539,3,18,-54
4540,15,128,-42
4541,0,13,-116
4542,2,17,-190
4543,0,7,-312
4544,1,23,-226
4545,4,39,-191
4546,0,15,-279
4547,1,19,-227
4548,0,6,-322
4549,6,66,77
4550,14,106,232
4551,0,8,-304
4552,3,29,-135
4553,0,8,-314
4554,0,6,-204
4555,0,8,-296
4556,1,26,-213
4557,2,29,-88
4558,0,28,-241
4559,9,125,-113
4560,4,41,-208
4561,9,87,18
4562,1,23,-367
4563,5,57,15
4564,0,6,-204
4565,2,22,-222
4566,6,77,-134
4567,7,63,-129
4568,0,7,-165
4569,0,15,-112
4570,0,8,-203
4571,2,21,-169
4572,9,75,-64
4573,3,43,-170
4574,0,7,-303
4575,1,19,-324
4576,6,65,-417
4577,3,30,-146
4578,5,46,-100
4579,0,8,-306
4580,0,11,-313
4581,3,35,-185
4582,3,33,-1
4583,1,18,-349
4584,22,200,635
4585,2,22,-167
4586,5,25,-227
4587,0,6,-232
4588,1,27,-162
4589,0,46,-437
4590,1,28,-166
4591,0,6,-260
4592,0,7,-173
4593,3,53,-131
4594,1,16,-260
4595,0,8,-312
4596,1,17,-251
4597,2,30,-342
4598,4,39,-70
4599,1,26,-282
4600,0,6,-244
4601,5,51,-124
4602,0,14,-261
4603,0,10,-238
4604,4,41,-159
4605,1,25,-289
4606,3,25,-307
4607,2,20,-97
4608,0,6,-317
4609,0,19,-356
4610,3,44,-278
4611,5,52,-380
4612,0,8,-207
4613,4,52,-309
4614,5,55,-57
4615,1,22,-211
4616,1,16,-107
4617,6,66,55
4618,0,6,-151
4619,0,7,-178
4620,0,6,-212
4621,0,6,-216
4622,3,39,-150
4623,8,96,68
4624,1,16,-220
4625,4,49,-250
4626,0,6,-165
4627,0,6,-302
4628,0,8,-299
4629,1,18,-145
4630,1,24,-143
4631,3,34,-127
4632,3,23,-128
4633,0,6,-252
4634,15,110,159
4635,0,6,-317
4636,7,99,-182
4637,0,6,-310
4638,0,15,-268
4639,8,74,-104
4640,2,22,-76
4641,0,6,-294
4642,0,14,-276
4643,0,6,-312
4644,1,40,-333
4645,0,22,-154
4646,0,7,-255
4647,2,35,-97
4648,15,118,-7
4649,0,6,-270
4650,0,15,-270
4651,4,43,-120
4652,0,7,-245
4653,1,24,-216
4654,12,126,23
4655,0,8,-314
4656,0,6,-195
4657,4,40,-52
4658,10,72,-88
4659,0,17,-293
4660,0,8,-300
4661,0,7,-204
4662,2,25,-203
4663,8,86,43
4664,2,21,-195
4665,2,31,-136
4666,7,65,32
4667,1,26,-223
4668,0,13,-228
4669,2,29,-202
4670,0,6,-210
4671,0,6,-309
4672,3,42,-163
4673,1,17,-322
4674,8,62,-159
4675,0,6,-249
4676,0,6,-294
4677,1,17,-219
4678,3,39,-218
4679,5,85,-264
4680,7,65,-116
4681,0,16,-289
4682,0,13,-299
4683,0,8,-180
4684,5,52,153
4685,1,17,-238
4686,4,41,-59
4687,0,32,-385
4688,1,15,-194
4689,2,32,-129
4690,0,6,-302
4691,1,16,-183
4692,0,8,-178
4693,7,58,-16
4694,0,6,-165
4695,2,18,-176
4696,1,33,-307
4697,3,26,-292
4698,0,8,-234
4699,0,14,-154
4700,3,27,-96
4701,0,8,-313
4702,2,29,-167
4703,0,6,-294
4704,6,57,27
4705,7,63,-208
4706,1,17,-295
4707,0,6,-329
4708,0,6,-203
4709,0,8,-304
4710,4,55,-91
4711,2,18,-225
4712,1,19,-356
4713,0,10,-267
4714,9,68,151
4715,1,22,-232
4716,0,6,-302
4717,1,15,-184
4718,3,45,-124
4719,0,6,-329
4720,0,10,-208
4721,0,10,-273
4722,2,18,-96
4723,1,17,-313
4724,10,103,93
4725,4,54,-2
4726,1,23,-315
4727,3,33,-238
4728,10,163,-137
4729,2,28,-76
4730,0,6,-218
4731,1,17,-222
4732,0,6,-295
4733,4,49,-200
4734,3,37,-41
4735,0,8,-197
4736,0,8,-304
4737,11,109,65
4738,7,72,101
4739,1,26,-201
4740,3,57,-290
4741,0,8,-306
4742,4,100,-358
4743,4,26,-98
4744,2,18,-77
4745,0,6,-210
4746,6,41,-27
4747,0,6,-302
4748,0,6,-197
4749,2,23,-203
4750,1,17,-317
4751,0,52,-278
4752,0,14,-369
4753,0,6,-159
4754,9,69,165
4755,0,9,-243
4756,0,10,-336
4757,0,12,-325
4758,0,7,-176
4759,0,9,-195
4760,10,101,117
4761,0,6,-206
4762,2,27,-188
4763,0,13,-172
4764,0,8,-239
4765,8,101,91
4766,1,32,-154
4767,3,53,-176
4768,0,16,-241
4769,0,8,-156
4770,6,51,-84
4771,0,6,-155
4772,0,8,-227
4773,0,8,-312
4774,3,42,-241
4775,0,9,-257
4776,9,63,191
4777,0,12,-358
4778,0,6,-289
4779,2,72,-318
4780,0,7,-253
4781,0,14,-340
4782,0,6,-295
4783,0,13,-313
4784,1,18,-218
4785,0,6,-317
4786,3,40,11
4787,3,46,-141
4788,0,8,-306
4789,0,7,-212
4790,5,83,-541
4791,2,43,-164
4792,1,21,-430
4793,0,8,-199
4794,0,6,-294
4795,0,6,-294
4796,0,13,-153
4797,0,6,-205
4798,2,31,-223
4799,0,17,-211
4800,3,29,-241
4801,3,37,-150
4802,0,13,-127
4803,0,13,-161
4804,1,16,-265
4805,0,7,-275
4806,3,33,-243
4807,0,13,-211
4808,0,9,-224
4809,0,9,-277
4810,0,6,-206
4811,6,51,-164
4812,0,10,-214
4813,0,9,-179
4814,0,7,-208
4815,0,6,-302
4816,0,7,-311
4817,2,18,-196
4818,0,6,-289
4819,4,48,-241
4820,0,8,-178
4821,5,52,-355
4822,18,200,762
4823,0,35,-353
4824,8,120,12
4825,0,9,-226
4826,2,47,-322
4827,0,6,-148
4828,4,200,-381
4829,2,19,-252
4830,2,20,-93
4831,5,43,-184
4832,0,6,-302
4833,0,8,-266
4834,0,16,-301
4835,8,91,-39
4836,1,18,-238
4837,0,6,-154
4838,0,14,-248
4839,0,13,-354
4840,8,72,0
4841,0,7,-261
4842,6,78,-20
4843,0,6,-302
4844,0,6,-143
4845,0,6,-294
4846,0,7,-206
4847,5,60,-220
4848,2,27,-128
4849,13,115,-95
4850,19,191,123
4851,0,7,-255
4852,4,41,-132
4853,0,8,-247
4854,0,10,-211
4855,2,26,-81
4856,11,113,-2
4857,2,17,-220
4858,0,8,-314
4859,3,41,-158
4860,0,31,-301
4861,3,36,-180
4862,0,7,-219
4863,0,9,-278
4864,5,57,-132
4865,0,7,-266
4866,2,30,-287
4867,3,45,-169
4868,0,6,-205
4869,4,26,-224
4870,4,43,-90
4871,0,7,-215
4872,1,30,-140
4873,6,67,-115
4874,0,6,-194
4875,0,6,-197
4876,0,8,-208
4877,2,69,-283
4878,2,38,-238
4879,1,27,-266
4880,2,32,-85
4881,5,56,-135
4882,0,6,-159
4883,0,22,-324
4884,0,6,-294
4885,0,6,-202
4886,6,66,-12
4887,0,6,-212
4888,0,6,-206
4889,0,6,-154
4890,0,6,-217
4891,5,48,-216
4892,0,6,-294
4893,10,78,251
4894,0,9,-317
4895,2,22,-111
4896,9,75,150
4897,7,50,-78
4898,2,42,-163
4899,0,8,-157
4900,0,6,-146
4901,2,18,-371
4902,0,8,-304
4903,0,6,-309
4904,10,114,-32
4905,0,6,-159
4906,3,29,-94
4907,1,15,-142
4908,1,17,-264
4909,0,13,-198
4910,0,15,-170
4911,0,6,-302
4912,5,45,-55
4913,0,14,-364
4914,4,21,-165
4915,1,16,-200
4916,1,15,-173
4917,0,7,-223
4918,0,6,-213
4919,0,6,-220
4920,0,7,-223
4921,0,14,-198
4922,0,6,-194
4923,0,9,-277
4924,0,6,-232
4925,3,24,-84
4926,0,6,-310
4927,0,6,-294
4928,0,6,-310
4929,0,6,-194
4930,3,32,-121
4931,4,117,-427
4932,0,16,-301
4933,1,17,-183
4934,0,14,-169
4935,2,19,-97
4936,9,76,152
4937,0,7,-215
4938,5,75,-230
4939,17,200,82
4940,17,198,257
4941,0,9,-315
4942,0,6,-164
4943,0,6,-294
4944,0,8,-236
4945,0,15,-268
4946,0,6,-257
4947,0,6,-210
4948,1,22,-242
4949,23,200,570
4950,6,53,-48
4951,1,21,-187
4952,2,33,-200
4953,0,6,-204
4954,8,90,147
4955,0,6,-213
4956,2,27,-42
4957,1,18,-150
4958,3,46,-25
4959,10,104,-6
4960,0,6,-280
4961,0,4,-195
4962,0,10,-282
4963,3,30,-288
4964,0,9,-212
4965,0,16,-272
4966,7,75,60
4967,0,9,-198
4968,1,9,-185
4969,8,77,-173
4970,0,6,-302
4971,5,36,-89
4972,0,6,-208
4973,0,6,-157
4974,4,52,-5
4975,1,24,-263
4976,0,10,-247
4977,5,51,-171
4978,1,19,-189
4979,2,17,-185
4980,0,43,-330
4981,0,6,-155
4982,0,6,-310
4983,0,8,-314
4984,0,10,-171
4985,0,16,-254
4986,5,42,35
4987,1,16,-258
4988,0,6,-197
4989,0,15,-252
4990,1,17,-130
4991,0,5,-311
4992,0,8,-299
4993,0,7,-198
4994,4,48,-171
4995,0,7,-311
4996,6,61,60
4997,0,23,-286
4998,0,21,-162
4999,0,18,-229
5000,1,22,-319
